nrow,nfeatures,n_layers,neurons,p,opt_lr,opt_weight_decay,epochs,rss_kb,rss_mib
10,50,2,2,0.2,1e-05,1e-06,10,573104,559.67187500000000000000
18,50,2,2,0.2,1e-05,1e-06,10,551664,538.73437500000000000000
33,50,2,2,0.2,1e-05,1e-06,10,544176,531.42187500000000000000
61,50,2,2,0.2,1e-05,1e-06,10,559408,546.29687500000000000000
112,50,2,2,0.2,1e-05,1e-06,10,625680,611.01562500000000000000
206,50,2,2,0.2,1e-05,1e-06,10,648992,633.78125000000000000000
379,50,2,2,0.2,1e-05,1e-06,10,642752,627.68750000000000000000
695,50,2,2,0.2,1e-05,1e-06,10,650928,635.67187500000000000000
1274,50,2,2,0.2,1e-05,1e-06,10,656544,641.15625000000000000000
2335,50,2,2,0.2,1e-05,1e-06,10,661920,646.40625000000000000000
4281,50,2,2,0.2,1e-05,1e-06,10,653136,637.82812500000000000000
7847,50,2,2,0.2,1e-05,1e-06,10,634688,619.81250000000000000000
14384,50,2,2,0.2,1e-05,1e-06,10,673712,657.92187500000000000000
26366,50,2,2,0.2,1e-05,1e-06,10,723552,706.59375000000000000000
48329,50,2,2,0.2,1e-05,1e-06,10,746784,729.28125000000000000000
88586,50,2,2,0.2,1e-05,1e-06,10,683088,667.07812500000000000000
162377,50,2,2,0.2,1e-05,1e-06,10,648912,633.70312500000000000000
297635,50,2,2,0.2,1e-05,1e-06,10,766784,748.81250000000000000000
545559,50,2,2,0.2,1e-05,1e-06,10,796192,777.53125000000000000000
1e+06,50,2,2,0.2,1e-05,1e-06,10,794800,776.17187500000000000000
10,50,4,2,0.2,1e-05,1e-06,10,595632,581.67187500000000000000
18,50,4,2,0.2,1e-05,1e-06,10,604368,590.20312500000000000000
33,50,4,2,0.2,1e-05,1e-06,10,601376,587.28125000000000000000
61,50,4,2,0.2,1e-05,1e-06,10,621328,606.76562500000000000000
112,50,4,2,0.2,1e-05,1e-06,10,629296,614.54687500000000000000
206,50,4,2,0.2,1e-05,1e-06,10,644016,628.92187500000000000000
379,50,4,2,0.2,1e-05,1e-06,10,644336,629.23437500000000000000
1623776,50,2,2,0.2,1e-05,1e-06,10,748368,730.82812500000000000000
695,50,4,2,0.2,1e-05,1e-06,10,653616,638.29687500000000000000
1274,50,4,2,0.2,1e-05,1e-06,10,625888,611.21875000000000000000
2335,50,4,2,0.2,1e-05,1e-06,10,659408,643.95312500000000000000
4281,50,4,2,0.2,1e-05,1e-06,10,651200,635.93750000000000000000
7847,50,4,2,0.2,1e-05,1e-06,10,629536,614.78125000000000000000
14384,50,4,2,0.2,1e-05,1e-06,10,653472,638.15625000000000000000
26366,50,4,2,0.2,1e-05,1e-06,10,697360,681.01562500000000000000
48329,50,4,2,0.2,1e-05,1e-06,10,704240,687.73437500000000000000
88586,50,4,2,0.2,1e-05,1e-06,10,725808,708.79687500000000000000
162377,50,4,2,0.2,1e-05,1e-06,10,690144,673.96875000000000000000
297635,50,4,2,0.2,1e-05,1e-06,10,694816,678.53125000000000000000
545559,50,4,2,0.2,1e-05,1e-06,10,711744,695.06250000000000000000
1e+06,50,4,2,0.2,1e-05,1e-06,10,728176,711.10937500000000000000
10,50,8,2,0.2,1e-05,1e-06,10,615376,600.95312500000000000000
18,50,8,2,0.2,1e-05,1e-06,10,624448,609.81250000000000000000
33,50,8,2,0.2,1e-05,1e-06,10,631328,616.53125000000000000000
61,50,8,2,0.2,1e-05,1e-06,10,648368,633.17187500000000000000
112,50,8,2,0.2,1e-05,1e-06,10,645824,630.68750000000000000000
206,50,8,2,0.2,1e-05,1e-06,10,643280,628.20312500000000000000
379,50,8,2,0.2,1e-05,1e-06,10,655408,640.04687500000000000000
695,50,8,2,0.2,1e-05,1e-06,10,651856,636.57812500000000000000
1274,50,8,2,0.2,1e-05,1e-06,10,669296,653.60937500000000000000
2335,50,8,2,0.2,1e-05,1e-06,10,640160,625.15625000000000000000
4281,50,8,2,0.2,1e-05,1e-06,10,676144,660.29687500000000000000
7847,50,8,2,0.2,1e-05,1e-06,10,653248,637.93750000000000000000
14384,50,8,2,0.2,1e-05,1e-06,10,664432,648.85937500000000000000
26366,50,8,2,0.2,1e-05,1e-06,10,675024,659.20312500000000000000
48329,50,8,2,0.2,1e-05,1e-06,10,676096,660.25000000000000000000
88586,50,8,2,0.2,1e-05,1e-06,10,749600,732.03125000000000000000
162377,50,8,2,0.2,1e-05,1e-06,10,796048,777.39062500000000000000
297635,50,8,2,0.2,1e-05,1e-06,10,880592,859.95312500000000000000
545559,50,8,2,0.2,1e-05,1e-06,10,734976,717.75000000000000000000
1e+06,50,8,2,0.2,1e-05,1e-06,10,830768,811.29687500000000000000
10,50,16,2,0.2,1e-05,1e-06,10,641424,626.39062500000000000000
18,50,16,2,0.2,1e-05,1e-06,10,642176,627.12500000000000000000
33,50,16,2,0.2,1e-05,1e-06,10,647712,632.53125000000000000000
61,50,16,2,0.2,1e-05,1e-06,10,643248,628.17187500000000000000
112,50,16,2,0.2,1e-05,1e-06,10,653856,638.53125000000000000000
206,50,16,2,0.2,1e-05,1e-06,10,646224,631.07812500000000000000
379,50,16,2,0.2,1e-05,1e-06,10,666720,651.09375000000000000000
695,50,16,2,0.2,1e-05,1e-06,10,660480,645.00000000000000000000
1274,50,16,2,0.2,1e-05,1e-06,10,666624,651.00000000000000000000
2335,50,16,2,0.2,1e-05,1e-06,10,666512,650.89062500000000000000
4281,50,16,2,0.2,1e-05,1e-06,10,670064,654.35937500000000000000
7847,50,16,2,0.2,1e-05,1e-06,10,672144,656.39062500000000000000
14384,50,16,2,0.2,1e-05,1e-06,10,662352,646.82812500000000000000
26366,50,16,2,0.2,1e-05,1e-06,10,691824,675.60937500000000000000
48329,50,16,2,0.2,1e-05,1e-06,10,682256,666.26562500000000000000
88586,50,16,2,0.2,1e-05,1e-06,10,731920,714.76562500000000000000
162377,50,16,2,0.2,1e-05,1e-06,10,723456,706.50000000000000000000
297635,50,16,2,0.2,1e-05,1e-06,10,804944,786.07812500000000000000
545559,50,16,2,0.2,1e-05,1e-06,10,813504,794.43750000000000000000
1e+06,50,16,2,0.2,1e-05,1e-06,10,804112,785.26562500000000000000
10,50,2,4,0.2,1e-05,1e-06,10,596560,582.57812500000000000000
18,50,2,4,0.2,1e-05,1e-06,10,606688,592.46875000000000000000
33,50,2,4,0.2,1e-05,1e-06,10,609152,594.87500000000000000000
61,50,2,4,0.2,1e-05,1e-06,10,616464,602.01562500000000000000
112,50,2,4,0.2,1e-05,1e-06,10,618960,604.45312500000000000000
206,50,2,4,0.2,1e-05,1e-06,10,650496,635.25000000000000000000
379,50,2,4,0.2,1e-05,1e-06,10,661792,646.28125000000000000000
695,50,2,4,0.2,1e-05,1e-06,10,651824,636.54687500000000000000
1274,50,2,4,0.2,1e-05,1e-06,10,658176,642.75000000000000000000
2335,50,2,4,0.2,1e-05,1e-06,10,647040,631.87500000000000000000
4281,50,2,4,0.2,1e-05,1e-06,10,651440,636.17187500000000000000
7847,50,2,4,0.2,1e-05,1e-06,10,674464,658.65625000000000000000
14384,50,2,4,0.2,1e-05,1e-06,10,705392,688.85937500000000000000
26366,50,2,4,0.2,1e-05,1e-06,10,781216,762.90625000000000000000
48329,50,2,4,0.2,1e-05,1e-06,10,771856,753.76562500000000000000
88586,50,2,4,0.2,1e-05,1e-06,10,741200,723.82812500000000000000
162377,50,2,4,0.2,1e-05,1e-06,10,753456,735.79687500000000000000
297635,50,2,4,0.2,1e-05,1e-06,10,702816,686.34375000000000000000
545559,50,2,4,0.2,1e-05,1e-06,10,773504,755.37500000000000000000
1e+06,50,2,4,0.2,1e-05,1e-06,10,761824,743.96875000000000000000
10,50,4,4,0.2,1e-05,1e-06,10,599296,585.25000000000000000000
18,50,4,4,0.2,1e-05,1e-06,10,614448,600.04687500000000000000
33,50,4,4,0.2,1e-05,1e-06,10,561856,548.68750000000000000000
61,50,4,4,0.2,1e-05,1e-06,10,585424,571.70312500000000000000
112,50,4,4,0.2,1e-05,1e-06,10,632272,617.45312500000000000000
206,50,4,4,0.2,1e-05,1e-06,10,649648,634.42187500000000000000
379,50,4,4,0.2,1e-05,1e-06,10,649536,634.31250000000000000000
695,50,4,4,0.2,1e-05,1e-06,10,651072,635.81250000000000000000
1274,50,4,4,0.2,1e-05,1e-06,10,671248,655.51562500000000000000
2335,50,4,4,0.2,1e-05,1e-06,10,662752,647.21875000000000000000
4281,50,4,4,0.2,1e-05,1e-06,10,628000,613.28125000000000000000
7847,50,4,4,0.2,1e-05,1e-06,10,633024,618.18750000000000000000
14384,50,4,4,0.2,1e-05,1e-06,10,714752,698.00000000000000000000
26366,50,4,4,0.2,1e-05,1e-06,10,765904,747.95312500000000000000
48329,50,4,4,0.2,1e-05,1e-06,10,722464,705.53125000000000000000
88586,50,4,4,0.2,1e-05,1e-06,10,770976,752.90625000000000000000
162377,50,4,4,0.2,1e-05,1e-06,10,800288,781.53125000000000000000
297635,50,4,4,0.2,1e-05,1e-06,10,721296,704.39062500000000000000
545559,50,4,4,0.2,1e-05,1e-06,10,769088,751.06250000000000000000
1e+06,50,4,4,0.2,1e-05,1e-06,10,746576,729.07812500000000000000
10,50,8,4,0.2,1e-05,1e-06,10,615184,600.76562500000000000000
18,50,8,4,0.2,1e-05,1e-06,10,632784,617.95312500000000000000
33,50,8,4,0.2,1e-05,1e-06,10,620208,605.67187500000000000000
61,50,8,4,0.2,1e-05,1e-06,10,649504,634.28125000000000000000
112,50,8,4,0.2,1e-05,1e-06,10,661088,645.59375000000000000000
206,50,8,4,0.2,1e-05,1e-06,10,651168,635.90625000000000000000
379,50,8,4,0.2,1e-05,1e-06,10,644336,629.23437500000000000000
695,50,8,4,0.2,1e-05,1e-06,10,653200,637.89062500000000000000
1274,50,8,4,0.2,1e-05,1e-06,10,664384,648.81250000000000000000
2335,50,8,4,0.2,1e-05,1e-06,10,656832,641.43750000000000000000
4281,50,8,4,0.2,1e-05,1e-06,10,613904,599.51562500000000000000
7847,50,8,4,0.2,1e-05,1e-06,10,668160,652.50000000000000000000
14384,50,8,4,0.2,1e-05,1e-06,10,678416,662.51562500000000000000
26366,50,8,4,0.2,1e-05,1e-06,10,686608,670.51562500000000000000
48329,50,8,4,0.2,1e-05,1e-06,10,702784,686.31250000000000000000
88586,50,8,4,0.2,1e-05,1e-06,10,747584,730.06250000000000000000
162377,50,8,4,0.2,1e-05,1e-06,10,753760,736.09375000000000000000
297635,50,8,4,0.2,1e-05,1e-06,10,694528,678.25000000000000000000
545559,50,8,4,0.2,1e-05,1e-06,10,757040,739.29687500000000000000
1e+06,50,8,4,0.2,1e-05,1e-06,10,725264,708.26562500000000000000
10,50,16,4,0.2,1e-05,1e-06,10,600864,586.78125000000000000000
18,50,16,4,0.2,1e-05,1e-06,10,594816,580.87500000000000000000
33,50,16,4,0.2,1e-05,1e-06,10,598560,584.53125000000000000000
61,50,16,4,0.2,1e-05,1e-06,10,605056,590.87500000000000000000
112,50,16,4,0.2,1e-05,1e-06,10,607168,592.93750000000000000000
206,50,16,4,0.2,1e-05,1e-06,10,609072,594.79687500000000000000
379,50,16,4,0.2,1e-05,1e-06,10,601104,587.01562500000000000000
695,50,16,4,0.2,1e-05,1e-06,10,615408,600.98437500000000000000
1274,50,16,4,0.2,1e-05,1e-06,10,653232,637.92187500000000000000
2335,50,16,4,0.2,1e-05,1e-06,10,610208,595.90625000000000000000
4281,50,16,4,0.2,1e-05,1e-06,10,637888,622.93750000000000000000
7847,50,16,4,0.2,1e-05,1e-06,10,656592,641.20312500000000000000
14384,50,16,4,0.2,1e-05,1e-06,10,651616,636.34375000000000000000
26366,50,16,4,0.2,1e-05,1e-06,10,677792,661.90625000000000000000
48329,50,16,4,0.2,1e-05,1e-06,10,639200,624.21875000000000000000
88586,50,16,4,0.2,1e-05,1e-06,10,638048,623.09375000000000000000
162377,50,16,4,0.2,1e-05,1e-06,10,693648,677.39062500000000000000
297635,50,16,4,0.2,1e-05,1e-06,10,804064,785.21875000000000000000
545559,50,16,4,0.2,1e-05,1e-06,10,761792,743.93750000000000000000
1e+06,50,16,4,0.2,1e-05,1e-06,10,833392,813.85937500000000000000
10,50,2,8,0.2,1e-05,1e-06,10,626688,612.00000000000000000000
18,50,2,8,0.2,1e-05,1e-06,10,607408,593.17187500000000000000
33,50,2,8,0.2,1e-05,1e-06,10,589072,575.26562500000000000000
61,50,2,8,0.2,1e-05,1e-06,10,607024,592.79687500000000000000
112,50,2,8,0.2,1e-05,1e-06,10,622320,607.73437500000000000000
206,50,2,8,0.2,1e-05,1e-06,10,641664,626.62500000000000000000
379,50,2,8,0.2,1e-05,1e-06,10,665600,650.00000000000000000000
695,50,2,8,0.2,1e-05,1e-06,10,651952,636.67187500000000000000
1274,50,2,8,0.2,1e-05,1e-06,10,652400,637.10937500000000000000
2335,50,2,8,0.2,1e-05,1e-06,10,650320,635.07812500000000000000
4281,50,2,8,0.2,1e-05,1e-06,10,651056,635.79687500000000000000
7847,50,2,8,0.2,1e-05,1e-06,10,693776,677.51562500000000000000
14384,50,2,8,0.2,1e-05,1e-06,10,695888,679.57812500000000000000
26366,50,2,8,0.2,1e-05,1e-06,10,765936,747.98437500000000000000
48329,50,2,8,0.2,1e-05,1e-06,10,766976,749.00000000000000000000
88586,50,2,8,0.2,1e-05,1e-06,10,707616,691.03125000000000000000
162377,50,2,8,0.2,1e-05,1e-06,10,638720,623.75000000000000000000
297635,50,2,8,0.2,1e-05,1e-06,10,716992,700.18750000000000000000
1e+06,50,2,8,0.2,1e-05,1e-06,10,775040,756.87500000000000000000
10,50,4,8,0.2,1e-05,1e-06,10,599696,585.64062500000000000000
18,50,4,8,0.2,1e-05,1e-06,10,612224,597.87500000000000000000
33,50,4,8,0.2,1e-05,1e-06,10,599552,585.50000000000000000000
61,50,4,8,0.2,1e-05,1e-06,10,615232,600.81250000000000000000
112,50,4,8,0.2,1e-05,1e-06,10,632896,618.06250000000000000000
206,50,4,8,0.2,1e-05,1e-06,10,646640,631.48437500000000000000
379,50,4,8,0.2,1e-05,1e-06,10,654432,639.09375000000000000000
695,50,4,8,0.2,1e-05,1e-06,10,652144,636.85937500000000000000
1274,50,4,8,0.2,1e-05,1e-06,10,617632,603.15625000000000000000
2335,50,4,8,0.2,1e-05,1e-06,10,643232,628.15625000000000000000
4281,50,4,8,0.2,1e-05,1e-06,10,669920,654.21875000000000000000
7847,50,4,8,0.2,1e-05,1e-06,10,637008,622.07812500000000000000
14384,50,4,8,0.2,1e-05,1e-06,10,656192,640.81250000000000000000
26366,50,4,8,0.2,1e-05,1e-06,10,673056,657.28125000000000000000
48329,50,4,8,0.2,1e-05,1e-06,10,707328,690.75000000000000000000
88586,50,4,8,0.2,1e-05,1e-06,10,723216,706.26562500000000000000
162377,50,4,8,0.2,1e-05,1e-06,10,737600,720.31250000000000000000
297635,50,4,8,0.2,1e-05,1e-06,10,667136,651.50000000000000000000
545559,50,4,8,0.2,1e-05,1e-06,10,742464,725.06250000000000000000
1e+06,50,4,8,0.2,1e-05,1e-06,10,754656,736.96875000000000000000
10,50,8,8,0.2,1e-05,1e-06,10,585072,571.35937500000000000000
18,50,8,8,0.2,1e-05,1e-06,10,573568,560.12500000000000000000
33,50,8,8,0.2,1e-05,1e-06,10,622400,607.81250000000000000000
61,50,8,8,0.2,1e-05,1e-06,10,646688,631.53125000000000000000
112,50,8,8,0.2,1e-05,1e-06,10,648560,633.35937500000000000000
206,50,8,8,0.2,1e-05,1e-06,10,648000,632.81250000000000000000
379,50,8,8,0.2,1e-05,1e-06,10,644752,629.64062500000000000000
695,50,8,8,0.2,1e-05,1e-06,10,651776,636.50000000000000000000
1274,50,8,8,0.2,1e-05,1e-06,10,662048,646.53125000000000000000
2335,50,8,8,0.2,1e-05,1e-06,10,666688,651.06250000000000000000
4281,50,8,8,0.2,1e-05,1e-06,10,670416,654.70312500000000000000
7847,50,8,8,0.2,1e-05,1e-06,10,658848,643.40625000000000000000
14384,50,8,8,0.2,1e-05,1e-06,10,646368,631.21875000000000000000
26366,50,8,8,0.2,1e-05,1e-06,10,683024,667.01562500000000000000
48329,50,8,8,0.2,1e-05,1e-06,10,694560,678.28125000000000000000
88586,50,8,8,0.2,1e-05,1e-06,10,728560,711.48437500000000000000
162377,50,8,8,0.2,1e-05,1e-06,10,811136,792.12500000000000000000
297635,50,8,8,0.2,1e-05,1e-06,10,797008,778.32812500000000000000
545559,50,8,8,0.2,1e-05,1e-06,10,755120,737.42187500000000000000
1e+06,50,8,8,0.2,1e-05,1e-06,10,753648,735.98437500000000000000
10,50,16,8,0.2,1e-05,1e-06,10,636640,621.71875000000000000000
18,50,16,8,0.2,1e-05,1e-06,10,597456,583.45312500000000000000
33,50,16,8,0.2,1e-05,1e-06,10,639904,624.90625000000000000000
61,50,16,8,0.2,1e-05,1e-06,10,590320,576.48437500000000000000
112,50,16,8,0.2,1e-05,1e-06,10,585568,571.84375000000000000000
206,50,16,8,0.2,1e-05,1e-06,10,594256,580.32812500000000000000
379,50,16,8,0.2,1e-05,1e-06,10,601168,587.07812500000000000000
695,50,16,8,0.2,1e-05,1e-06,10,589344,575.53125000000000000000
1274,50,16,8,0.2,1e-05,1e-06,10,594336,580.40625000000000000000
2335,50,16,8,0.2,1e-05,1e-06,10,648848,633.64062500000000000000
4281,50,16,8,0.2,1e-05,1e-06,10,634224,619.35937500000000000000
7847,50,16,8,0.2,1e-05,1e-06,10,638752,623.78125000000000000000
14384,50,16,8,0.2,1e-05,1e-06,10,630736,615.95312500000000000000
26366,50,16,8,0.2,1e-05,1e-06,10,638896,623.92187500000000000000
48329,50,16,8,0.2,1e-05,1e-06,10,621376,606.81250000000000000000
88586,50,16,8,0.2,1e-05,1e-06,10,654144,638.81250000000000000000
162377,50,16,8,0.2,1e-05,1e-06,10,687440,671.32812500000000000000
297635,50,16,8,0.2,1e-05,1e-06,10,751504,733.89062500000000000000
545559,50,16,8,0.2,1e-05,1e-06,10,744064,726.62500000000000000000
1e+06,50,16,8,0.2,1e-05,1e-06,10,739888,722.54687500000000000000
10,50,2,16,0.2,1e-05,1e-06,10,589152,575.34375000000000000000
18,50,2,16,0.2,1e-05,1e-06,10,592688,578.79687500000000000000
33,50,2,16,0.2,1e-05,1e-06,10,589456,575.64062500000000000000
61,50,2,16,0.2,1e-05,1e-06,10,613344,598.96875000000000000000
112,50,2,16,0.2,1e-05,1e-06,10,619312,604.79687500000000000000
206,50,2,16,0.2,1e-05,1e-06,10,652256,636.96875000000000000000
379,50,2,16,0.2,1e-05,1e-06,10,643328,628.25000000000000000000
695,50,2,16,0.2,1e-05,1e-06,10,647088,631.92187500000000000000
1274,50,2,16,0.2,1e-05,1e-06,10,646160,631.01562500000000000000
2335,50,2,16,0.2,1e-05,1e-06,10,636816,621.89062500000000000000
4281,50,2,16,0.2,1e-05,1e-06,10,640720,625.70312500000000000000
7847,50,2,16,0.2,1e-05,1e-06,10,661104,645.60937500000000000000
14384,50,2,16,0.2,1e-05,1e-06,10,692624,676.39062500000000000000
26366,50,2,16,0.2,1e-05,1e-06,10,771552,753.46875000000000000000
48329,50,2,16,0.2,1e-05,1e-06,10,747568,730.04687500000000000000
88586,50,2,16,0.2,1e-05,1e-06,10,723008,706.06250000000000000000
162377,50,2,16,0.2,1e-05,1e-06,10,687328,671.21875000000000000000
297635,50,2,16,0.2,1e-05,1e-06,10,747856,730.32812500000000000000
545559,50,2,16,0.2,1e-05,1e-06,10,855664,835.60937500000000000000
1e+06,50,2,16,0.2,1e-05,1e-06,10,748688,731.14062500000000000000
10,50,4,16,0.2,1e-05,1e-06,10,603536,589.39062500000000000000
18,50,4,16,0.2,1e-05,1e-06,10,604944,590.76562500000000000000
33,50,4,16,0.2,1e-05,1e-06,10,555232,542.21875000000000000000
61,50,4,16,0.2,1e-05,1e-06,10,589232,575.42187500000000000000
112,50,4,16,0.2,1e-05,1e-06,10,633360,618.51562500000000000000
206,50,4,16,0.2,1e-05,1e-06,10,650416,635.17187500000000000000
379,50,4,16,0.2,1e-05,1e-06,10,647792,632.60937500000000000000
695,50,4,16,0.2,1e-05,1e-06,10,653008,637.70312500000000000000
1274,50,4,16,0.2,1e-05,1e-06,10,652464,637.17187500000000000000
2335,50,4,16,0.2,1e-05,1e-06,10,639376,624.39062500000000000000
4281,50,4,16,0.2,1e-05,1e-06,10,664384,648.81250000000000000000
7847,50,4,16,0.2,1e-05,1e-06,10,665984,650.37500000000000000000
14384,50,4,16,0.2,1e-05,1e-06,10,684528,668.48437500000000000000
26366,50,4,16,0.2,1e-05,1e-06,10,716496,699.70312500000000000000
48329,50,4,16,0.2,1e-05,1e-06,10,701616,685.17187500000000000000
88586,50,4,16,0.2,1e-05,1e-06,10,719376,702.51562500000000000000
162377,50,4,16,0.2,1e-05,1e-06,10,748480,730.93750000000000000000
297635,50,4,16,0.2,1e-05,1e-06,10,701808,685.35937500000000000000
545559,50,4,16,0.2,1e-05,1e-06,10,777584,759.35937500000000000000
1e+06,50,4,16,0.2,1e-05,1e-06,10,755824,738.10937500000000000000
10,50,8,16,0.2,1e-05,1e-06,10,615232,600.81250000000000000000
18,50,8,16,0.2,1e-05,1e-06,10,621184,606.62500000000000000000
33,50,8,16,0.2,1e-05,1e-06,10,619424,604.90625000000000000000
61,50,8,16,0.2,1e-05,1e-06,10,643056,627.98437500000000000000
112,50,8,16,0.2,1e-05,1e-06,10,643920,628.82812500000000000000
206,50,8,16,0.2,1e-05,1e-06,10,618320,603.82812500000000000000
379,50,8,16,0.2,1e-05,1e-06,10,648816,633.60937500000000000000
695,50,8,16,0.2,1e-05,1e-06,10,605744,591.54687500000000000000
1274,50,8,16,0.2,1e-05,1e-06,10,655008,639.65625000000000000000
2335,50,8,16,0.2,1e-05,1e-06,10,660864,645.37500000000000000000
4281,50,8,16,0.2,1e-05,1e-06,10,673408,657.62500000000000000000
7847,50,8,16,0.2,1e-05,1e-06,10,676672,660.81250000000000000000
14384,50,8,16,0.2,1e-05,1e-06,10,720736,703.84375000000000000000
26366,50,8,16,0.2,1e-05,1e-06,10,668384,652.71875000000000000000
48329,50,8,16,0.2,1e-05,1e-06,10,697536,681.18750000000000000000
88586,50,8,16,0.2,1e-05,1e-06,10,751584,733.96875000000000000000
162377,50,8,16,0.2,1e-05,1e-06,10,734512,717.29687500000000000000
297635,50,8,16,0.2,1e-05,1e-06,10,665184,649.59375000000000000000
545559,50,8,16,0.2,1e-05,1e-06,10,802384,783.57812500000000000000
1e+06,50,8,16,0.2,1e-05,1e-06,10,840832,821.12500000000000000000
10,50,16,16,0.2,1e-05,1e-06,10,636400,621.48437500000000000000
18,50,16,16,0.2,1e-05,1e-06,10,643200,628.12500000000000000000
33,50,16,16,0.2,1e-05,1e-06,10,638048,623.09375000000000000000
61,50,16,16,0.2,1e-05,1e-06,10,652560,637.26562500000000000000
112,50,16,16,0.2,1e-05,1e-06,10,650032,634.79687500000000000000
206,50,16,16,0.2,1e-05,1e-06,10,641120,626.09375000000000000000
379,50,16,16,0.2,1e-05,1e-06,10,653648,638.32812500000000000000
695,50,16,16,0.2,1e-05,1e-06,10,643936,628.84375000000000000000
1274,50,16,16,0.2,1e-05,1e-06,10,654064,638.73437500000000000000
2335,50,16,16,0.2,1e-05,1e-06,10,660720,645.23437500000000000000
4281,50,16,16,0.2,1e-05,1e-06,10,661184,645.68750000000000000000
7847,50,16,16,0.2,1e-05,1e-06,10,669904,654.20312500000000000000
14384,50,16,16,0.2,1e-05,1e-06,10,693824,677.56250000000000000000
26366,50,16,16,0.2,1e-05,1e-06,10,751920,734.29687500000000000000
48329,50,16,16,0.2,1e-05,1e-06,10,715616,698.84375000000000000000
88586,50,16,16,0.2,1e-05,1e-06,10,764944,747.01562500000000000000
162377,50,16,16,0.2,1e-05,1e-06,10,826480,807.10937500000000000000
297635,50,16,16,0.2,1e-05,1e-06,10,937424,915.45312500000000000000
545559,50,16,16,0.2,1e-05,1e-06,10,866176,845.87500000000000000000
1e+06,50,16,16,0.2,1e-05,1e-06,10,801632,782.84375000000000000000
10,50,2,32,0.2,1e-05,1e-06,10,600768,586.68750000000000000000
18,50,2,32,0.2,1e-05,1e-06,10,597856,583.84375000000000000000
33,50,2,32,0.2,1e-05,1e-06,10,590864,577.01562500000000000000
61,50,2,32,0.2,1e-05,1e-06,10,611232,596.90625000000000000000
112,50,2,32,0.2,1e-05,1e-06,10,614496,600.09375000000000000000
206,50,2,32,0.2,1e-05,1e-06,10,655232,639.87500000000000000000
379,50,2,32,0.2,1e-05,1e-06,10,644080,628.98437500000000000000
695,50,2,32,0.2,1e-05,1e-06,10,648288,633.09375000000000000000
1274,50,2,32,0.2,1e-05,1e-06,10,655808,640.43750000000000000000
2335,50,2,32,0.2,1e-05,1e-06,10,658496,643.06250000000000000000
4281,50,2,32,0.2,1e-05,1e-06,10,661232,645.73437500000000000000
7847,50,2,32,0.2,1e-05,1e-06,10,677616,661.73437500000000000000
14384,50,2,32,0.2,1e-05,1e-06,10,724064,707.09375000000000000000
26366,50,2,32,0.2,1e-05,1e-06,10,787952,769.48437500000000000000
48329,50,2,32,0.2,1e-05,1e-06,10,795824,777.17187500000000000000
88586,50,2,32,0.2,1e-05,1e-06,10,820592,801.35937500000000000000
162377,50,2,32,0.2,1e-05,1e-06,10,788384,769.90625000000000000000
297635,50,2,32,0.2,1e-05,1e-06,10,780352,762.06250000000000000000
545559,50,2,32,0.2,1e-05,1e-06,10,816176,797.04687500000000000000
1e+06,50,2,32,0.2,1e-05,1e-06,10,805408,786.53125000000000000000
10,50,4,32,0.2,1e-05,1e-06,10,592528,578.64062500000000000000
18,50,4,32,0.2,1e-05,1e-06,10,612848,598.48437500000000000000
33,50,4,32,0.2,1e-05,1e-06,10,610176,595.87500000000000000000
61,50,4,32,0.2,1e-05,1e-06,10,625024,610.37500000000000000000
112,50,4,32,0.2,1e-05,1e-06,10,634672,619.79687500000000000000
206,50,4,32,0.2,1e-05,1e-06,10,647840,632.65625000000000000000
379,50,4,32,0.2,1e-05,1e-06,10,644288,629.18750000000000000000
695,50,4,32,0.2,1e-05,1e-06,10,649744,634.51562500000000000000
1274,50,4,32,0.2,1e-05,1e-06,10,663328,647.78125000000000000000
2335,50,4,32,0.2,1e-05,1e-06,10,663024,647.48437500000000000000
4281,50,4,32,0.2,1e-05,1e-06,10,672176,656.42187500000000000000
7847,50,4,32,0.2,1e-05,1e-06,10,668144,652.48437500000000000000
14384,50,4,32,0.2,1e-05,1e-06,10,710816,694.15625000000000000000
26366,50,4,32,0.2,1e-05,1e-06,10,756304,738.57812500000000000000
48329,50,4,32,0.2,1e-05,1e-06,10,776544,758.34375000000000000000
88586,50,4,32,0.2,1e-05,1e-06,10,859968,839.81250000000000000000
162377,50,4,32,0.2,1e-05,1e-06,10,814976,795.87500000000000000000
297635,50,4,32,0.2,1e-05,1e-06,10,864208,843.95312500000000000000
545559,50,4,32,0.2,1e-05,1e-06,10,820576,801.34375000000000000000
1e+06,50,4,32,0.2,1e-05,1e-06,10,820304,801.07812500000000000000
10,50,8,32,0.2,1e-05,1e-06,10,616192,601.75000000000000000000
18,50,8,32,0.2,1e-05,1e-06,10,619200,604.68750000000000000000
33,50,8,32,0.2,1e-05,1e-06,10,615920,601.48437500000000000000
61,50,8,32,0.2,1e-05,1e-06,10,665680,650.07812500000000000000
112,50,8,32,0.2,1e-05,1e-06,10,650752,635.50000000000000000000
206,50,8,32,0.2,1e-05,1e-06,10,651664,636.39062500000000000000
379,50,8,32,0.2,1e-05,1e-06,10,650432,635.18750000000000000000
695,50,8,32,0.2,1e-05,1e-06,10,654272,638.93750000000000000000
1274,50,8,32,0.2,1e-05,1e-06,10,657632,642.21875000000000000000
2335,50,8,32,0.2,1e-05,1e-06,10,671392,655.65625000000000000000
4281,50,8,32,0.2,1e-05,1e-06,10,677984,662.09375000000000000000
7847,50,8,32,0.2,1e-05,1e-06,10,676672,660.81250000000000000000
14384,50,8,32,0.2,1e-05,1e-06,10,694128,677.85937500000000000000
26366,50,8,32,0.2,1e-05,1e-06,10,733568,716.37500000000000000000
48329,50,8,32,0.2,1e-05,1e-06,10,770928,752.85937500000000000000
88586,50,8,32,0.2,1e-05,1e-06,10,798176,779.46875000000000000000
162377,50,8,32,0.2,1e-05,1e-06,10,830352,810.89062500000000000000
297635,50,8,32,0.2,1e-05,1e-06,10,809296,790.32812500000000000000
545559,50,8,32,0.2,1e-05,1e-06,10,825840,806.48437500000000000000
1e+06,50,8,32,0.2,1e-05,1e-06,10,780032,761.75000000000000000000
10,50,16,32,0.2,1e-05,1e-06,10,645824,630.68750000000000000000
18,50,16,32,0.2,1e-05,1e-06,10,649264,634.04687500000000000000
33,50,16,32,0.2,1e-05,1e-06,10,638896,623.92187500000000000000
61,50,16,32,0.2,1e-05,1e-06,10,645536,630.40625000000000000000
112,50,16,32,0.2,1e-05,1e-06,10,655904,640.53125000000000000000
206,50,16,32,0.2,1e-05,1e-06,10,652448,637.15625000000000000000
379,50,16,32,0.2,1e-05,1e-06,10,649728,634.50000000000000000000
695,50,16,32,0.2,1e-05,1e-06,10,664992,649.40625000000000000000
1274,50,16,32,0.2,1e-05,1e-06,10,667120,651.48437500000000000000
2335,50,16,32,0.2,1e-05,1e-06,10,665104,649.51562500000000000000
4281,50,16,32,0.2,1e-05,1e-06,10,682240,666.25000000000000000000
7847,50,16,32,0.2,1e-05,1e-06,10,692368,676.14062500000000000000
14384,50,16,32,0.2,1e-05,1e-06,10,711152,694.48437500000000000000
26366,50,16,32,0.2,1e-05,1e-06,10,703040,686.56250000000000000000
48329,50,16,32,0.2,1e-05,1e-06,10,698736,682.35937500000000000000
88586,50,16,32,0.2,1e-05,1e-06,10,714064,697.32812500000000000000
162377,50,16,32,0.2,1e-05,1e-06,10,788896,770.40625000000000000000
297635,50,16,32,0.2,1e-05,1e-06,10,835568,815.98437500000000000000
545559,50,16,32,0.2,1e-05,1e-06,10,753184,735.53125000000000000000
1e+06,50,16,32,0.2,1e-05,1e-06,10,758992,741.20312500000000000000
10,50,2,64,0.2,1e-05,1e-06,10,587088,573.32812500000000000000
18,50,2,64,0.2,1e-05,1e-06,10,606976,592.75000000000000000000
33,50,2,64,0.2,1e-05,1e-06,10,601648,587.54687500000000000000
61,50,2,64,0.2,1e-05,1e-06,10,614304,599.90625000000000000000
112,50,2,64,0.2,1e-05,1e-06,10,646112,630.96875000000000000000
206,50,2,64,0.2,1e-05,1e-06,10,656432,641.04687500000000000000
379,50,2,64,0.2,1e-05,1e-06,10,652944,637.64062500000000000000
695,50,2,64,0.2,1e-05,1e-06,10,651856,636.57812500000000000000
1274,50,2,64,0.2,1e-05,1e-06,10,660816,645.32812500000000000000
2335,50,2,64,0.2,1e-05,1e-06,10,666800,651.17187500000000000000
4281,50,2,64,0.2,1e-05,1e-06,10,636336,621.42187500000000000000
7847,50,2,64,0.2,1e-05,1e-06,10,685360,669.29687500000000000000
14384,50,2,64,0.2,1e-05,1e-06,10,739024,721.70312500000000000000
26366,50,2,64,0.2,1e-05,1e-06,10,775664,757.48437500000000000000
48329,50,2,64,0.2,1e-05,1e-06,10,777776,759.54687500000000000000
88586,50,2,64,0.2,1e-05,1e-06,10,774224,756.07812500000000000000
162377,50,2,64,0.2,1e-05,1e-06,10,653008,637.70312500000000000000
297635,50,2,64,0.2,1e-05,1e-06,10,726704,709.67187500000000000000
545559,50,2,64,0.2,1e-05,1e-06,10,751584,733.96875000000000000000
1e+06,50,2,64,0.2,1e-05,1e-06,10,716144,699.35937500000000000000
10,50,4,64,0.2,1e-05,1e-06,10,595104,581.15625000000000000000
18,50,4,64,0.2,1e-05,1e-06,10,610176,595.87500000000000000000
33,50,4,64,0.2,1e-05,1e-06,10,611312,596.98437500000000000000
61,50,4,64,0.2,1e-05,1e-06,10,576432,562.92187500000000000000
112,50,4,64,0.2,1e-05,1e-06,10,588608,574.81250000000000000000
206,50,4,64,0.2,1e-05,1e-06,10,656272,640.89062500000000000000
379,50,4,64,0.2,1e-05,1e-06,10,655568,640.20312500000000000000
695,50,4,64,0.2,1e-05,1e-06,10,657664,642.25000000000000000000
1274,50,4,64,0.2,1e-05,1e-06,10,670384,654.67187500000000000000
2335,50,4,64,0.2,1e-05,1e-06,10,671312,655.57812500000000000000
4281,50,4,64,0.2,1e-05,1e-06,10,638224,623.26562500000000000000
7847,50,4,64,0.2,1e-05,1e-06,10,640016,625.01562500000000000000
14384,50,4,64,0.2,1e-05,1e-06,10,670448,654.73437500000000000000
26366,50,4,64,0.2,1e-05,1e-06,10,717168,700.35937500000000000000
48329,50,4,64,0.2,1e-05,1e-06,10,755376,737.67187500000000000000
88586,50,4,64,0.2,1e-05,1e-06,10,705264,688.73437500000000000000
162377,50,4,64,0.2,1e-05,1e-06,10,767104,749.12500000000000000000
297635,50,4,64,0.2,1e-05,1e-06,10,734928,717.70312500000000000000
545559,50,4,64,0.2,1e-05,1e-06,10,760528,742.70312500000000000000
1e+06,50,4,64,0.2,1e-05,1e-06,10,723152,706.20312500000000000000
10,50,8,64,0.2,1e-05,1e-06,10,620528,605.98437500000000000000
18,50,8,64,0.2,1e-05,1e-06,10,621040,606.48437500000000000000
33,50,8,64,0.2,1e-05,1e-06,10,621008,606.45312500000000000000
61,50,8,64,0.2,1e-05,1e-06,10,647024,631.85937500000000000000
112,50,8,64,0.2,1e-05,1e-06,10,660688,645.20312500000000000000
206,50,8,64,0.2,1e-05,1e-06,10,656032,640.65625000000000000000
379,50,8,64,0.2,1e-05,1e-06,10,650752,635.50000000000000000000
695,50,8,64,0.2,1e-05,1e-06,10,668288,652.62500000000000000000
1274,50,8,64,0.2,1e-05,1e-06,10,653632,638.31250000000000000000
2335,50,8,64,0.2,1e-05,1e-06,10,683600,667.57812500000000000000
4281,50,8,64,0.2,1e-05,1e-06,10,681632,665.65625000000000000000
7847,50,8,64,0.2,1e-05,1e-06,10,684720,668.67187500000000000000
14384,50,8,64,0.2,1e-05,1e-06,10,682256,666.26562500000000000000
26366,50,8,64,0.2,1e-05,1e-06,10,711376,694.70312500000000000000
48329,50,8,64,0.2,1e-05,1e-06,10,733552,716.35937500000000000000
88586,50,8,64,0.2,1e-05,1e-06,10,768640,750.62500000000000000000
162377,50,8,64,0.2,1e-05,1e-06,10,814896,795.79687500000000000000
297635,50,8,64,0.2,1e-05,1e-06,10,824416,805.09375000000000000000
545559,50,8,64,0.2,1e-05,1e-06,10,784304,765.92187500000000000000
1e+06,50,8,64,0.2,1e-05,1e-06,10,752288,734.65625000000000000000
10,50,16,64,0.2,1e-05,1e-06,10,637376,622.43750000000000000000
18,50,16,64,0.2,1e-05,1e-06,10,657392,641.98437500000000000000
33,50,16,64,0.2,1e-05,1e-06,10,638048,623.09375000000000000000
61,50,16,64,0.2,1e-05,1e-06,10,648976,633.76562500000000000000
112,50,16,64,0.2,1e-05,1e-06,10,645936,630.79687500000000000000
206,50,16,64,0.2,1e-05,1e-06,10,662208,646.68750000000000000000
379,50,16,64,0.2,1e-05,1e-06,10,671072,655.34375000000000000000
695,50,16,64,0.2,1e-05,1e-06,10,672752,656.98437500000000000000
1274,50,16,64,0.2,1e-05,1e-06,10,679440,663.51562500000000000000
2335,50,16,64,0.2,1e-05,1e-06,10,690256,674.07812500000000000000
4281,50,16,64,0.2,1e-05,1e-06,10,646976,631.81250000000000000000
7847,50,16,64,0.2,1e-05,1e-06,10,675792,659.95312500000000000000
14384,50,16,64,0.2,1e-05,1e-06,10,657104,641.70312500000000000000
26366,50,16,64,0.2,1e-05,1e-06,10,667040,651.40625000000000000000
48329,50,16,64,0.2,1e-05,1e-06,10,689744,673.57812500000000000000
88586,50,16,64,0.2,1e-05,1e-06,10,731088,713.95312500000000000000
162377,50,16,64,0.2,1e-05,1e-06,10,762496,744.62500000000000000000
297635,50,16,64,0.2,1e-05,1e-06,10,849056,829.15625000000000000000
545559,50,16,64,0.2,1e-05,1e-06,10,767104,749.12500000000000000000
1e+06,50,16,64,0.2,1e-05,1e-06,10,790592,772.06250000000000000000
10,50,2,128,0.2,1e-05,1e-06,10,558624,545.53125000000000000000
18,50,2,128,0.2,1e-05,1e-06,10,587120,573.35937500000000000000
33,50,2,128,0.2,1e-05,1e-06,10,544656,531.89062500000000000000
61,50,2,128,0.2,1e-05,1e-06,10,575440,561.95312500000000000000
112,50,2,128,0.2,1e-05,1e-06,10,568640,555.31250000000000000000
206,50,2,128,0.2,1e-05,1e-06,10,610896,596.57812500000000000000
379,50,2,128,0.2,1e-05,1e-06,10,656592,641.20312500000000000000
695,50,2,128,0.2,1e-05,1e-06,10,658016,642.59375000000000000000
1274,50,2,128,0.2,1e-05,1e-06,10,606672,592.45312500000000000000
2335,50,2,128,0.2,1e-05,1e-06,10,604656,590.48437500000000000000
4281,50,2,128,0.2,1e-05,1e-06,10,612048,597.70312500000000000000
7847,50,2,128,0.2,1e-05,1e-06,10,642880,627.81250000000000000000
14384,50,2,128,0.2,1e-05,1e-06,10,689632,673.46875000000000000000
26366,50,2,128,0.2,1e-05,1e-06,10,738240,720.93750000000000000000
48329,50,2,128,0.2,1e-05,1e-06,10,757968,740.20312500000000000000
88586,50,2,128,0.2,1e-05,1e-06,10,739280,721.95312500000000000000
162377,50,2,128,0.2,1e-05,1e-06,10,754240,736.56250000000000000000
297635,50,2,128,0.2,1e-05,1e-06,10,733600,716.40625000000000000000
545559,50,2,128,0.2,1e-05,1e-06,10,749008,731.45312500000000000000
1e+06,50,2,128,0.2,1e-05,1e-06,10,820032,800.81250000000000000000
10,50,4,128,0.2,1e-05,1e-06,10,604704,590.53125000000000000000
18,50,4,128,0.2,1e-05,1e-06,10,603056,588.92187500000000000000
33,50,4,128,0.2,1e-05,1e-06,10,607408,593.17187500000000000000
61,50,4,128,0.2,1e-05,1e-06,10,599488,585.43750000000000000000
112,50,4,128,0.2,1e-05,1e-06,10,607296,593.06250000000000000000
206,50,4,128,0.2,1e-05,1e-06,10,665664,650.06250000000000000000
379,50,4,128,0.2,1e-05,1e-06,10,661408,645.90625000000000000000
695,50,4,128,0.2,1e-05,1e-06,10,677296,661.42187500000000000000
1274,50,4,128,0.2,1e-05,1e-06,10,680992,665.03125000000000000000
2335,50,4,128,0.2,1e-05,1e-06,10,691040,674.84375000000000000000
4281,50,4,128,0.2,1e-05,1e-06,10,675568,659.73437500000000000000
7847,50,4,128,0.2,1e-05,1e-06,10,700160,683.75000000000000000000
14384,50,4,128,0.2,1e-05,1e-06,10,708352,691.75000000000000000000
26366,50,4,128,0.2,1e-05,1e-06,10,743792,726.35937500000000000000
48329,50,4,128,0.2,1e-05,1e-06,10,744544,727.09375000000000000000
88586,50,4,128,0.2,1e-05,1e-06,10,799984,781.23437500000000000000
162377,50,4,128,0.2,1e-05,1e-06,10,773776,755.64062500000000000000
297635,50,4,128,0.2,1e-05,1e-06,10,762384,744.51562500000000000000
545559,50,4,128,0.2,1e-05,1e-06,10,811104,792.09375000000000000000
1e+06,50,4,128,0.2,1e-05,1e-06,10,830208,810.75000000000000000000
10,50,8,128,0.2,1e-05,1e-06,10,625168,610.51562500000000000000
18,50,8,128,0.2,1e-05,1e-06,10,630304,615.53125000000000000000
33,50,8,128,0.2,1e-05,1e-06,10,622224,607.64062500000000000000
61,50,8,128,0.2,1e-05,1e-06,10,647280,632.10937500000000000000
112,50,8,128,0.2,1e-05,1e-06,10,648176,632.98437500000000000000
206,50,8,128,0.2,1e-05,1e-06,10,655264,639.90625000000000000000
379,50,8,128,0.2,1e-05,1e-06,10,667728,652.07812500000000000000
695,50,8,128,0.2,1e-05,1e-06,10,681184,665.21875000000000000000
1274,50,8,128,0.2,1e-05,1e-06,10,694816,678.53125000000000000000
2335,50,8,128,0.2,1e-05,1e-06,10,707808,691.21875000000000000000
4281,50,8,128,0.2,1e-05,1e-06,10,693808,677.54687500000000000000
7847,50,8,128,0.2,1e-05,1e-06,10,713232,696.51562500000000000000
14384,50,8,128,0.2,1e-05,1e-06,10,746224,728.73437500000000000000
26366,50,8,128,0.2,1e-05,1e-06,10,748192,730.65625000000000000000
48329,50,8,128,0.2,1e-05,1e-06,10,715744,698.96875000000000000000
88586,50,8,128,0.2,1e-05,1e-06,10,747232,729.71875000000000000000
162377,50,8,128,0.2,1e-05,1e-06,10,782304,763.96875000000000000000
297635,50,8,128,0.2,1e-05,1e-06,10,772352,754.25000000000000000000
545559,50,8,128,0.2,1e-05,1e-06,10,765488,747.54687500000000000000
1e+06,50,8,128,0.2,1e-05,1e-06,10,686720,670.62500000000000000000
10,50,16,128,0.2,1e-05,1e-06,10,605792,591.59375000000000000000
18,50,16,128,0.2,1e-05,1e-06,10,614624,600.21875000000000000000
33,50,16,128,0.2,1e-05,1e-06,10,631888,617.07812500000000000000
61,50,16,128,0.2,1e-05,1e-06,10,612240,597.89062500000000000000
112,50,16,128,0.2,1e-05,1e-06,10,626528,611.84375000000000000000
206,50,16,128,0.2,1e-05,1e-06,10,625712,611.04687500000000000000
379,50,16,128,0.2,1e-05,1e-06,10,640224,625.21875000000000000000
695,50,16,128,0.2,1e-05,1e-06,10,646192,631.04687500000000000000
1274,50,16,128,0.2,1e-05,1e-06,10,710736,694.07812500000000000000
2335,50,16,128,0.2,1e-05,1e-06,10,684416,668.37500000000000000000
4281,50,16,128,0.2,1e-05,1e-06,10,688880,672.73437500000000000000
7847,50,16,128,0.2,1e-05,1e-06,10,687312,671.20312500000000000000
14384,50,16,128,0.2,1e-05,1e-06,10,691136,674.93750000000000000000
26366,50,16,128,0.2,1e-05,1e-06,10,729104,712.01562500000000000000
48329,50,16,128,0.2,1e-05,1e-06,10,725792,708.78125000000000000000
88586,50,16,128,0.2,1e-05,1e-06,10,740064,722.71875000000000000000
162377,50,16,128,0.2,1e-05,1e-06,10,768400,750.39062500000000000000
297635,50,16,128,0.2,1e-05,1e-06,10,915616,894.15625000000000000000
545559,50,16,128,0.2,1e-05,1e-06,10,822144,802.87500000000000000000
1e+06,50,16,128,0.2,1e-05,1e-06,10,815088,795.98437500000000000000
10,50,2,256,0.2,1e-05,1e-06,10,597744,583.73437500000000000000
18,50,2,256,0.2,1e-05,1e-06,10,589840,576.01562500000000000000
33,50,2,256,0.2,1e-05,1e-06,10,598560,584.53125000000000000000
61,50,2,256,0.2,1e-05,1e-06,10,626880,612.18750000000000000000
112,50,2,256,0.2,1e-05,1e-06,10,640240,625.23437500000000000000
206,50,2,256,0.2,1e-05,1e-06,10,659568,644.10937500000000000000
379,50,2,256,0.2,1e-05,1e-06,10,671664,655.92187500000000000000
695,50,2,256,0.2,1e-05,1e-06,10,676880,661.01562500000000000000
1274,50,2,256,0.2,1e-05,1e-06,10,676640,660.78125000000000000000
2335,50,2,256,0.2,1e-05,1e-06,10,641936,626.89062500000000000000
4281,50,2,256,0.2,1e-05,1e-06,10,686368,670.28125000000000000000
7847,50,2,256,0.2,1e-05,1e-06,10,718512,701.67187500000000000000
14384,50,2,256,0.2,1e-05,1e-06,10,742240,724.84375000000000000000
26366,50,2,256,0.2,1e-05,1e-06,10,772096,754.00000000000000000000
48329,50,2,256,0.2,1e-05,1e-06,10,802752,783.93750000000000000000
88586,50,2,256,0.2,1e-05,1e-06,10,782352,764.01562500000000000000
162377,50,2,256,0.2,1e-05,1e-06,10,756704,738.96875000000000000000
297635,50,2,256,0.2,1e-05,1e-06,10,778384,760.14062500000000000000
545559,50,2,256,0.2,1e-05,1e-06,10,738560,721.25000000000000000000
1e+06,50,2,256,0.2,1e-05,1e-06,10,827552,808.15625000000000000000
10,50,4,256,0.2,1e-05,1e-06,10,613968,599.57812500000000000000
18,50,4,256,0.2,1e-05,1e-06,10,616496,602.04687500000000000000
33,50,4,256,0.2,1e-05,1e-06,10,609808,595.51562500000000000000
61,50,4,256,0.2,1e-05,1e-06,10,635008,620.12500000000000000000
112,50,4,256,0.2,1e-05,1e-06,10,649632,634.40625000000000000000
206,50,4,256,0.2,1e-05,1e-06,10,664320,648.75000000000000000000
379,50,4,256,0.2,1e-05,1e-06,10,673168,657.39062500000000000000
695,50,4,256,0.2,1e-05,1e-06,10,689488,673.32812500000000000000
1274,50,4,256,0.2,1e-05,1e-06,10,699328,682.93750000000000000000
2335,50,4,256,0.2,1e-05,1e-06,10,727824,710.76562500000000000000
4281,50,4,256,0.2,1e-05,1e-06,10,730592,713.46875000000000000000
7847,50,4,256,0.2,1e-05,1e-06,10,704640,688.12500000000000000000
14384,50,4,256,0.2,1e-05,1e-06,10,763648,745.75000000000000000000
26366,50,4,256,0.2,1e-05,1e-06,10,815296,796.18750000000000000000
48329,50,4,256,0.2,1e-05,1e-06,10,819920,800.70312500000000000000
88586,50,4,256,0.2,1e-05,1e-06,10,812960,793.90625000000000000000
162377,50,4,256,0.2,1e-05,1e-06,10,874848,854.34375000000000000000
297635,50,4,256,0.2,1e-05,1e-06,10,779376,761.10937500000000000000
545559,50,4,256,0.2,1e-05,1e-06,10,732960,715.78125000000000000000
1e+06,50,4,256,0.2,1e-05,1e-06,10,791040,772.50000000000000000000
10,50,8,256,0.2,1e-05,1e-06,10,631408,616.60937500000000000000
18,50,8,256,0.2,1e-05,1e-06,10,638544,623.57812500000000000000
33,50,8,256,0.2,1e-05,1e-06,10,622160,607.57812500000000000000
61,50,8,256,0.2,1e-05,1e-06,10,663184,647.64062500000000000000
112,50,8,256,0.2,1e-05,1e-06,10,678688,662.78125000000000000000
206,50,8,256,0.2,1e-05,1e-06,10,685840,669.76562500000000000000
379,50,8,256,0.2,1e-05,1e-06,10,705520,688.98437500000000000000
695,50,8,256,0.2,1e-05,1e-06,10,723600,706.64062500000000000000
1274,50,8,256,0.2,1e-05,1e-06,10,698912,682.53125000000000000000
2335,50,8,256,0.2,1e-05,1e-06,10,759472,741.67187500000000000000
4281,50,8,256,0.2,1e-05,1e-06,10,694992,678.70312500000000000000
7847,50,8,256,0.2,1e-05,1e-06,10,785504,767.09375000000000000000
14384,50,8,256,0.2,1e-05,1e-06,10,767088,749.10937500000000000000
26366,50,8,256,0.2,1e-05,1e-06,10,804336,785.48437500000000000000
48329,50,8,256,0.2,1e-05,1e-06,10,775696,757.51562500000000000000
88586,50,8,256,0.2,1e-05,1e-06,10,849248,829.34375000000000000000
162377,50,8,256,0.2,1e-05,1e-06,10,915968,894.50000000000000000000
297635,50,8,256,0.2,1e-05,1e-06,10,773520,755.39062500000000000000
545559,50,8,256,0.2,1e-05,1e-06,10,810592,791.59375000000000000000
1e+06,50,8,256,0.2,1e-05,1e-06,10,809888,790.90625000000000000000
10,50,16,256,0.2,1e-05,1e-06,10,685584,669.51562500000000000000
18,50,16,256,0.2,1e-05,1e-06,10,676896,661.03125000000000000000
33,50,16,256,0.2,1e-05,1e-06,10,677936,662.04687500000000000000
61,50,16,256,0.2,1e-05,1e-06,10,684240,668.20312500000000000000
112,50,16,256,0.2,1e-05,1e-06,10,692208,675.98437500000000000000
206,50,16,256,0.2,1e-05,1e-06,10,717072,700.26562500000000000000
379,50,16,256,0.2,1e-05,1e-06,10,751248,733.64062500000000000000
695,50,16,256,0.2,1e-05,1e-06,10,745824,728.34375000000000000000
1274,50,16,256,0.2,1e-05,1e-06,10,755664,737.95312500000000000000
2335,50,16,256,0.2,1e-05,1e-06,10,745264,727.79687500000000000000
4281,50,16,256,0.2,1e-05,1e-06,10,767760,749.76562500000000000000
7847,50,16,256,0.2,1e-05,1e-06,10,779472,761.20312500000000000000
14384,50,16,256,0.2,1e-05,1e-06,10,795072,776.43750000000000000000
26366,50,16,256,0.2,1e-05,1e-06,10,768752,750.73437500000000000000
48329,50,16,256,0.2,1e-05,1e-06,10,782592,764.25000000000000000000
88586,50,16,256,0.2,1e-05,1e-06,10,815152,796.04687500000000000000
162377,50,16,256,0.2,1e-05,1e-06,10,833856,814.31250000000000000000
297635,50,16,256,0.2,1e-05,1e-06,10,835936,816.34375000000000000000
545559,50,16,256,0.2,1e-05,1e-06,10,802144,783.34375000000000000000
1e+06,50,16,256,0.2,1e-05,1e-06,10,890112,869.25000000000000000000
10,50,2,512,0.2,1e-05,1e-06,10,569152,555.81250000000000000000
18,50,2,512,0.2,1e-05,1e-06,10,610624,596.31250000000000000000
33,50,2,512,0.2,1e-05,1e-06,10,618224,603.73437500000000000000
61,50,2,512,0.2,1e-05,1e-06,10,625408,610.75000000000000000000
112,50,2,512,0.2,1e-05,1e-06,10,622880,608.28125000000000000000
206,50,2,512,0.2,1e-05,1e-06,10,630736,615.95312500000000000000
379,50,2,512,0.2,1e-05,1e-06,10,684816,668.76562500000000000000
695,50,2,512,0.2,1e-05,1e-06,10,704560,688.04687500000000000000
1274,50,2,512,0.2,1e-05,1e-06,10,667408,651.76562500000000000000
2335,50,2,512,0.2,1e-05,1e-06,10,727872,710.81250000000000000000
4281,50,2,512,0.2,1e-05,1e-06,10,694656,678.37500000000000000000
7847,50,2,512,0.2,1e-05,1e-06,10,716352,699.56250000000000000000
14384,50,2,512,0.2,1e-05,1e-06,10,842288,822.54687500000000000000
26366,50,2,512,0.2,1e-05,1e-06,10,830720,811.25000000000000000000
48329,50,2,512,0.2,1e-05,1e-06,10,798208,779.50000000000000000000
88586,50,2,512,0.2,1e-05,1e-06,10,768208,750.20312500000000000000
162377,50,2,512,0.2,1e-05,1e-06,10,773136,755.01562500000000000000
297635,50,2,512,0.2,1e-05,1e-06,10,776432,758.23437500000000000000
545559,50,2,512,0.2,1e-05,1e-06,10,771424,753.34375000000000000000
1e+06,50,2,512,0.2,1e-05,1e-06,10,861696,841.50000000000000000000
10,50,4,512,0.2,1e-05,1e-06,10,651280,636.01562500000000000000
18,50,4,512,0.2,1e-05,1e-06,10,629888,615.12500000000000000000
33,50,4,512,0.2,1e-05,1e-06,10,634640,619.76562500000000000000
61,50,4,512,0.2,1e-05,1e-06,10,636544,621.62500000000000000000
112,50,4,512,0.2,1e-05,1e-06,10,677552,661.67187500000000000000
206,50,4,512,0.2,1e-05,1e-06,10,714032,697.29687500000000000000
379,50,4,512,0.2,1e-05,1e-06,10,697872,681.51562500000000000000
695,50,4,512,0.2,1e-05,1e-06,10,755184,737.48437500000000000000
1274,50,4,512,0.2,1e-05,1e-06,10,781712,763.39062500000000000000
2335,50,4,512,0.2,1e-05,1e-06,10,757264,739.51562500000000000000
4281,50,4,512,0.2,1e-05,1e-06,10,810400,791.40625000000000000000
7847,50,4,512,0.2,1e-05,1e-06,10,844800,825.00000000000000000000
14384,50,4,512,0.2,1e-05,1e-06,10,797312,778.62500000000000000000
26366,50,4,512,0.2,1e-05,1e-06,10,830832,811.35937500000000000000
48329,50,4,512,0.2,1e-05,1e-06,10,843952,824.17187500000000000000
88586,50,4,512,0.2,1e-05,1e-06,10,899664,878.57812500000000000000
162377,50,4,512,0.2,1e-05,1e-06,10,832320,812.81250000000000000000
297635,50,4,512,0.2,1e-05,1e-06,10,836912,817.29687500000000000000
545559,50,4,512,0.2,1e-05,1e-06,10,823040,803.75000000000000000000
1e+06,50,4,512,0.2,1e-05,1e-06,10,810816,791.81250000000000000000
10,50,8,512,0.2,1e-05,1e-06,10,679024,663.10937500000000000000
18,50,8,512,0.2,1e-05,1e-06,10,661984,646.46875000000000000000
33,50,8,512,0.2,1e-05,1e-06,10,689440,673.28125000000000000000
61,50,8,512,0.2,1e-05,1e-06,10,718720,701.87500000000000000000
112,50,8,512,0.2,1e-05,1e-06,10,738016,720.71875000000000000000
206,50,8,512,0.2,1e-05,1e-06,10,760512,742.68750000000000000000
379,50,8,512,0.2,1e-05,1e-06,10,782000,763.67187500000000000000
695,50,8,512,0.2,1e-05,1e-06,10,846576,826.73437500000000000000
1274,50,8,512,0.2,1e-05,1e-06,10,851552,831.59375000000000000000
2335,50,8,512,0.2,1e-05,1e-06,10,808032,789.09375000000000000000
4281,50,8,512,0.2,1e-05,1e-06,10,834560,815.00000000000000000000
7847,50,8,512,0.2,1e-05,1e-06,10,806304,787.40625000000000000000
14384,50,8,512,0.2,1e-05,1e-06,10,806288,787.39062500000000000000
26366,50,8,512,0.2,1e-05,1e-06,10,842672,822.92187500000000000000
48329,50,8,512,0.2,1e-05,1e-06,10,870560,850.15625000000000000000
88586,50,8,512,0.2,1e-05,1e-06,10,958880,936.40625000000000000000
162377,50,8,512,0.2,1e-05,1e-06,10,1034816,1010.56250000000000000000
297635,50,8,512,0.2,1e-05,1e-06,10,851696,831.73437500000000000000
545559,50,8,512,0.2,1e-05,1e-06,10,845008,825.20312500000000000000
1e+06,50,8,512,0.2,1e-05,1e-06,10,810112,791.12500000000000000000
10,50,16,512,0.2,1e-05,1e-06,10,769584,751.54687500000000000000
18,50,16,512,0.2,1e-05,1e-06,10,774368,756.21875000000000000000
33,50,16,512,0.2,1e-05,1e-06,10,770528,752.46875000000000000000
61,50,16,512,0.2,1e-05,1e-06,10,761552,743.70312500000000000000
112,50,16,512,0.2,1e-05,1e-06,10,726496,709.46875000000000000000
206,50,16,512,0.2,1e-05,1e-06,10,827440,808.04687500000000000000
379,50,16,512,0.2,1e-05,1e-06,10,813680,794.60937500000000000000
695,50,16,512,0.2,1e-05,1e-06,10,864304,844.04687500000000000000
1274,50,16,512,0.2,1e-05,1e-06,10,878752,858.15625000000000000000
2335,50,16,512,0.2,1e-05,1e-06,10,917696,896.18750000000000000000
4281,50,16,512,0.2,1e-05,1e-06,10,912288,890.90625000000000000000
7847,50,16,512,0.2,1e-05,1e-06,10,907136,885.87500000000000000000
14384,50,16,512,0.2,1e-05,1e-06,10,974080,951.25000000000000000000
26366,50,16,512,0.2,1e-05,1e-06,10,919936,898.37500000000000000000
48329,50,16,512,0.2,1e-05,1e-06,10,964384,941.78125000000000000000
88586,50,16,512,0.2,1e-05,1e-06,10,1078112,1052.84375000000000000000
162377,50,16,512,0.2,1e-05,1e-06,10,972816,950.01562500000000000000
297635,50,16,512,0.2,1e-05,1e-06,10,1053616,1028.92187500000000000000
545559,50,16,512,0.2,1e-05,1e-06,10,870352,849.95312500000000000000
1e+06,50,16,512,0.2,1e-05,1e-06,10,874736,854.23437500000000000000
10,50,2,1024,0.2,1e-05,1e-06,10,604368,590.20312500000000000000
18,50,2,1024,0.2,1e-05,1e-06,10,663344,647.79687500000000000000
33,50,2,1024,0.2,1e-05,1e-06,10,653248,637.93750000000000000000
61,50,2,1024,0.2,1e-05,1e-06,10,637520,622.57812500000000000000
112,50,2,1024,0.2,1e-05,1e-06,10,675664,659.82812500000000000000
206,50,2,1024,0.2,1e-05,1e-06,10,747264,729.75000000000000000000
379,50,2,1024,0.2,1e-05,1e-06,10,715120,698.35937500000000000000
695,50,2,1024,0.2,1e-05,1e-06,10,792208,773.64062500000000000000
1274,50,2,1024,0.2,1e-05,1e-06,10,756896,739.15625000000000000000
2335,50,2,1024,0.2,1e-05,1e-06,10,756192,738.46875000000000000000
4281,50,2,1024,0.2,1e-05,1e-06,10,791952,773.39062500000000000000
7847,50,2,1024,0.2,1e-05,1e-06,10,804368,785.51562500000000000000
14384,50,2,1024,0.2,1e-05,1e-06,10,829056,809.62500000000000000000
26366,50,2,1024,0.2,1e-05,1e-06,10,911168,889.81250000000000000000
48329,50,2,1024,0.2,1e-05,1e-06,10,932992,911.12500000000000000000
88586,50,2,1024,0.2,1e-05,1e-06,10,1019984,996.07812500000000000000
162377,50,2,1024,0.2,1e-05,1e-06,10,1000416,976.96875000000000000000
297635,50,2,1024,0.2,1e-05,1e-06,10,767616,749.62500000000000000000
545559,50,2,1024,0.2,1e-05,1e-06,10,800784,782.01562500000000000000
1e+06,50,2,1024,0.2,1e-05,1e-06,10,772896,754.78125000000000000000
10,50,4,1024,0.2,1e-05,1e-06,10,653968,638.64062500000000000000
18,50,4,1024,0.2,1e-05,1e-06,10,689616,673.45312500000000000000
33,50,4,1024,0.2,1e-05,1e-06,10,714912,698.15625000000000000000
61,50,4,1024,0.2,1e-05,1e-06,10,752816,735.17187500000000000000
112,50,4,1024,0.2,1e-05,1e-06,10,784016,765.64062500000000000000
206,50,4,1024,0.2,1e-05,1e-06,10,768288,750.28125000000000000000
379,50,4,1024,0.2,1e-05,1e-06,10,754880,737.18750000000000000000
695,50,4,1024,0.2,1e-05,1e-06,10,797952,779.25000000000000000000
1274,50,4,1024,0.2,1e-05,1e-06,10,840400,820.70312500000000000000
2335,50,4,1024,0.2,1e-05,1e-06,10,846880,827.03125000000000000000
4281,50,4,1024,0.2,1e-05,1e-06,10,834752,815.18750000000000000000
7847,50,4,1024,0.2,1e-05,1e-06,10,859792,839.64062500000000000000
14384,50,4,1024,0.2,1e-05,1e-06,10,880768,860.12500000000000000000
26366,50,4,1024,0.2,1e-05,1e-06,10,929632,907.84375000000000000000
48329,50,4,1024,0.2,1e-05,1e-06,10,865920,845.62500000000000000000
88586,50,4,1024,0.2,1e-05,1e-06,10,957824,935.37500000000000000000
162377,50,4,1024,0.2,1e-05,1e-06,10,866688,846.37500000000000000000
297635,50,4,1024,0.2,1e-05,1e-06,10,920992,899.40625000000000000000
545559,50,4,1024,0.2,1e-05,1e-06,10,833872,814.32812500000000000000
1e+06,50,4,1024,0.2,1e-05,1e-06,10,821872,802.60937500000000000000
10,50,8,1024,0.2,1e-05,1e-06,10,775968,757.78125000000000000000
18,50,8,1024,0.2,1e-05,1e-06,10,838400,818.75000000000000000000
33,50,8,1024,0.2,1e-05,1e-06,10,793712,775.10937500000000000000
61,50,8,1024,0.2,1e-05,1e-06,10,810752,791.75000000000000000000
112,50,8,1024,0.2,1e-05,1e-06,10,925936,904.23437500000000000000
206,50,8,1024,0.2,1e-05,1e-06,10,943264,921.15625000000000000000
379,50,8,1024,0.2,1e-05,1e-06,10,908432,887.14062500000000000000
695,50,8,1024,0.2,1e-05,1e-06,10,877328,856.76562500000000000000
1274,50,8,1024,0.2,1e-05,1e-06,10,932160,910.31250000000000000000
2335,50,8,1024,0.2,1e-05,1e-06,10,878704,858.10937500000000000000
4281,50,8,1024,0.2,1e-05,1e-06,10,913952,892.53125000000000000000
7847,50,8,1024,0.2,1e-05,1e-06,10,894896,873.92187500000000000000
14384,50,8,1024,0.2,1e-05,1e-06,10,1022528,998.56250000000000000000
26366,50,8,1024,0.2,1e-05,1e-06,10,981664,958.65625000000000000000
48329,50,8,1024,0.2,1e-05,1e-06,10,1168128,1140.75000000000000000000
88586,50,8,1024,0.2,1e-05,1e-06,10,1084384,1058.96875000000000000000
162377,50,8,1024,0.2,1e-05,1e-06,10,1110096,1084.07812500000000000000
297635,50,8,1024,0.2,1e-05,1e-06,10,1065632,1040.65625000000000000000
545559,50,8,1024,0.2,1e-05,1e-06,10,938752,916.75000000000000000000
1e+06,50,8,1024,0.2,1e-05,1e-06,10,900432,879.32812500000000000000
10,50,16,1024,0.2,1e-05,1e-06,10,1018144,994.28125000000000000000
18,50,16,1024,0.2,1e-05,1e-06,10,1023776,999.78125000000000000000
33,50,16,1024,0.2,1e-05,1e-06,10,1085968,1060.51562500000000000000
61,50,16,1024,0.2,1e-05,1e-06,10,1050528,1025.90625000000000000000
112,50,16,1024,0.2,1e-05,1e-06,10,1069600,1044.53125000000000000000
206,50,16,1024,0.2,1e-05,1e-06,10,1111456,1085.40625000000000000000
379,50,16,1024,0.2,1e-05,1e-06,10,1157312,1130.18750000000000000000
695,50,16,1024,0.2,1e-05,1e-06,10,1204992,1176.75000000000000000000
1274,50,16,1024,0.2,1e-05,1e-06,10,1173136,1145.64062500000000000000
2335,50,16,1024,0.2,1e-05,1e-06,10,1123856,1097.51562500000000000000
4281,50,16,1024,0.2,1e-05,1e-06,10,1107520,1081.56250000000000000000
7847,50,16,1024,0.2,1e-05,1e-06,10,1071744,1046.62500000000000000000
14384,50,16,1024,0.2,1e-05,1e-06,10,1277200,1247.26562500000000000000
26366,50,16,1024,0.2,1e-05,1e-06,10,1150560,1123.59375000000000000000
48329,50,16,1024,0.2,1e-05,1e-06,10,1133600,1107.03125000000000000000
88586,50,16,1024,0.2,1e-05,1e-06,10,1135040,1108.43750000000000000000
162377,50,16,1024,0.2,1e-05,1e-06,10,1064496,1039.54687500000000000000
297635,50,16,1024,0.2,1e-05,1e-06,10,1393504,1360.84375000000000000000
545559,50,16,1024,0.2,1e-05,1e-06,10,1268688,1238.95312500000000000000
1e+06,50,16,1024,0.2,1e-05,1e-06,10,1136528,1109.89062500000000000000
