task,measure,ce,bacc,logloss,auc,mcc,xgboost.eta,xgboost.max_depth,xgboost.colsample_bytree,xgboost.colsample_bylevel,xgboost.lambda,xgboost.alpha,xgboost.subsample
APSFailure,ce,0.00452631578947368,0.904163370465727,0.0162683794086026,0.992022340669249,0.865765312112235,-0.784579202540092,10,0.28424247992225,0.931509003648534,3.84686929518788,-4.12117635490346,0.848187807109207
Amazon_employee_access,ce,0.053221000848404,0.57914333232568,0.52410971210795,0.847766799801316,0.309454495698522,-4.34656927367643,11,0.225722846831195,0.882625154266134,-1.82197501554492,-4.78639578958616,0.796200952655636
Australian,ce,0.0768115942028986,0.921736319707457,0.319764573450365,0.943750308359816,0.845872797591663,-1.11033183734745,4,0.982308956724592,0.550077202776447,-0.21896294784966,-2.2463590601973,0.140631218836643
Bioresponse,ce,0.175151063829787,0.822191829361917,0.452971405520534,0.876747546774962,0.647164618135828,-2.79627310201249,8,0.337913587503135,0.426384592871182,-4.65217737201654,-3.82125051156524,0.611217670701444
CIFAR_10,ce,0.3856,0.6144,1.26602410399807,0.942941450617284,0.571668474705766,-1.44357579760225,5,0.54302944210358,0.546280547860079,-0.470647334023933,-5.0106345238338,0.965675992309116
Fashion-MNIST,ce,0.0844428571428571,0.915557142857143,0.258822007656681,0.995787537414966,0.906217187858554,-1.62018528659769,5,0.957574885617942,0.226382499677129,1.67670531162327,-4.72440980838297,0.967326065711677
GesturePhaseSegmentationProcessed,ce,0.278336696897727,0.661485686833606,0.800360414560785,0.930713502213627,0.633432987590295,-2.66475440533696,11,0.977007961622439,0.698039810289629,-3.15110484647157,-5.66603109753069,0.833136650943197
Internet-Advertisements,ce,0.0176903856194525,0.9459081097749,0.0927625945851168,0.976033422414088,0.924971896572586,-0.684572106374909,10,0.329801894887351,0.838174043572508,-4.36271207281065,-6.80670353569869,0.625127489725128
KDDCup09_appetency,ce,0.01772,0.502798807538225,0.584482215949547,0.505299270841199,0.0213787892865594,-2.76598588672555,1,0.148695498588495,0.783607012382709,5.26580845791408,3.03235034894297,0.11817126639653
MiceProtein,ce,0.00925925925925926,0.991291208791209,1.76630430766982,0.999946363160649,0.98953932370499,-6.08029429010627,11,0.207760881376453,0.372256866027601,-6.01170396046221,-5.79879655622381,0.946435975213535
PhishingWebsites,ce,0.0219808858304763,0.977072021413955,0.0667036663580093,0.997051230614071,0.955549265165913,-0.844346563119914,9,0.767191257653758,0.194054562598467,-1.21870872303834,-2.33585265290586,0.674271475034766
adult,ce,0.122558547660902,0.803022916616076,0.273299263659831,0.930049360710159,0.647319785109716,-1.55056652991509,5,0.304581351112574,0.751729464926757,-1.59499226197423,-3.86248688218952,0.912261341838166
analcatdata_authorship,ce,0,1,0.799098150911998,1,1,-2.79859691431605,10,0.278301372914575,0.334087223140523,-5.86890690436008,-4.33395944755012,0.796316537423991
analcatdata_dmft,ce,0.676313291139241,0.323446275946276,2.71269038106147,0.643629158057043,0.188023289640025,-0.0239720378163584,2,0.533390096505173,0.965874396357685,-1.26714540337711,-6.35085215679818,0.154372353316285
balance-scale,ce,0.0159754224270353,0.933333333333333,0.160289752516828,0.996288998357964,0.972290511949314,-0.0373439760895389,2,0.471261772466824,0.823218586319126,-4.98394420169645,-3.7279312960453,0.440541117079556
bank-marketing,ce,0.0881201158562122,0.740235437073265,0.196047542783819,0.935319303304365,0.534517267578102,-2.06291169382127,8,0.93143701357767,0.757628365908749,4.80151219301162,-3.40708632983035,0.845108564104885
banknote-authentication,ce,0,1,0.0295879630746085,1,1,-0.574908243805379,3,0.745161413773894,0.126632615551353,-2.81981274965577,-5.9142892302975,0.604600858245976
blood-transfusion-service-center,ce,0.164414414414414,0.697041623667011,0.487136419655209,0.745238504758629,0.496578220812279,-0.491943679502594,1,0.975345271150582,0.19399852999486,-5.20790120674959,-1.4646497406173,0.198882229533046
breast-w,ce,0.0142857142857143,0.987089371980676,0.0885303091669136,0.993693236714976,0.969785843477365,-0.357228161924707,9,0.203821103996597,0.922689115861431,-5.70345479245732,-5.74780357201919,0.442355619533919
car,ce,0,1,0.040060380491333,1,1,-0.173704740503522,4,0.622481332952157,0.962949057249352,-6.50432327021705,-4.28714133012649,0.824448715685867
christine,ce,0.240500712770529,0.75949774497745,0.524654273741124,0.819583863489311,0.519738209548212,-1.6829375905743,5,0.440747897373512,0.408372575719841,6.09907561934098,-2.32893951499865,0.957549960981123
churn,ce,0.0342,0.892562151245414,0.166507794216587,0.922977661327645,0.853122357377992,-1.45721787056772,7,0.740995808434673,0.605357712879777,-0.13710574616232,-6.04905903407779,0.779298263206147
climate-model-simulation-crashes,ce,0.0259259259259259,0.856479591836735,0.126586083172181,0.945755102040816,0.818704280495335,-0.469704272694073,1,0.546958132321015,0.782859058910981,-6.76819138576766,-2.47848925164809,0.644662243872881
cmc,ce,0.391023166023166,0.581819084001247,0.913493179503187,0.76081074752755,0.389434754497221,-0.315111558051343,2,0.990199503093027,0.656111401203089,3.65520053894273,-3.99747525576608,0.143547152820975
cnae-9,ce,0.0407407407407407,0.959259259259259,0.339938170687579,0.998032407407407,0.954624126550011,-1.11594303242932,5,0.144510676533449,0.637629561251611,-3.63907746081996,-1.48565278018746,0.975098220420885
connect-4,ce,0.121660345011195,0.738888932366177,0.312547132927578,0.946178316383065,0.748941201676676,-0.830490674602657,11,0.713253324129619,0.780936998617835,4.7326918824195,-1.90935929986998,0.984367282665335
credit-approval,ce,0.1,0.897261547168169,0.370786596288774,0.929750555047669,0.798864638783977,-0.874008833290216,4,0.188144694105722,0.160016924305819,-4.04533448839969,-5.99516933502511,0.591678859083913
credit-g,ce,0.189,0.730714285714286,0.500763930139477,0.807,0.524141533712244,-1.90524267901735,5,0.358404917339794,0.616974637983367,-5.8229243630974,-6.60618944646182,0.629726651730016
cylinder-bands,ce,0.174074074074074,0.811947955182966,0.445743533445504,0.876341164095372,0.647035506280244,-1.1245677727066,6,0.210591536201537,0.985766703425907,-6.14690091606161,-5.87236946115274,0.93219681319315
diabetes,ce,0.181032125768968,0.772401709401709,0.486220548755851,0.838267806267806,0.594656912492009,-1.90247803437923,1,0.26653541107662,0.283946254663169,-6.60410052214283,-0.937651009280193,0.176964136958122
dilbert,ce,0.0078,0.992239729520553,0.0380300625252148,0.999900085108192,0.990274743851064,-1.89896499510143,4,0.274695284967311,0.100236417236738,-6.3287825839549,-6.27094754712655,0.773740592435934
dna,ce,0.025735888488003,0.972488134355604,0.186525596424529,0.996056033705977,0.95833191187003,-2.05385862318369,11,0.104439818882383,0.924087159894407,1.55449814214187,-2.83650231585649,0.582130260998383
dresses-sales,ce,0.29,0.683004926108374,0.658316790273108,0.655993431855501,0.399525781752661,-1.1638526707178,8,0.227082465495914,0.456808944838122,1.43071422007679,-2.69841317448632,0.109398509841412
electricity,ce,0.0495232704076634,0.948988435949418,0.132365795650325,0.989010128367062,0.898636683256797,-1.96389926087371,11,0.982820445182733,0.885115555371158,-5.52828529753295,-1.52618788035282,0.980363659490831
eucalyptus,ce,0.278582006664198,0.690602286602287,0.771589420361342,0.922216465352829,0.645928514365073,-1.17824863883586,2,0.659364509186707,0.942712555499747,0.172340732319109,-3.60888570880023,0.375135896587744
fabert,ce,0.263449934527952,0.712636435003283,0.800248296858359,0.951008511894494,0.684567400640918,-2.68718153242769,9,0.802453173487447,0.488973100157455,-2.66759658308203,-4.71604271121358,0.795935789681971
first-order-theorem-proving,ce,0.35436389503974,0.530963864827997,1.09598151619196,0.866466376139105,0.518691704159962,-1.56175337496025,9,0.983727834187448,0.848024343233556,2.90809618449098,-4.31630941137869,0.570065064798109
guillermo,ce,0.14655,0.832646310804156,0.389456262437231,0.915053130536273,0.693535722505961,-2.53124033005364,10,0.974711686652154,0.986136037739925,-1.04205633486722,-4.30442311500037,0.930854175426066
har,ce,0.00436940379480502,0.995820084887221,0.0180946204723967,0.999938995993836,0.994749392698073,-1.11886629968461,2,0.670272603351623,0.939218035922386,-3.33622119230606,-4.29171555666137,0.82873772548046
higgs,ce,0.264283528811831,0.734466150105436,0.524909789318767,0.81299768320604,0.469339471105015,-3.64173523509211,9,0.76747234268114,0.959491630946286,-4.69398395604568,2.19731399418076,0.772252090275288
ilpd,ce,0.195470485096435,0.730467095374735,0.630681829638506,0.741388049122088,0.497782145250566,-0.215040940612086,1,0.982881775149144,0.28009333119262,-0.279012719558916,-2.9953379701483,0.157786394678988
jannis,ce,0.270060811944269,0.548292067396273,0.672504120383427,0.863817728875773,0.571071721849158,-3.93919736814012,11,0.948190320748836,0.353680730029009,-3.1562350397612,-0.21781274556701,0.92023128871806
jasmine,ce,0.167565262283675,0.832442953020134,0.408895205906382,0.876015119439064,0.681571480663415,-2.03072875345874,6,0.60646314179909,0.428122793891816,0.918392123713414,-5.61146587978002,0.724475219509797
jm1,ce,0.174185454140334,0.601282088794235,0.442906862559164,0.744336036646217,0.309662420265562,-2.31316410026828,10,0.985270607494749,0.207870412315242,-2.6698278291517,-0.0648032377647789,0.839712447184138
jungle_chess_2pcs_raw_endgame_complete,ce,0.125817176813082,0.827125903610153,0.24425264827238,0.978187802877992,0.780813114246039,-0.397498922332878,4,0.969075792399235,0.809074032935314,-4.63929915624371,-4.22623920086691,0.971724863559939
kc1,ce,0.117118032046942,0.677384712933427,0.378089571113344,0.816958276982365,0.470555833868903,-2.09225070914128,10,0.837663926184177,0.966303178062662,-1.4339829046978,-6.51728012402444,0.333660204987973
kc2,ce,0.0978229317851959,0.813757786928519,0.366455184897427,0.836771988174427,0.684810189905974,-0.0565992002447244,1,0.95626990669407,0.597807697043754,-0.844930606615558,-0.583114655231005,0.242631430015899
kr-vs-kp,ce,0.00281543887147335,0.997164108315876,0.0289845344035942,0.999690340277581,0.994394992390831,-0.237820997981083,7,0.833774236333557,0.469516409398057,-2.38813543340407,-6.3790078155744,0.791218757373281
madelon,ce,0.119615384615385,0.880384615384615,0.559623858054025,0.929958579881657,0.761127204844008,-5.19452135063283,11,0.968686009594239,0.317621658113785,-2.12058652258196,-4.2133250773598,0.931372989248484
mfeat-factors,ce,0.019,0.981,0.148998743953193,0.999488888888889,0.978967557241394,-1.74978628252272,3,0.53999442642089,0.607652973849326,-3.90028453479376,-3.70998153982047,0.27695889628958
mfeat-fourier,ce,0.132,0.868,0.43994585050468,0.987672222222222,0.85395730041148,-1.89997545218946,4,0.911606224859133,0.767728192941286,-3.30194813649008,-6.87113488732405,0.939385426300578
mfeat-karhunen,ce,0.03,0.97,0.213424920549227,0.9993,0.966808436393544,-1.74322828957397,3,0.321852898364887,0.218062282493338,-2.29389725909416,-3.84378511899987,0.913525842246599
mfeat-morphological,ce,0.2355,0.7645,0.667718382023233,0.9717,0.739567716358468,-0.59837743019997,1,0.882200299063698,0.591024189908058,-4.97112629534849,-3.18542408407926,0.172838075342588
mfeat-pixel,ce,0.0145,0.9855,0.98325870362745,0.999805555555556,0.983943493112782,-3.7951194741821,11,0.13824631550815,0.708504904946312,-4.19237494896032,-4.31342216320284,0.831108638364822
mfeat-zernike,ce,0.1735,0.8265,0.526251267496135,0.981411111111111,0.8079062890907,-1.53187720077963,2,0.919906111527234,0.851369453291409,-5.20759353186087,-3.72688499555649,0.12339873041492
mnist_784,ce,0.0179,0.981979110326882,0.063213272600826,0.999822908139291,0.980108448218364,-1.99657562555088,5,0.576312333391979,0.45516050234437,-2.54166735483231,-4.27044373189026,0.861309482483193
nomao,ce,0.022660792792811,0.971426440190669,0.0685555446497321,0.996337753766055,0.944414152901851,-1.91008899437411,8,0.147975361929275,0.643005029088818,-3.72353829050238,-3.00637868972553,0.911374407820404
numerai28.6,ce,0.472840531561462,0.526112334860418,0.691790176552304,0.529414404334374,0.0533525614305023,-0.824573332182394,2,0.507847811491229,0.979659545677714,-5.8412686154647,4.51933895271887,0.258083535148762
optdigits,ce,0.0129893238434164,0.98701909947282,0.0575071660027794,0.999846909024585,0.98559915933582,-1.81682225406899,5,0.51999154088553,0.713094572979026,-1.09815108017808,-4.53535387940299,0.552224586438388
ozone-level-8hr,ce,0.0426177212038219,0.709129791156969,0.155299389749997,0.91577934971457,0.570381864725183,-1.11102223052601,4,0.366149526811205,0.708992488845252,1.74867322478557,-6.64087150883767,0.319417614978738
pc1,ce,0.045986895986896,0.704234903446069,0.19682035440186,0.82118585298197,0.567596965259429,-0.799189447802688,7,0.568826288240962,0.312239331309684,-6.53910641336344,-3.46568375704788,0.342039139708504
pc3,ce,0.0780703903315368,0.676905395136778,0.304912310409691,0.79263709473151,0.47213270166045,-1.35529831361434,11,0.387944097374566,0.694762393110432,-5.71949080122425,-3.29289512857765,0.352911175554618
pc4,ce,0.0623996221067548,0.800492749183007,0.194614639979607,0.939437806372549,0.680113388124673,-0.40470571364591,8,0.578673106897622,0.609767346223816,1.76567073285898,-2.49045900142226,0.210264763515443
pendigits,ce,0.00545793696749111,0.994574257629307,0.0296191498729267,0.999916734541199,0.993942454687174,-1.76024972809519,4,0.413294972619042,0.602190094650723,-2.76248235111172,-6.7582266630156,0.465189222758636
phoneme,ce,0.0853049907578558,0.894311675665372,0.240023604294552,0.960724288440352,0.793558430031592,-2.31678301798622,11,0.811802782467566,0.961871270020492,-2.7321173196505,-3.63576734263655,0.652788426913321
qsar-biodeg,ce,0.0909523809523809,0.892180814354727,0.294529078629482,0.936314584771106,0.795624830547688,-1.21932449741678,3,0.659796076198109,0.142000259598717,-4.79417068094909,-2.82425215250758,0.731836193730123
riccardo,ce,0.0015,0.9988,0.0668552889506132,0.999752266666667,0.996016076435858,-3.12616676418808,9,0.772724393755198,0.862936246860772,4.53717228142045,1.96335666422534,0.820214343327098
robert,ce,0.4399,0.560915978762544,1.39225194091473,0.92494952737538,0.511440354541655,-1.72368158648473,4,0.277838165475987,0.935598936746828,-6.03426752439813,-4.71963875355284,0.927513720467687
satimage,ce,0.067651632970451,0.914434747323768,0.217548496943953,0.993404522671428,0.916670745640643,-1.5833209442408,5,0.430327335566166,0.389876394677791,-0.696865979002815,-4.39020003963626,0.90847117244557
segment,ce,0.0506493506493507,0.949350649350649,0.28085433902064,0.99637937819756,0.941162734426121,-2.28133653212225,6,0.468705350202392,0.524300428889459,-3.44268343241146,-6.23822535227233,0.980263703273376
semeion,ce,0.0382704402515723,0.961615196078431,0.346277407128838,0.998925619553377,0.957795770976196,-2.47131868491174,8,0.103692417778075,0.509884343435988,-5.51803017021602,-5.72900377424947,0.864093389338814
shuttle,ce,3.44827586206897e-05,0.997139723623602,1.66203720642187,1,0.99990304819169,-4.37419949354454,10,0.82095393082127,0.793316359235905,-5.20831975074851,-6.72639622414866,0.862067122082226
sick,ce,0.00556818660266936,0.964511176615082,0.0595997392041757,0.990817623336021,0.950772148225381,-1.41175048450568,5,0.870261264336295,0.880983774363995,-6.20974779508517,-6.52747597125224,0.990848674159497
spambase,ce,0.0373799867961898,0.960089417738255,0.130075763805146,0.987855133039246,0.921768999829552,-1.64654606367832,8,0.974986314680427,0.244347212300636,-0.131323629509407,-3.74100977873812,0.467606517951936
splice,ce,0.0238244514106583,0.971899999176473,0.240036344904188,0.996711708813101,0.961304523771517,-2.83873727235986,9,0.165453429426998,0.289819204225205,-5.4721340127394,-4.53762019365496,0.898130263201892
steel-plates-fault,ce,0.171057361882104,0.834103548941806,0.613881834356492,0.978073166662775,0.779594179873896,-2.77027364429648,11,0.807668414595537,0.691468786075711,-3.28961719923494,-2.88281982870529,0.855842956528068
sylvine,ce,0.0437138310185185,0.956282678745136,0.13988873230689,0.986670610598553,0.914065767114503,-1.85673003370031,9,0.947333861235529,0.777570678992197,-6.12077690550329,-0.904873906408278,0.928660086123273
tic-tac-toe,ce,0,1,0.10059579125114,1,1,-1.18156978580499,3,0.675980388559401,0.887429011147469,-3.7201859176683,-1.38213552035473,0.693996744602919
vehicle,ce,0.164411764705882,0.837353041695147,0.475167133722263,0.949537638698609,0.782797311390218,-1.00927084290895,3,0.98788080108352,0.841727281734347,-6.65365409288607,-1.88233042598812,0.279785017971881
volkert,ce,0.266009260847196,0.655649617930901,0.840099884902301,0.961535428900812,0.685529455485102,-2.04563343603067,9,0.88376243414823,0.633351927739568,1.46312863328087,-1.34836504415154,0.999496548320167
wall-robot-navigation,ce,0.00183150183150183,0.995453726092177,0.0261183972581084,0.999950441964887,0.997242896333775,-1.04077067039167,3,0.299448576616123,0.714522006269544,-4.15643676565325,-3.00140220842996,0.774624137650244
wdbc,ce,0.0105263157894737,0.986922799422799,0.0910538187642958,0.992611832611833,0.977718233368295,-0.519451474358399,1,0.676178166060709,0.786620245175436,-3.73904799990085,-3.76577255710187,0.295343429525383
wilt,ce,0.00991863867357939,0.936928011014994,0.0486116830918156,0.986956345053819,0.900567447575701,-0.917746150425433,4,0.996548698563129,0.63454314537812,-1.91876367797369,-3.92717139572567,0.102222552569583
APSFailure,bacc,0.00506578947368421,0.90994739986472,0.0198279165243268,0.989854328339359,0.852722194677753,-1.46840312496748,4,0.934998063673265,0.909466265258379,-6.16961659652119,-0.677598641351118,0.254530642111786
Amazon_employee_access,bacc,0.0604838156791163,0.655206395875105,0.412795543430355,0.809417854036433,0.363958373310118,-0.0224626632991301,10,0.245452542672865,0.520962391374633,-2.40655889637393,-3.65635680465628,0.564635769161396
Australian,bacc,0.0869565217391304,0.911661878020112,0.338056042830358,0.936288798920378,0.824905277242699,-0.256822056623121,6,0.473876679409295,0.994000413501635,0.746191700343253,-2.25634844519057,0.251786914328113
Bioresponse,bacc,0.174354609929078,0.823425638210658,0.46543187611308,0.880517069738647,0.648692704834344,-3.53073885075372,11,0.217282019509003,0.903468052763492,-1.08720260838401,-3.81449948117179,0.795774036762305
CIFAR_10,bacc,0.38495,0.61505,1.24407931957185,0.943360814814815,0.57246327957287,-1.91214942860958,6,0.607497352501378,0.43918547751382,-6.63029739680548,-6.52838992489712,0.954949013260193
Fashion-MNIST,bacc,0.0841,0.9159,0.295169155103497,0.995688086167801,0.906606806027859,-1.38879925020996,6,0.770613661431707,0.498549475451,-2.47310368015913,-6.4165699400759,0.889373544580303
GesturePhaseSegmentationProcessed,bacc,0.278435450327948,0.666035625991108,0.83309097136863,0.929750707439077,0.633405557721963,-1.84477635121385,11,0.953598669171333,0.861626025685109,0.0704440748694672,-6.6918271024212,0.942607123940252
Internet-Advertisements,bacc,0.0189071007682554,0.953458217699661,0.101384156417319,0.973527597903176,0.920912011240766,-0.0328130717229948,9,0.516414361284114,0.946818187693134,-4.43033013854799,-2.0672803153653,0.666570594580844
KDDCup09_appetency,bacc,0.04594,0.543594750605726,0.718434055343799,0.589639859155897,0.0679479974648457,-0.0297520105559061,3,0.939206846081652,0.781652313796803,-6.4872398512087,-6.33335729620758,0.110663601593114
MiceProtein,bacc,0.00648148148148148,0.994166666666667,1.93401123182985,0.99996336996337,0.992728395349121,-6.55004002573098,11,0.352859564195387,0.580762746161781,-5.6534038531135,-6.59503780630761,0.980883347126655
PhishingWebsites,bacc,0.0220712199193212,0.97701170316861,0.0657321969033019,0.997146091344031,0.955364776641271,-0.80240048640508,10,0.437105658487417,0.378585297637619,-1.28189549837624,-3.17032167961999,0.737354619172402
adult,bacc,0.122640368106079,0.804728655075942,0.273977210516187,0.929983106233007,0.64791495845572,-1.84320125039237,6,0.31433348946739,0.897925372188911,0.151163339452942,-6.46202132157538,0.714573975536041
analcatdata_authorship,bacc,0,1,0.634518794571597,1,1,-2.57403898305265,6,0.307663223939016,0.838669068086892,-4.56119515394778,-2.96304228438951,0.484188565029763
analcatdata_dmft,bacc,0.68251582278481,0.319771062271062,2.43750682852613,0.62421856704549,0.182176481443999,-0.00220889340053886,7,0.113094088854268,0.535949291451834,-1.83067269354012,-3.88531738183523,0.191370469122194
balance-scale,bacc,0.0112135176651306,0.991912972085386,0.133434441543814,0.995821018062397,0.981655357373459,-0.0693796403797662,11,0.26521171326749,0.796611791010946,-1.80620672735627,-4.44039357459838,0.468896468542516
bank-marketing,bacc,0.0890933909973028,0.747558559025131,0.203274335467382,0.932711556885155,0.537533091122135,-0.0167505237854413,11,0.982872805884108,0.900366969243623,5.56232327558057,-1.46097209125319,0.957223062985577
banknote-authentication,bacc,0,1,0.044302207615616,1,1,-0.816785217071767,2,0.752333719679155,0.853262294270098,-3.09154619014821,-1.62249823619243,0.224466876685619
blood-transfusion-service-center,bacc,0.216648648648649,0.75015479876161,1.18970614250842,0.770754500630662,0.471549190218747,-0.0248364273365905,5,0.836378520261496,0.928249583463185,-4.89685497324716,-6.28753843541236,0.155639136116952
breast-w,bacc,0.0157349896480331,0.985978260869565,0.0962403858907973,0.994984339774557,0.966670654808485,-0.268225634743584,7,0.393433840991929,0.804041573684663,-2.69586203659926,-6.08591356101868,0.35479376714211
car,bacc,0,1,0.0422126705112547,1,1,-0.0636752144508464,3,0.978715730388649,0.870336400344968,-4.46340469371797,-2.24961465617093,0.852519995439798
christine,bacc,0.239763387467516,0.760237119037857,0.52953829781656,0.817342008475435,0.521138591062896,-2.03433140831519,5,0.95389466539491,0.192503807833418,4.10238703062499,-3.15378888447052,0.940100343339145
churn,bacc,0.035,0.895713900686059,0.169802066372867,0.92290235924137,0.850223871229104,-1.19566538410147,9,0.794234657287598,0.775619930378161,-6.02428017555964,-3.086208804439,0.905501385126263
climate-model-simulation-crashes,bacc,0.0462962962962963,0.922295918367347,0.226011421353066,0.936224489795918,0.754993397779992,-0.231422458789872,5,0.801511819544248,0.868972433567978,-4.95644013496606,-5.41360487551546,0.219257656927221
cmc,bacc,0.391027762456334,0.589075542491102,0.898273913188256,0.767659136027537,0.394738285084734,-0.596449067782786,2,0.81180479915347,0.624952902644873,-3.66755081162658,-0.17959985248828,0.420961668528616
cnae-9,bacc,0.0407407407407407,0.959259259259259,0.493800976480421,0.998360339506173,0.954515042097429,-2.15121825171908,8,0.135639940504916,0.663712024874985,-3.89815687206718,-6.32585830542548,0.911102657718584
connect-4,bacc,0.123096068565749,0.747232302257587,0.337616339571192,0.94296649758609,0.747549447457688,-0.169990918029521,8,0.598798652156256,0.888406965718605,2.95397923723685,-1.50506438929649,0.968514812365174
credit-approval,bacc,0.0956521739130435,0.902086543903182,0.409698718701853,0.928145778009955,0.807087354438973,-0.724266589947329,9,0.602957746013999,0.192116645420901,3.22950100963648,-6.36810308411631,0.187566213496029
credit-g,bacc,0.197,0.760238095238095,0.512206637588009,0.791666666666667,0.529748063040468,-0.101134434327508,2,0.589259593724273,0.579523197840899,3.21797998591539,-5.88013421999189,0.163352073309943
cylinder-bands,bacc,0.172222222222222,0.817786362042586,0.485838930425068,0.881066715542522,0.647517311495449,-1.13700295272305,8,0.568477875785902,0.899064091034234,-2.78052305236664,-3.26037650156233,0.902629148727283
diabetes,bacc,0.18362952836637,0.795675213675214,0.561590028849891,0.827962962962963,0.594376234551604,-1.25168973088878,2,0.900747019192204,0.848639162117615,-3.00061651645275,-6.84685614766292,0.133698526816443
dilbert,bacc,0.0076,0.992454822050601,0.040829723154127,0.999875131726973,0.990515735246737,-1.4997107513408,4,0.239656629087403,0.140585897048004,-6.12629383953387,-3.66970892339128,0.738477035425603
dna,bacc,0.0282486544035015,0.972053197982177,0.126692173246515,0.99546691885116,0.95450189843674,-1.012821058899,5,0.716687330347486,0.141076447512023,1.0368585367356,-1.18366187372307,0.286227513244376
dresses-sales,bacc,0.272,0.719540229885057,0.878483707483146,0.707799671592775,0.445971180072653,-0.00261661489905393,1,0.41389544964768,0.535149694350548,-1.95692012485328,-6.55798726489005,0.239956816262566
electricity,bacc,0.0493246387590207,0.94914074698292,0.133680419418124,0.988691474164706,0.899019777685039,-2.58681974485511,11,0.950551176606677,0.917381404549815,-6.06926318034326,-5.2561716622316,0.977306249248795
eucalyptus,bacc,0.266364309514994,0.708792984792985,0.778421538691663,0.928310093946458,0.66115971008069,-0.173157273810383,2,0.759075415995903,0.645579078025185,0.410794152576038,-0.249442277395785,0.610572500946
fabert,bacc,0.264298416874093,0.714460921045072,0.800795020172752,0.950245114812794,0.683485570012793,-2.19526120758824,9,0.993102302006446,0.803044214169495,-6.14678573982464,-5.03770009031844,0.670404189173132
first-order-theorem-proving,bacc,0.35534295005509,0.539713745485978,1.24531566222596,0.863006608385311,0.519748787086332,-0.837988738982587,10,0.805860492144711,0.887532994523644,2.06343116579871,-5.97438983510939,0.875496832397766
guillermo,bacc,0.14635,0.834143733945475,0.398820934752844,0.912232913675234,0.693472207891699,-2.24802893710786,9,0.96344333011657,0.699489139625803,-2.86095973212028,-4.20295157964842,0.973095563310198
har,bacc,0.00417494598394143,0.995978751857939,0.0171434532003026,0.999946184355328,0.994981704052112,-1.01882529816486,3,0.950791282719001,0.423536147456616,-3.07895821167317,-5.38165118977596,0.924171319650486
higgs,bacc,0.264905660377359,0.733793488495854,0.523890909621458,0.813352448473523,0.46805583090375,-3.14085785734041,10,0.736791659961455,0.686299505038187,4.0011686732672,-4.41680700854499,0.960296370764263
ilpd,bacc,0.226329631794272,0.755233739837398,0.99733156629262,0.772630576620892,0.486837267307137,-0.0168617579881545,1,0.167384602944367,0.689320391765796,-5.61048472762344,-2.85671126139989,0.226015295204707
jannis,bacc,0.271171536360105,0.561433930282377,0.675958809311764,0.864206959952752,0.569865784825892,-2.65726612768833,11,0.94698908443097,0.701253621815704,-6.71559349986329,2.36754725805402,0.824908361863345
jasmine,bacc,0.164223025296851,0.835787472035794,0.424529579678078,0.882561416152426,0.687793720190931,-2.66919452229044,10,0.881894283741713,0.219936576206237,-6.7924697008278,-5.98094136093463,0.731650794832967
jm1,bacc,0.21185332604116,0.634768838916972,0.865143394400314,0.675551666973942,0.286043763116576,-0.613084946082509,8,0.872895712009631,0.505693687312305,-6.40382942047621,-2.44171791433577,0.402562065888196
jungle_chess_2pcs_raw_endgame_complete,bacc,0.127535234543271,0.829748240258901,0.268995687466416,0.975887469407867,0.777905052042745,-0.130831708346624,3,0.974209069181234,0.931022910261527,-1.13579978789944,-3.86558664959744,0.767541398038156
kc1,bacc,0.156479350033852,0.734550208118153,0.907427861229965,0.752646346674009,0.442867140522275,-0.121457317688296,3,0.663008204218932,0.886141118314117,-3.93721382367677,-6.48726809682498,0.364909324492328
kc2,bacc,0.137844702467344,0.849418751979728,0.59247598438727,0.830878735086052,0.637756919569149,-0.414816442848958,11,0.626646522548981,0.316727174306288,-3.96876592050715,-3.12208230042758,0.109254468092695
kr-vs-kp,bacc,0.0028144592476489,0.997193654486692,0.02831591609049,0.999517721522898,0.994402032045533,-0.00480074151646964,8,0.950526896538213,0.962999544176273,-6.72933289009048,-3.98509933975539,0.594027144811116
madelon,bacc,0.121153846153846,0.878846153846154,0.381543355271008,0.928360946745562,0.758141051587251,-3.35337717465971,9,0.853094722842798,0.379460639902391,-4.08038096458075,-5.91735372365598,0.936281221150421
mfeat-factors,bacc,0.02,0.98,0.124545505021275,0.9995,0.9778726552408,-1.42526122870461,1,0.279282875335775,0.179775388725102,-4.5611542442851,-5.57234467613232,0.250196314090863
mfeat-fourier,bacc,0.131,0.869,0.605817209550583,0.988161111111111,0.855025708648332,-2.53602475499015,8,0.389155737939291,0.82153022584971,-3.7567561066919,-6.54147079757889,0.975916832499206
mfeat-karhunen,bacc,0.029,0.971,0.193211095981701,0.999422222222222,0.96791932183495,-1.94621622558134,7,0.443632036123192,0.347315889531281,-5.90576617425494,-2.87200572537055,0.45084641063388
mfeat-morphological,bacc,0.2355,0.7645,0.675255066152577,0.971077777777778,0.740216406885858,-0.601798800695972,1,0.992040604678914,0.854549463326111,-0.688388350972609,-5.02466101188476,0.223158509167843
mfeat-pixel,bacc,0.0155,0.9845,1.43826515351251,0.999783333333333,0.982853917198918,-4.1420390814395,11,0.159430472925305,0.685924627771601,-3.88143352435385,-4.23736741076613,0.960016335360706
mfeat-zernike,bacc,0.176,0.824,0.507041926010472,0.980933333333333,0.805061203041178,-1.41175831067404,2,0.898523500189185,0.846395117300563,-6.29500418186644,-6.81749159194964,0.15338779212907
mnist_784,bacc,0.0179571428571429,0.981926485547482,0.061752125902397,0.9998290259216,0.980045348898586,-2.60122167347049,5,0.4706113508204,0.907834582589567,-4.65205377452648,-2.96748365906261,0.836453969124705
nomao,bacc,0.0233570925014745,0.971274766798365,0.0688961926543438,0.996298793470906,0.942777228629015,-1.81874404321241,6,0.100202181981876,0.94940990714822,-4.53277353089738,-4.4578348132298,0.863240219093859
numerai28.6,bacc,0.472446013289037,0.526518221528695,0.691861304824983,0.529679999289247,0.0542230641135692,-1.20809306926699,1,0.443882726854645,0.822023892705329,5.20820540763016,2.79484624323057,0.314926688489504
optdigits,bacc,0.0128113879003559,0.987216479678821,0.065801893134243,0.999851054302741,0.985790451460248,-1.88164891243873,5,0.359289906336926,0.949897462129593,-0.277466226229577,-2.94872752764537,0.956040039286017
ozone-level-8hr,bacc,0.0694531760605023,0.78515683172003,0.842444935462688,0.820150671027905,0.510039662597736,-0.155200255943519,5,0.764243496744894,0.88266670901794,-3.32685224586884,-2.73510309777425,0.263968153786846
pc1,bacc,0.0676330876330876,0.817253680785234,0.330595182058697,0.82627427184466,0.561649629234067,-0.276170871522947,5,0.917567440471612,0.366165586956777,-5.57827918594287,-5.90331280560449,0.248467546142638
pc3,bacc,0.119002123142251,0.748223784194529,0.638723751043241,0.776537329027356,0.439482772493005,-0.598109778780174,8,0.515903594717383,0.918529047188349,-2.87250470076422,-4.68118792308238,0.204878210346214
pc4,bacc,0.0829900803023146,0.855941074346405,0.332149905756648,0.918304483251634,0.655802787339056,-0.616510741113895,2,0.817677642474882,0.82849587907549,-2.68307830098149,-4.83118706771983,0.177569138118997
pendigits,bacc,0.00536694515675407,0.994638030679652,0.0314706717706468,0.999915382003321,0.994042179365052,-1.22113720913756,4,0.475664254580624,0.744816363090649,-2.30392941942116,-3.09664800915458,0.382245293585584
phoneme,bacc,0.0875265283768056,0.89383709242722,0.231869305177992,0.961173916847888,0.788870480598849,-2.4188097127077,11,0.956291309045628,0.786098196776584,-0.599405228378692,-1.06262945939862,0.697537131002173
qsar-biodeg,bacc,0.0956783468104223,0.892070393374741,0.314924080154549,0.933030612244898,0.786671194769528,-0.733981328862726,3,0.168510238686576,0.137634678394534,-4.49893133250922,-2.94339055688714,0.696773669542745
riccardo,bacc,0.0015,0.999,0.0453610839786807,0.999792933333333,0.996020831333887,-2.31247827315877,10,0.336109447595663,0.401745773712173,3.72028114730845,-1.57210487866169,0.860063836327754
robert,bacc,0.4383,0.562371991252263,1.3354413151579,0.926769361917675,0.513237180848084,-2.19442873230124,5,0.441322833695449,0.167252804641612,-4.16430915441165,-4.31455283705633,0.739533555251546
satimage,bacc,0.0695178849144635,0.914929050774224,0.243128711448672,0.993247242504341,0.914284254615388,-1.14887613472059,4,0.795582310575992,0.946536197210662,-3.95928505632395,-3.94246466798288,0.710460897698067
segment,bacc,0.0489177489177489,0.951082251082251,0.1939078210865,0.996147623420351,0.94319397355764,-1.13830574759714,5,0.703128774673678,0.483101465716027,-3.88595617151769,-6.81521905021639,0.54858027449809
semeion,bacc,0.0376572327044025,0.962208333333333,0.312396566972214,0.998864855664488,0.958431902914809,-2.54423709796303,6,0.145648048142903,0.310658187326044,-2.75526306945271,-5.32670971223828,0.91698487913236
shuttle,bacc,1.72413793103448e-05,0.999996866480745,1.46014265043762,0.999999262701352,0.999951523479986,-4.3407027949172,10,0.940983050363138,0.530061752349138,-4.58910114412141,-4.32817188506776,0.964949946827255
sick,bacc,0.0060986905814492,0.970326701056251,0.325641919992167,0.990415631634728,0.946782306012723,-2.54847820732448,5,0.964873992744833,0.910016300831921,-3.77511888710268,-4.90194051588201,0.944672746537253
spambase,bacc,0.0365099500141469,0.961393651465889,0.127273719193446,0.989194215513663,0.923646483171631,-1.22528194533117,5,0.901460524299182,0.263458401849493,-1.81905881086778,-4.05330146989675,0.883717131637968
splice,bacc,0.0238244514106583,0.974466116916973,0.145870759107632,0.996788677436278,0.961429799506068,-0.981385093657824,6,0.144008591887541,0.948193611903116,2.06747257919984,-3.05888055147121,0.840412962017581
steel-plates-fault,bacc,0.179812318265927,0.833187296875718,0.601430746831432,0.977844388020121,0.768457950181847,-2.04296706561484,9,0.959250486944802,0.861433005752042,-0.615458317685715,-4.78677303792149,0.666312320693396
sylvine,bacc,0.0431309393274854,0.956865576361868,0.190632312271128,0.98609113878777,0.915591844986701,-2.94553154790332,11,0.98260466880165,0.779307600436732,-5.30389581706487,-2.93385034828133,0.889609496621415
tic-tac-toe,bacc,0,1,0.0911534055804332,1,1,-1.28003925861998,3,0.800446646870114,0.579042575112544,-4.4922301251827,-1.43746991143117,0.639754003589042
vehicle,bacc,0.163151260504202,0.838831168831169,0.489449733574319,0.950651275637605,0.783898808159854,-0.40677077185056,2,0.86414600610733,0.716659920685925,-5.3627979276641,-3.73657547431495,0.333060135319829
volkert,bacc,0.26527182301492,0.660836865830555,0.860502777904491,0.961885684293751,0.686470610818026,-1.58286981667505,11,0.848536342987791,0.851017814222723,2.37314525549151,-2.78286804325325,0.998582775657997
wall-robot-navigation,bacc,0.00201498807003394,0.997250777080404,0.0128557480018572,0.99999539062882,0.996967114178959,-0.318755321360928,3,0.946470242529176,0.865979470103048,-1.55876176661449,-6.15980570156347,0.298916043294594
wdbc,bacc,0.0087719298245614,0.988203463203463,0.0943546723827594,0.992602212602213,0.981440719870568,-1.54725933527037,1,0.436944272904657,0.92005670373328,-6.89982911064752,-5.980707016568,0.562465423275717
wilt,bacc,0.0115728145372414,0.952307866400869,0.0615324227093855,0.981976036434938,0.890591133768531,-0.358951448493948,2,0.894405144895427,0.840106214117259,-5.5528268394775,-4.26597511520322,0.226934235938825
APSFailure,logloss,0.00492105263157895,0.896454698421549,0.0156478739156124,0.992743841795609,0.853712329215219,-3.95122832639959,6,0.415734816389158,0.546933958493173,3.1031133216775,-5.71922695352172,0.741761906631291
Amazon_employee_access,logloss,0.0534346015426272,0.5792811336511,0.158977513438758,0.857466827932169,0.309103285585902,-2.92367267204617,11,0.149953720741905,0.579850109666586,-5.47072992801093,-6.36347709807663,0.739834833540954
Australian,logloss,0.107246376811594,0.890182186234818,0.268310346329804,0.952138638573274,0.782942830571661,-1.25355344619592,9,0.69571624530945,0.637986019649543,-0.121329284404492,-4.69758437627855,0.245776383788325
Bioresponse,logloss,0.186885106382979,0.810408061070487,0.420264634774298,0.887617557516026,0.623239882674344,-5.73106524586238,11,0.2187468115706,0.331803686567582,-6.22428589195345,-4.48053541392066,0.694200837449171
CIFAR_10,logloss,0.387116666666667,0.612883333333333,1.1134200772182,0.947944101851852,0.570012125344251,-3.28575642621607,5,0.335411735041998,0.188193088280968,3.63365887380502,-3.89274244379384,0.946963073080406
Fashion-MNIST,logloss,0.0865285714285714,0.913471428571429,0.235421502589961,0.996062199546485,0.903909542731113,-4.16969591446173,5,0.298949190159328,0.613782564294525,0.397251606727473,0.741981813630079,0.898040793510154
GesturePhaseSegmentationProcessed,logloss,0.28663947101797,0.653100499250132,0.760384430439205,0.934200990964418,0.622506624559004,-4.92385324369054,11,0.959096893388778,0.821037237299606,1.54821128427109,-5.74467283447192,0.677878549112938
Internet-Advertisements,logloss,0.0225684343999403,0.933065063213074,0.0795223738444304,0.984241871381094,0.903757406691005,-4.61958032248385,10,0.274571116711013,0.984348022099584,-6.77648993882619,-5.77995556250741,0.756194854271598
KDDCup09_appetency,logloss,0.0178,0.5,0.0846036025643227,0.721697221783705,0,-1.57319751695091,1,0.104016442666762,0.135930482414551,6.42710775837291,-6.34077168524114,0.528774909349158
MiceProtein,logloss,0.0861111111111111,0.912094155844156,0.31906614922693,0.99608576553396,0.902228189168264,-0.14517382612164,9,0.449388768873177,0.513433276023716,-4.10631617887932,-5.00918823312295,0.917584267351776
PhishingWebsites,logloss,0.0257797451989559,0.973307216776227,0.0616389075411697,0.997457692088653,0.947823443451136,-4.12231127476691,11,0.326519365585409,0.729399849823676,-1.19824169085593,-5.89282156475012,0.944322376907803
adult,logloss,0.124728790854686,0.79995421667492,0.27022775717223,0.931621536986627,0.640929711790341,-4.09565282987104,6,0.294609397975728,0.995235665049404,-4.75117638821595,-5.34458816122909,0.922758615668863
analcatdata_authorship,logloss,0.00117647058823529,0.999166666666667,0.011526317423859,1,0.998310896633863,-0.863447427121178,1,0.46761137379799,0.115473703830503,0.0757922557373449,-5.49102617087587,0.970704911882058
analcatdata_dmft,logloss,0.747784810126582,0.24970695970696,1.72096027114158,0.638245110124918,0.102543691345935,-0.075088035684668,1,0.953557819128036,0.147647313098423,-2.51867478948959,-6.88126295279279,0.343769430019893
balance-scale,logloss,0.0176139272913466,0.987274220032841,0.0429280553641313,0.999285714285714,0.970419704185116,-0.0181356092276523,11,0.215130743291229,0.752987774671055,-6.29809895056264,-5.50226699975605,0.993970080651343
bank-marketing,logloss,0.0901771877682027,0.723735923657714,0.192487346350287,0.938508136131732,0.513797305779006,-5.64985590648712,8,0.599950865656138,0.606749714398757,-0.638975017575144,-2.70474402359367,0.925193531089462
banknote-authentication,logloss,0.00145985401459854,0.99852243313201,0.00683579222700042,1,0.997066371674421,-1.39431851954602,2,0.791119410656393,0.830303937103599,-5.59701857778749,-4.74348109345648,0.971553916321136
blood-transfusion-service-center,logloss,0.20581981981982,0.622170622635019,0.451101133566755,0.783149868134388,0.319155313931296,-0.599833354850094,2,0.935333269811235,0.703862297651358,1.11555167613079,-5.0796027692731,0.245083759888075
breast-w,logloss,0.02,0.977037439613527,0.060527632849873,0.996210024154589,0.956352960786441,-0.109101044298697,1,0.914235690119676,0.513031840068288,-4.71615087831743,-5.02687934622412,0.404139861930162
car,logloss,0,1,0.00867447124562228,1,1,-0.0862433975309457,3,0.714041619491763,0.995892346720211,1.22497877056967,-4.95794012805294,0.972570934752002
christine,logloss,0.255821527716201,0.744177941779418,0.513241945761656,0.826717001856365,0.48895663002735,-4.57869850334163,6,0.203747442155145,0.920347096025944,-1.18296015624294,-0.329238025161932,0.985308650438674
churn,logloss,0.041,0.877993551377109,0.13963436110623,0.928407203234586,0.82275290822939,-4.39674127898769,9,0.972894780896604,0.625355293299072,-4.90874145297591,-4.93590247748457,0.937038157088682
climate-model-simulation-crashes,logloss,0.0444444444444444,0.752959183673469,0.107398692448209,0.960729591836735,0.661307633207926,-0.704191808668791,1,0.998760769772343,0.971685910969973,-0.887584343616143,-3.18281083542978,0.686593842273578
cmc,logloss,0.425648097076668,0.551802593358571,0.878763440422047,0.770866353288592,0.338563076791224,-1.60305254310691,2,0.969968746090308,0.928709126752801,-2.06224823063924,-3.4453147144121,0.290868340851739
cnae-9,logloss,0.0583333333333333,0.941666666666667,0.194995479502439,0.997820216049383,0.935019763834002,-0.907508185673787,11,0.176060712593608,0.926982180401683,-4.2497713247092,-4.15440067199157,0.991528879432008
connect-4,logloss,0.122267175729751,0.738752394966761,0.305658696011735,0.947800405953959,0.747859605190659,-2.22174672890329,11,0.642899044952355,0.29077816393692,-3.58438142880979,1.03125724220704,0.99901323793456
credit-approval,logloss,0.127536231884058,0.870959252971138,0.280317270732069,0.949249561040732,0.744029978290656,-0.118358680941358,2,0.834442455903627,0.842393500544131,2.27006229180782,-6.60837663052808,0.907246812526137
credit-g,logloss,0.217,0.717380952380952,0.467116022469049,0.817619047619048,0.459810175173094,-0.0642084264521983,3,0.340433702035807,0.905535351741128,3.82252861524805,-5.94509326058897,0.268113653874025
cylinder-bands,logloss,0.177777777777778,0.807549725870203,0.393117593832653,0.89984221598878,0.635339584901242,-2.13313870268966,11,0.145415609166957,0.481565077323467,-2.03096658534356,-4.11396764966927,0.881594197568484
diabetes,logloss,0.213550922761449,0.751165242165242,0.450491403072603,0.851538461538462,0.520583735239689,-0.355255082910915,1,0.566963396011852,0.976252607977949,-0.57380999724466,-3.64423593874414,0.509734779479913
dilbert,logloss,0.008,0.992019910480704,0.0262178686924159,0.999932629868933,0.990020926061997,-3.55402853225205,4,0.202712602540851,0.212117197434418,-4.65211364326698,-4.75322714991204,0.785234065307304
dna,logloss,0.0310729283728633,0.96694086439172,0.102404738546472,0.996479628853835,0.94977258536212,-4.14268500409703,9,0.346152706840076,0.12893766365014,0.749328694321876,-3.07871294991425,0.894669087883085
dresses-sales,logloss,0.354,0.612068965517241,0.622515326439912,0.685221674876847,0.248592412554851,-0.272001474696463,6,0.128097320022061,0.888234194996767,2.55944361329996,-4.58870890286756,0.153642123169266
electricity,logloss,0.0500750103776612,0.94841368902071,0.128559443794284,0.989483174726389,0.897493059395471,-4.08868290158055,11,0.998839631327428,0.926328117446974,-4.35850565688896,-2.78525773626142,0.986446171510033
eucalyptus,logloss,0.304535357275083,0.655931401931402,0.706226062632901,0.93008176671813,0.61198928865042,-2.34664165646737,3,0.854370986204594,0.355611599911936,-0.837350877310642,-2.63484745562577,0.717868157569319
fabert,logloss,0.270491571211174,0.706771561130307,0.767945623616146,0.951971581552958,0.676078741898932,-5.13346967336395,11,0.905996314086951,0.34938383998815,-3.49406964606442,-6.06814719704091,0.857630596030504
first-order-theorem-proving,logloss,0.363681899382775,0.514274101080243,1.03137843729029,0.869124473439237,0.503763271086908,-6.00440238662674,11,0.831798432325013,0.86082059876062,-5.97006101508377,-6.12176990891703,0.632029183791019
guillermo,logloss,0.1506,0.826941654588353,0.350840187564965,0.918597866767321,0.685507926957896,-5.57894247864116,9,0.791373947681859,0.980777353141457,-6.64154406073269,0.991807081124672,0.932665749033913
har,logloss,0.00543745931104758,0.99482179697169,0.0140514123881358,0.999963917372014,0.99346569780688,-1.79256194755945,3,0.688240874093026,0.496621349593625,-5.75548055746902,-4.78143016456607,0.8670968526043
higgs,logloss,0.264742478327384,0.734014522236298,0.519586710416765,0.816604787785603,0.468432427948849,-5.44481074722498,11,0.856680868566036,0.731590906344354,-0.286891104198056,1.61880867870037,0.905735562508926
ilpd,logloss,0.269140853302162,0.6045281222245,0.492341946629263,0.771279975404796,0.242848991965982,-0.572894189187092,5,0.407283226703294,0.124172650603578,2.25007079987475,0.398021749301525,0.262502532545477
jannis,logloss,0.269869778583344,0.553139628540021,0.667610014709809,0.866836292084214,0.571606616546413,-5.80818141072336,11,0.732801228645258,0.621908657019958,-2.7206926449722,1.49000855906318,0.997382255154662
jasmine,logloss,0.175948912482324,0.82407158836689,0.386331229444868,0.888386018647809,0.666346078183826,-3.64048488487443,11,0.48326678450685,0.439881546795368,-0.730955623770278,0.626891577667502,0.983283660165034
jm1,logloss,0.179237900394318,0.581017807486971,0.418455058512501,0.760618618691041,0.270874331801264,-6.10080996805285,11,0.866136315837503,0.261237881053239,-3.16594038920456,-1.75063782464613,0.990705446503125
jungle_chess_2pcs_raw_endgame_complete,logloss,0.132176054760837,0.813707537671182,0.224196331562058,0.978871713857061,0.769155397754588,-2.26851315598061,11,0.776523168035783,0.916628177603707,-1.97552332592829,0.77767408219336,0.993952009058557
kc1,logloss,0.133714737079666,0.628735792779658,0.324105500925152,0.832817733863651,0.363668966837243,-0.0460762510242711,4,0.624954737653025,0.819561107037589,4.70904507770807,-4.1404193460466,0.478637547185645
kc2,logloss,0.122750362844702,0.761831380002112,0.323341109618204,0.866883380846796,0.591110138319417,-0.291648452779357,9,0.569305193726905,0.182957427180372,1.80008945255014,-0.0271506378676225,0.18700819038786
kr-vs-kp,logloss,0.00438185736677116,0.995633602552563,0.0146804919879072,0.999856648527953,0.991287209294002,-0.0637201047478625,8,0.8237412474351,0.588999089202844,-4.70269367405247,-5.31073385849584,0.82088344655931
madelon,logloss,0.133076923076923,0.866923076923077,0.334898733069034,0.931834319526627,0.73427253499462,-5.97722910980598,11,0.830526011437178,0.43319329705555,-6.31658435059452,-4.26238434820968,0.999664100888185
mfeat-factors,logloss,0.024,0.976,0.0868363708318213,0.999594444444444,0.973454260544906,-2.40913314767356,2,0.565364980488084,0.40525861592032,1.22264842841745,-5.26684582891526,0.750058714626357
mfeat-fourier,logloss,0.148,0.852,0.378466003507741,0.988405555555556,0.835982460444952,-2.23926478975667,3,0.406333577819169,0.835983347264119,-6.13228016353269,-6.41809916308137,0.997680737241171
mfeat-karhunen,logloss,0.0335,0.9665,0.122556849460055,0.999483333333333,0.962924393689966,-3.87911441161132,3,0.274401128152385,0.621545859961771,-2.14150728917921,-4.9188064362466,0.650314405933023
mfeat-morphological,logloss,0.265,0.735,0.616414463148219,0.971716666666667,0.706863194866426,-1.43114377314321,1,0.64137404023204,0.955267075682059,-2.18931550214308,-3.37631688522005,0.438987626880407
mfeat-pixel,logloss,0.0225,0.9775,0.0837637902802538,0.999827777777778,0.975083854405936,-4.10180155570932,8,0.122860314045101,0.746507400320843,0.483949069990695,-6.57570401166804,0.907740446273237
mfeat-zernike,logloss,0.2095,0.7905,0.436734235927755,0.977738888888889,0.767729068937735,-3.82668891692819,2,0.863212436856702,0.928241525520571,-1.27500997561717,-6.80103197613857,0.212454482913017
mnist_784,logloss,0.0180857142857143,0.981791148912273,0.0588414318244007,0.999838815832882,0.979902176159947,-3.79843303462509,5,0.318233250803314,0.43157231095247,0.526625349444183,-5.61618453923319,0.73624251014553
nomao,logloss,0.0239663600082234,0.969263050339981,0.0638172898180745,0.996757507004702,0.941153176701724,-5.40695193599389,11,0.102383358962834,0.945873461291194,-4.77060130801938,-5.74795468172382,0.876161954225972
numerai28.6,logloss,0.477720099667774,0.521318174954152,0.691424348489137,0.53224491232275,0.0434161766712874,-1.83655054645938,4,0.911587112443522,0.457591983489692,-2.80420967628819,3.63400342786363,0.353781602042727
optdigits,logloss,0.0142348754448399,0.98576249204516,0.0477220558920823,0.999867728289671,0.984214179351978,-4.45327895712137,4,0.278231681580655,0.653796694008634,-2.83899987681781,-5.25376889987608,0.804189072339796
ozone-level-8hr,logloss,0.0501182658491799,0.646842534482147,0.134003927224931,0.936974900719782,0.449243267904512,-2.09122117395848,5,0.28442490848247,0.596141867549159,-3.31008391618328,1.3508526205561,0.431267437036149
pc1,logloss,0.0604095004095004,0.617068974714606,0.162932214421588,0.895269657526939,0.384298843678294,-1.31527815946929,5,0.981046747928485,0.416533204191364,0.994819419327417,-0.702681970950476,0.395058787753806
pc3,logloss,0.0979136044422669,0.568943768996961,0.243794632163711,0.865495978976697,0.223186478343974,-2.86027661666713,7,0.750354689895175,0.150367505755276,-4.45053075290517,-3.11205683078296,0.973493812256493
pc4,logloss,0.0788663202645253,0.776141237745098,0.165145669086232,0.957523999183007,0.604121196856834,-1.59580683968589,2,0.652359749143943,0.688519073231146,-6.82362201330329,-2.58531471928142,0.626878034905531
pendigits,logloss,0.00591281330134833,0.994085996369101,0.0240883679630807,0.99993159825736,0.993435444141109,-3.70453213021503,5,0.522194572421722,0.924579569255002,-6.76737795640869,-5.57831507116042,0.621132173226215
phoneme,logloss,0.0895608270007531,0.890365687662536,0.221888156035584,0.963338843315079,0.783518870377308,-3.67071419841715,11,0.807120121829212,0.843233997770585,-6.50481276118246,-1.21035548973482,0.869323720596731
qsar-biodeg,logloss,0.114636118598383,0.861871980676329,0.281952179616687,0.942504650169246,0.740532633935168,-0.795140457525442,5,0.305501953768544,0.688699521776289,4.30351389308326,-2.86556102375201,0.83890399900265
riccardo,logloss,0.002,0.9986,0.00932714361524441,0.999799866666667,0.994697000316332,-3.62308499176504,9,0.141512157069519,0.301457717968151,-5.57205082007602,-4.2384139653722,0.912086369190365
robert,logloss,0.4423,0.558479225631493,1.25048427998283,0.933660584027949,0.508723673815011,-4.43134001341798,4,0.186926677636802,0.18249079384841,1.24419666522058,-6.06004118123423,0.575109993177466
satimage,logloss,0.0738724727838258,0.906464030776008,0.198396442756537,0.993941265054103,0.908971173394351,-3.91199111236697,7,0.990274672000669,0.134093951061368,0.278175142626608,-3.1365291112983,0.408786175912246
segment,logloss,0.0601731601731602,0.93982683982684,0.156203856960625,0.996593642048187,0.930051142900253,-4.14598054955607,6,0.452481140871532,0.382041261927225,-6.38440925491727,-5.6203941718291,0.78182226526551
semeion,logloss,0.048309748427673,0.951563725490196,0.156035795868718,0.999070601851852,0.946721781006252,-3.29114060810177,4,0.128687912900932,0.174316805880517,-0.32652053375114,-6.52295825524998,0.994759162026457
shuttle,logloss,6.89655172413793e-05,0.968568295052173,0.000354732459093068,0.999984368710159,0.999806073745499,-1.75882883999138,7,0.978793797233491,0.768763841756038,-5.77249518592101,-5.16272753019217,0.979760013080202
sick,logloss,0.00848525676111883,0.952884733480717,0.0254655461830246,0.997585109032974,0.925375397478566,-2.40424834963483,6,0.854576689633541,0.707564280857332,-5.96125860860945,-3.70151927734441,0.987933502299711
spambase,logloss,0.0421602376685844,0.954700626485911,0.11518950390284,0.990399231708344,0.911710502990413,-3.41618919197124,11,0.552891091718571,0.257816734686494,-3.53126462929438,-2.73328375161465,0.782110294051119
splice,logloss,0.0269592476489028,0.970125720471313,0.0911607157778377,0.996982937267589,0.956284728097155,-5.75071514146878,10,0.182321411720477,0.966536084958352,-2.93435664636952,-6.4770649992135,0.942861527274363
steel-plates-fault,logloss,0.189587628865979,0.816461039984748,0.477798352065773,0.978904504532752,0.755346640161772,-2.71368706628137,6,0.594877792941406,0.844216589839198,0.174747592717574,-1.49833285516546,0.98326292145066
sylvine,logloss,0.0505448190789474,0.949450541099222,0.130122447477076,0.988418311924322,0.900531146675127,-2.77343068298047,11,0.569589123362675,0.867195253423415,-6.07182355973534,-0.178627416489483,0.99928878985811
tic-tac-toe,logloss,0,1,0.0115277357095851,1,1,-1.03666819968891,3,0.848147719819099,0.564341012411751,-3.38278778832275,-5.26490924628712,0.996775347320363
vehicle,logloss,0.208025210084034,0.79400974025974,0.403397127819529,0.949415084674825,0.724482334218923,-1.79785410843752,2,0.671967084496282,0.616785629210062,-6.45779711744527,-5.45149864556194,0.366167602594942
volkert,logloss,0.272440404733322,0.647637547815736,0.772378708579234,0.963533550908563,0.677853516573997,-3.8639869187015,10,0.782070205523633,0.604383345134556,4.15044750804755,-0.265902128024068,0.983092471887358
wall-robot-navigation,logloss,0.00238162449171624,0.995101939076303,0.00700047267024986,0.999992573981096,0.996417341234443,-0.343061346461094,2,0.988983249757439,0.918810749333352,-1.49029921774531,-3.97136229770037,0.605023103952408
wdbc,logloss,0.0158208020050125,0.981616161616162,0.0551422210916832,0.996107503607504,0.966587997598234,-0.579942816628942,1,0.339514676644467,0.875245629693382,-2.19593823870211,-4.58512835524799,0.614988410659134
wilt,logloss,0.0138446862755163,0.905760044257507,0.0385902982153603,0.993824963344471,0.857639389083485,-1.95296640281628,3,0.950429162499495,0.980185036524199,-1.75973718805069,-2.90677407027155,0.611830048984848
APSFailure,auc,0.00572368421052632,0.879608187105158,0.0180435793629353,0.994614328701291,0.828256835902438,-2.46244588313055,11,0.837280299048871,0.247443034709431,-1.32771552682421,-6.44543937242722,0.285846201190725
Amazon_employee_access,auc,0.0551435375054539,0.546232985633252,0.458391388579961,0.864293677022913,0.240144649465777,-5.42355385425558,11,0.189274728670716,0.840002877404913,-6.68640277322462,-4.31782318148123,0.999805009481497
Australian,auc,0.120289855072464,0.878914283226677,0.288753023570286,0.956301713755025,0.760050923009084,-1.19041419239454,2,0.900569252856076,0.53825804037042,-5.53503133243133,-6.80891853434689,0.294448934402317
Bioresponse,auc,0.191416312056738,0.806065573642899,0.433765772846032,0.889559966607295,0.614099437234108,-3.51403611227209,9,0.967637760611251,0.675189360696822,0.831181280081716,-2.28398249450934,0.727487902715802
Fashion-MNIST,auc,0.0865285714285714,0.913471428571429,0.235955009712131,0.996065256235828,0.903913271421945,-3.92451394997247,5,0.841431990847923,0.207220898428932,-5.71225411735773,0.570392827725184,0.944090231298469
GesturePhaseSegmentationProcessed,auc,0.283499973337599,0.65619132489093,0.770779321962469,0.933865683919076,0.626539104325198,-3.44769087004684,11,0.970548561098985,0.424697741144337,0.0858067629562438,-6.82075146288329,0.654798920056783
Internet-Advertisements,auc,0.0234812038487357,0.928894542090657,0.0880078861604292,0.987657947031213,0.899824319051419,-1.55835359799826,11,0.198008749936707,0.363672508462332,-2.15968204533207,-1.31792484866393,0.986458807857707
KDDCup09_appetency,auc,0.01782,0.49998981877418,0.58581085140362,0.756188126173987,-0.000190400668067672,-6.59135665076861,11,0.119716413039714,0.11319288907107,-6.87002944506311,-3.87440619129531,0.540421621012501
MiceProtein,auc,0.0185185185185185,0.981749084249084,1.49707573213005,0.999981684981685,0.979115020915798,-5.43126805662608,9,0.431100936396979,0.329514987161383,-4.29712295328488,-4.06164712149915,0.812498227297328
PhishingWebsites,auc,0.0274079680557715,0.971720154013206,0.0632923588932503,0.997445429972739,0.944503375475144,-2.61185350389647,11,0.216759774135426,0.982182124070823,-5.23339397394316,-6.8573051214181,0.816898347809911
adult,auc,0.124257861192355,0.800264065485726,0.270366324459149,0.931651617146471,0.642180079747469,-3.29812415739923,6,0.341951048839837,0.879238797700964,-2.87546069248473,-6.84292942799762,0.916625143145211
analcatdata_authorship,auc,0.0475210084033613,0.889605848364559,1.31622449314915,1,0.931649115724989,-4.54283701970928,8,0.458298987153568,0.590675212116679,3.22407484897818,2.19219512117186,0.544854520046036
analcatdata_dmft,auc,0.708924050632911,0.2940086996337,1.79821831223863,0.669257396449704,0.152682615185632,-0.0151511628070312,1,0.505819405592047,0.772984070144594,-5.28100191355369,-6.51266687279797,0.147307299519889
balance-scale,auc,0.057552483358935,0.758850574712644,0.20289807030918,1,0.900285586344709,-0.0375702868123158,7,0.453976366575807,0.488376461202279,-6.65901336806332,-6.63324195324915,0.450164117547683
bank-marketing,auc,0.0909733935134491,0.71368743925096,0.194306358469828,0.938817397246257,0.502498645200373,-4.13918362847993,11,0.409022690169513,0.726373906084336,-4.28309153407235,1.082912684383,0.971318889013492
banknote-authentication,auc,0.0116470961599492,0.988230729581032,0.218756200459789,1,0.97677421645064,-2.99587252716176,10,0.779359451991972,0.476929479214829,-4.42772805383278,0.20965891560295,0.475727033077157
blood-transfusion-service-center,auc,0.201855855855856,0.619857241142071,0.464772602392629,0.792113863089095,0.340826532620578,-1.30145960528132,2,0.965727587742731,0.802723976434209,-6.44206986758627,-6.73342997125559,0.1185752393445
breast-w,auc,0.0257971014492754,0.975415458937198,0.0885278047477263,0.99755305958132,0.944456029320314,-0.659508268510502,4,0.661354906148394,0.433518667870434,-3.33637380292696,-4.27420512440823,0.417659837517305
car,auc,0.0138896357037236,0.966317653638228,0.0770899439655808,1,0.970121923211499,-0.493577937439734,9,0.135221846522763,0.10582176981424,0.173400396111031,-5.59622909040812,0.837672243664041
christine,auc,0.253234068385046,0.746765750990843,0.527012941751606,0.827972819703597,0.494143052327969,-4.05182696412802,8,0.608360484638251,0.307224121596664,-4.3412222218612,-4.52228001907101,0.96936498566065
churn,auc,0.0472,0.862595456732371,0.162487532410971,0.939947912552564,0.794834554920399,-1.20304217021345,4,0.858633765671402,0.997834754083306,-2.72276148759406,-2.68808019400335,0.40234260042198
climate-model-simulation-crashes,auc,0.0537037037037037,0.6825,0.228732482974512,0.973576530612245,0.547380442627855,-1.96793406883434,3,0.965897424588911,0.595552432211116,-5.37743932159147,-5.45944841141859,0.676907834410667
cmc,auc,0.425657289943004,0.544362458119574,0.968545992763362,0.772539454364528,0.333254057598256,-3.17783510425459,11,0.792969073406072,0.990886982031283,-6.34112053381716,1.03809809716646,0.451780832776683
cnae-9,auc,0.0574074074074074,0.942592592592593,0.864316406164639,0.99873649691358,0.936055218334966,-3.78249072275304,11,0.444822620460764,0.147615580470301,-4.88287459943776,-4.48962786469233,0.926293456810527
connect-4,auc,0.122563263665841,0.738674358328358,0.307999078568211,0.947350540113505,0.74719024475083,-1.76538420438655,11,0.443644260661677,0.674173150700517,2.23898032478075,1.05264503451698,0.996753245498985
credit-approval,auc,0.123188405797101,0.875715902659876,0.33113241888754,0.952659077387431,0.753957524284601,-1.36964021265551,3,0.901431979518384,0.359819987951778,-5.71059404326184,-0.774422664679539,0.869618604751304
credit-g,auc,0.227,0.692142857142857,0.495582900264379,0.831190476190476,0.42511300740528,-2.43951538190849,8,0.894492246909067,0.651619841670618,-2.15495015672718,-4.10226406681975,0.260595020931214
cylinder-bands,auc,0.148148148148148,0.837230850758638,0.396696711244563,0.908981934527604,0.698294859914294,-1.4662944325771,10,0.142036835500039,0.95192913969513,-0.00410105697443708,-6.20888658203072,0.871336615364999
diabetes,auc,0.214866712235133,0.747538461538461,0.652666569177141,0.857603988603989,0.516618022669822,-5.04441748234128,7,0.861655096011236,0.932545337127522,-1.89632821487172,-5.21919713404242,0.390758101968095
dilbert,auc,0.01,0.990072133029073,0.0334141999771407,0.99992306555493,0.987530284793854,-2.60495581728385,4,0.185106042982079,0.917356366966851,-5.89271615755275,-5.77888449684382,0.948467205814086
dna,auc,0.0429989550679206,0.947587469952721,0.948675308933646,0.996809562240761,0.930118975645054,-6.18279735176237,11,0.132400575070642,0.715116926515475,-1.43532669286809,-3.84231350984627,0.999948453181423
dresses-sales,auc,0.304,0.682758620689655,0.782795389531964,0.737766830870279,0.376080501507092,-0.236340454514849,1,0.631432636827231,0.896397500648163,-6.14255539184678,-4.27732107786347,0.150578466523439
electricity,auc,0.049567381554898,0.94897745594625,0.128474007207624,0.989599520258105,0.898536594462631,-3.92210162766118,10,0.942753019346856,0.901850664173253,-3.84564281269288,-1.71622329949815,0.963756908010691
eucalyptus,auc,0.323454276194002,0.639990897990898,0.935978787772115,0.932374579965489,0.587635161477027,-2.65148595390664,4,0.577615619171411,0.904992309189402,-4.86074638340685,-1.15938860562478,0.998831241042353
fabert,auc,0.275466856987814,0.695871761656887,0.843479865967494,0.953420497911668,0.670259586106772,-3.49210310976598,11,0.120714635262266,0.733755424711853,-0.745376012878983,-3.62538169876332,0.994905405701138
first-order-theorem-proving,auc,0.367442476172138,0.509008734416934,1.07512905094923,0.869346637268049,0.497839884164377,-3.7292525771461,11,0.722933133994229,0.770967585826293,-6.86746225918839,-3.12760980444963,0.680611182819121
guillermo,auc,0.15125,0.826233632714112,0.368160529063447,0.918951397723433,0.684121046190444,-4.91143358412719,11,0.975952288159169,0.601055123563856,-3.11944430268668,-3.81882546409076,0.990159884141758
har,auc,0.00592289620425146,0.994332857092564,0.0172103975269107,0.999953923612557,0.99288739917196,-2.0554231138133,2,0.767171355483704,0.974333632983733,-5.67700504562581,-5.8549471857969,0.727633344338741
higgs,auc,0.264660887302397,0.734096474100136,0.519681597296843,0.816669351412767,0.468595438089595,-5.28723707303648,11,0.995997305749916,0.842007333482616,1.96987573059107,0.725047609705241,0.841877764347009
ilpd,auc,0.219403857393337,0.696109602377536,0.51409571303784,0.808798229657717,0.429951848510268,-0.501504576148617,2,0.586056824098341,0.403306827740744,-6.33257464077083,-2.6293527648974,0.343926892662421
jannis,auc,0.273333091161495,0.552931024233211,0.675228097886892,0.869896334870541,0.566161470069384,-4.70187344625255,7,0.952176575362682,0.524564453074709,-6.22862386020054,1.18693679225871,0.906275074812584
jasmine,auc,0.17930461718031,0.820693512304251,0.411685359891988,0.892095220935994,0.660222433273227,-2.95764991928461,11,0.624797983071767,0.169939328031614,-6.70281080323129,-5.85822928296831,0.831900941114873
jm1,auc,0.180156933641225,0.580809498251305,0.432002101483704,0.762740240332419,0.267829145765957,-4.59414014952204,11,0.927913724794053,0.319456527335569,-3.79967433151319,-0.344008459192128,0.671629252308048
jungle_chess_2pcs_raw_endgame_complete,auc,0.129297850480999,0.820064954124107,0.23779704810321,0.980013592297061,0.774336623523663,-1.47970870710797,6,0.990960319014266,0.877528822189197,-1.96289973565301,1.74762613299491,0.995810633851215
kc1,auc,0.137977883096367,0.602605441696483,0.592654566679112,0.841246960435914,0.329548586434907,-5.70943272736978,10,0.246901178825647,0.663614665297791,-5.56716705619805,-1.90368283809836,0.977890336303972
kc2,auc,0.145609579100145,0.729261957554641,0.361306671305456,0.889093020800338,0.519513221408499,-0.313074655396102,4,0.202755571319722,0.183146089781076,-0.558839936412642,-0.0338356106393745,0.104519547545351
kr-vs-kp,auc,0.00594533699059561,0.993971873075315,0.0765064313403921,0.999892024516499,0.98818787644742,-1.06343363921088,9,0.61715014539659,0.707618178590201,-2.69743915910048,-4.25580141799407,0.933762936387211
madelon,auc,0.132307692307692,0.867692307692308,0.581900082445085,0.934621301775148,0.735938327098834,-6.35784069515735,10,0.990851000556722,0.283731423760764,-6.89446765778183,-4.67578645478944,0.981404993403703
mfeat-factors,auc,0.0365,0.9635,1.36981296433984,0.999655555555556,0.959635990511027,-4.91063877784834,5,0.285776372544468,0.546854986168095,-4.31967304400394,-2.83857515112697,0.493217840131023
mfeat-fourier,auc,0.1505,0.8495,0.864467440451884,0.989311111111111,0.83341031123573,-3.91429021739589,6,0.75410920123104,0.954715669667348,-2.11759279605623,-6.59723388447808,0.982529984158464
mfeat-karhunen,auc,0.0425,0.9575,1.50731083570236,0.999572222222222,0.953010042744042,-5.14216413751561,10,0.524537686420372,0.665345180700999,-4.41023177702095,-3.50247972070334,0.927960967659368
mfeat-morphological,auc,0.2605,0.7395,0.640763852879479,0.97385,0.711988599861818,-0.375455661884677,1,0.822718835039996,0.952258694753982,-1.32511720997643,-6.19921179420908,0.330555772269145
mfeat-pixel,auc,0.029,0.971,2.10642826827798,0.999877777777778,0.967922669898107,-6.34814260413935,8,0.165771725075319,0.552637707395479,-5.54798281439278,-4.55320013270158,0.668550249445252
mfeat-zernike,auc,0.2125,0.7875,0.631703834978273,0.982083333333333,0.764539952868829,-1.83991106873758,1,0.827246567932889,0.749369178828783,-6.49291647059736,-0.558661324143472,0.166421890445054
mnist_784,auc,0.0178285714285714,0.98204743131218,0.0603344577221455,0.999838007725622,0.98018795191194,-3.86460150130215,5,0.514108884870075,0.442271011765115,-5.62108659633743,-3.56468681660678,0.87374266225379
nomao,auc,0.0235020367286331,0.970136817413541,0.0652429445879602,0.996775049554118,0.942331445200965,-2.82193102773532,11,0.10194528864231,0.878067061281763,-4.89174134904642,-3.44943613936767,0.942612737929448
numerai28.6,auc,0.47719061461794,0.521915558538573,0.691472337896428,0.532654822877499,0.0445493578975024,-2.45592406329169,6,0.869367458834313,0.789774681814015,4.74409176297295,3.88896638993212,0.350154391699471
optdigits,auc,0.0185053380782918,0.981488175768575,0.0574058458844481,0.999859341395614,0.97948154212032,-1.30040607417529,7,0.862923628137098,0.668896701094462,1.10947564542495,-3.54024994401887,0.626313398781698
ozone-level-8hr,auc,0.0548473436867822,0.615169707123356,0.189630752775527,0.94166683287239,0.360193487635463,-2.61668723723203,11,0.177063848287798,0.89764980727341,0.431263191963161,0.0562199736547484,0.62082558311522
pc1,auc,0.0667403767403767,0.655831910807639,0.229298969490233,0.918283900565454,0.407477668441757,-0.983533281982566,8,0.960630970471539,0.88206218269188,-5.4610203711577,-4.96652359481345,0.854526520799846
pc3,auc,0.101086068920464,0.572706433637285,0.310879496783715,0.877376836372847,0.238995578619066,-2.92693198649519,10,0.501919100899249,0.940037204767577,-2.50903965361101,-3.967763225254,0.577556150616147
pc4,auc,0.0850307038261691,0.719618055555556,0.233304472394588,0.958953737745098,0.546829900604845,-2.95547893599804,11,0.601207457738929,0.866648299875669,-6.56823266176747,-4.62430570697347,0.720471799862571
pendigits,auc,0.00664066506741666,0.993365906562962,0.027342365424071,0.999944919933169,0.99262696559416,-1.07618910508731,3,0.911773036047816,0.583305352483876,-0.0730723968543288,-3.34148806208311,0.825230620894581
phoneme,auc,0.0923334702539878,0.886945332206544,0.228509927963601,0.963644327118163,0.776889035546583,-3.22192524166586,10,0.882358542690054,0.95208810584154,-4.85495331397824,-0.754704647954931,0.99905479750596
qsar-biodeg,auc,0.122228212039533,0.853419599723948,0.342814063865521,0.948034769463341,0.7238613369358,-3.08371591891365,6,0.547673450224102,0.11327958854381,-1.99945980501953,-2.55514832710304,0.876291930302978
riccardo,auc,0.00345,0.995233333333333,0.0359215910193492,0.999859866666667,0.990803052800308,-3.37252348222595,9,0.981545066321269,0.583450939645991,1.50872093727774,-2.30652135117062,0.942173994961195
robert,auc,0.4505,0.550267666488597,1.29707704608247,0.933191090369388,0.499754760494699,-3.76800368576293,10,0.153175286366604,0.110845719184726,5.8048116758902,-6.54989133979038,0.435482600168325
satimage,auc,0.0734059097978227,0.906547779237096,0.207272554691391,0.994014508604975,0.909553488434798,-2.67433443154454,10,0.500866756937467,0.392907700547949,-0.0578616387241056,-5.83903280493432,0.473731583845802
segment,auc,0.0614718614718615,0.938528138528138,1.30819023076415,0.997127115308933,0.928660781291507,-4.87710746122833,11,0.604600692703389,0.721038402686827,-5.73503250366448,-3.23071650397236,0.997369440062903
semeion,auc,0.0508451257861635,0.949100490196079,0.377524582358632,0.999184708605665,0.943860637418032,-2.51489096735965,11,0.134948756406084,0.742441090778448,-0.117107325512987,-6.85995218696362,0.952112570521422
shuttle,auc,0.000844827586206897,0.773806129602632,1.61843943476272,1,0.997622055009576,-4.06466789522094,5,0.86235497382842,0.766734705378185,-0.200539692081869,-4.35600842763108,0.552293362474768
sick,auc,0.0106058692265589,0.935493429132891,0.281951123628536,0.998517682900811,0.905687835463665,-3.3859001088018,9,0.816366897639819,0.703125493158586,-3.70697058478764,-5.99542044791442,0.874701649625786
spambase,auc,0.0417263981891917,0.955349271124521,0.118453820422709,0.990582430970819,0.912747078435159,-2.37952621394979,11,0.795159666938707,0.139401116920635,-2.7539972920655,-4.28801911870317,0.830982962832786
splice,auc,0.0307210031347962,0.963048480090332,0.896071895420858,0.997871989061429,0.950003541300107,-5.85961427191029,8,0.146122678020038,0.999558438826352,-2.74449223527552,-3.48041177922855,0.378961559175514
steel-plates-fault,auc,0.202476870208829,0.801910390426419,1.56266091409745,0.981105934779679,0.739055563823914,-5.45568917432968,11,0.95502875931561,0.48644048338756,-4.3406347606492,-4.02920482294629,0.987630229745992
sylvine,auc,0.0499588815789474,0.950037998540856,0.139391077253254,0.989295336059095,0.901693537380077,-3.28658457990127,11,0.747496157279238,0.985694570234045,-3.48322012881924,-6.51778232728635,0.89231432126835
tic-tac-toe,auc,0.0114802631578947,0.98762393520458,0.0805062575914684,1,0.975113251708806,-0.0495780412063379,3,0.830884101809468,0.88249331867334,-6.81756885604613,-3.79992552387044,0.95919250671484
vehicle,auc,0.202142857142857,0.799972943722944,0.47726737973591,0.955445112025768,0.732617174170775,-0.329017718361579,2,0.825675030238926,0.671474374434911,-5.00272632062468,-6.06120021007093,0.394052359438501
volkert,auc,0.274755616532327,0.646856205788746,0.776732349075256,0.963791503248497,0.675159269173154,-4.00424960222258,10,0.8734741903143,0.831633889698423,2.64773775322696,1.80764352887818,0.969410814973526
wall-robot-navigation,auc,0.00458110696642807,0.988200258533215,0.0393024464773822,0.99999278336043,0.993102108179027,-0.869363794229735,3,0.969264472389245,0.923928343645763,2.43996022067511,-5.75172670654024,0.694282025798573
wdbc,auc,0.0316102756892231,0.96245670995671,0.220774326173536,0.997305194805195,0.93306460972078,-2.84484084008083,11,0.800135069762473,0.317571228338871,-2.19162954165963,-5.45469264967093,0.488789034389425
wilt,auc,0.0152905395000257,0.881486291162794,0.0469423036407673,0.995409143874549,0.839170143295169,-2.45459806172147,10,0.995711483270861,0.930131093156524,-5.48414912727003,-3.14624453214863,0.199053524620831
APSFailure,mcc,0.00448684210526316,0.903111322031674,0.0183279785929162,0.992093765163786,0.866849301963488,-2.95177218699064,10,0.977046506851912,0.734915792336687,-2.44208177165634,-3.45929574442305,0.657103594951332
Amazon_employee_access,mcc,0.0573713617274801,0.642985399043589,0.355942022223173,0.813595844088834,0.365871901566887,-0.294173062754158,11,0.383565333741717,0.789314595796168,-2.35853166971274,-1.92501508487794,0.758028415497392
Australian,mcc,0.0811594202898551,0.916843846589178,0.352761508841148,0.9418106162843,0.838118714288394,-0.781674698515414,2,0.513207287969999,0.837354577169754,-4.29994586475974,-3.14248230033602,0.175600411789492
Bioresponse,mcc,0.176487234042553,0.820774996361605,0.446187396281929,0.881780542471588,0.644309563237247,-3.07837384329343,9,0.478160172863863,0.477511314861476,0.362751421545129,-4.05425807664173,0.822661990858614
CIFAR_10,mcc,0.385833333333333,0.614166666666667,1.20425760732724,0.944067814814815,0.571406936954139,-1.7830816189525,5,0.397327491710894,0.566059523634613,-5.36937863837451,-1.8838459749115,0.938741664704867
Fashion-MNIST,mcc,0.0838571428571429,0.916142857142857,0.276830160928405,0.9957840861678,0.90688917308477,-1.85047491314567,7,0.848348467238247,0.615898334980011,-0.606577897211645,-2.91407003101051,0.818563055177219
GesturePhaseSegmentationProcessed,mcc,0.277626656658012,0.663462852071751,0.800322762342345,0.931741731287891,0.634601182773854,-2.56478788269199,11,0.887599514145404,0.566316376999021,-1.70603517550514,-3.9144135093019,0.884730225242674
Internet-Advertisements,mcc,0.0182973446706944,0.944668002877994,0.0893636870029302,0.977037294000754,0.922485443424929,-0.232925123324686,10,0.152727857022546,0.794151509646326,-5.9255716250419,-5.54956558537392,0.926358409854583
KDDCup09_appetency,mcc,0.02534,0.533119985174305,0.410692286589496,0.600935414421649,0.0949048271809082,-0.14556854903965,8,0.157516221003607,0.148510490078479,-6.75785377327382,-1.18918324676407,0.216405634954572
MiceProtein,mcc,0.00740740740740741,0.993145604395604,1.88696165621841,1,0.99167721505722,-6.84811896249319,11,0.330116298398934,0.775102548813447,-3.74590703978111,-4.24384421324934,0.940272229351103
PhishingWebsites,mcc,0.0218001358284307,0.977255022389025,0.0726775181096792,0.99663136752473,0.955905280122636,-0.764439317383768,11,0.936143950931728,0.608975640265271,-3.87734309205435,-1.35199833236155,0.562155244452879
adult,mcc,0.122558551852308,0.803902764108531,0.27450439267326,0.929776406665976,0.647683748116647,-1.85141294359706,6,0.154695691308007,0.988148184632882,-3.38980709256245,-4.43297204776474,0.851746887876652
analcatdata_authorship,mcc,0,1,0.454457433313758,1,1,-2.05322480660019,4,0.859477565840236,0.124155196517124,-3.10994473846443,-3.66739462950014,0.565224967533606
analcatdata_dmft,mcc,0.676360759493671,0.321929945054945,1.80274203852354,0.63460536810056,0.191549057465428,-0.441599916654913,1,0.531144615449011,0.611519772093743,-3.32816778842285,-1.50048212429274,0.106045684451237
balance-scale,mcc,0.00960061443932412,0.96,0.144975195985289,0.996970443349754,0.983363857164173,-0.00744321043453161,11,0.180094664217904,0.124024344561622,-5.46011585523496,-5.48881825534429,0.606625982839614
bank-marketing,mcc,0.087832607984695,0.74523913866339,0.197228891237979,0.935335768085938,0.539587737876413,-1.01035510337018,10,0.971644994290546,0.632059715921059,4.47619967161213,-5.80629365560148,0.958594208443537
banknote-authentication,mcc,0,1,0.033099077965038,1,1,-1.24414926752602,3,0.967031214246526,0.774797815084457,-6.53300855440287,-5.4150471003501,0.197801594343036
blood-transfusion-service-center,mcc,0.159063063063063,0.700550395596835,0.478092019998391,0.744656576080725,0.519551865707342,-0.331064566973495,1,0.38274729331024,0.316081309481524,-0.273468527431036,-6.15175620593943,0.208919070335105
breast-w,mcc,0.0171635610766046,0.983894927536232,0.0918496341231917,0.993942351046699,0.96337055612671,-0.221378272926323,1,0.970507803675719,0.415004907897674,-0.762030346847017,-2.41830993160148,0.303573237825185
car,mcc,0,1,0.0393062834314784,1,1,-0.502519686155897,3,0.574770896998234,0.646142240706831,-4.84055088999502,-5.535385571896,0.877472093258984
christine,mcc,0.239396430008662,0.760604756047561,0.532473621517939,0.813274208018833,0.521895271816508,-0.208505141107084,7,0.516425902955234,0.971852705394849,6.62912432396915,-2.85561338154003,0.640376846049912
churn,mcc,0.0346,0.89352506430135,0.158002098409768,0.921021327945992,0.851681078728266,-2.00145071727517,5,0.99897963446565,0.601726752263494,-0.407279752645046,0.54827703127342,0.500156566454098
climate-model-simulation-crashes,mcc,0.0314814814814815,0.864897959183674,0.19941025856955,0.906571428571429,0.803549394990164,-1.46703050252952,2,0.891265198891051,0.548950763209723,-6.39554545181857,-4.40245346514316,0.170701158163138
cmc,mcc,0.382901268615554,0.586993756822979,0.92874418121751,0.755001818793351,0.404600212030231,-0.11116938190271,1,0.743654394103214,0.828903677524068,-4.97460825512001,-1.4965908395106,0.150149980071001
cnae-9,mcc,0.0407407407407407,0.959259259259259,0.554612746179449,0.997935956790123,0.954693675320109,-2.89691205592719,5,0.100569598725997,0.957763686729595,-2.38475302969951,-6.0035188048198,0.842799412435852
connect-4,mcc,0.121082977370446,0.741722013852925,0.31676303866884,0.945451456710444,0.750312226953859,-1.03077167558417,10,0.921542475279421,0.524743950064294,3.39085218358175,-3.86026320173761,0.959316851501353
credit-approval,mcc,0.0898550724637681,0.909374863958905,0.340611215761288,0.938145923120456,0.820179558049315,-1.69738336889258,5,0.778933030576445,0.508104022801854,-1.66032235237543,-3.62720797519926,0.321945777186193
credit-g,mcc,0.191,0.757857142857143,0.586169010551144,0.792476190476191,0.535506488825381,-0.100890295187891,1,0.861679419665597,0.143168925307691,-1.89269934958877,-4.76485019688923,0.210712234978564
cylinder-bands,mcc,0.17037037037037,0.818029213948744,0.552032405397332,0.88361636172383,0.650731606684956,-0.447141487193307,6,0.888142242375761,0.654284293414094,-2.18570129202785,-3.04593613975969,0.752447053487413
diabetes,mcc,0.179716336295284,0.778655270655271,0.536060591436503,0.830360398860399,0.594316297614389,-2.66177746985063,11,0.967257505306043,0.556697949697264,1.08222158514445,-6.54132604080584,0.189437853288837
dilbert,mcc,0.0074,0.992638237545512,0.0369593050043089,0.999897555023304,0.990771146038685,-1.78418801817402,4,0.356614465918392,0.154107201448642,-5.68472476756801,-4.2206180015583,0.653928366373293
dna,mcc,0.0279341889946965,0.971540621359899,0.151753354741497,0.996130750049522,0.954934944931923,-2.57460780202923,7,0.170011756476015,0.892617335030809,2.06260794488342,-6.68914662849728,0.411056098807603
dresses-sales,mcc,0.286,0.705500821018062,1.08232915573169,0.680295566502463,0.421236057265195,-0.100045266829763,7,0.244847322953865,0.688861813861877,-2.81351280635428,0.313684716961139,0.106265850854106
electricity,mcc,0.0496556866369034,0.948900904160968,0.136153730245142,0.988533395448322,0.898348068825758,-1.75587023740899,11,0.943769389437512,0.894529552874155,-2.04613400843875,-3.85394483332621,0.985854215733707
eucalyptus,mcc,0.282710107367642,0.680743922743923,0.808138753641809,0.926980176389267,0.640079520285722,-1.48433666657728,4,0.709892115578987,0.780287432135083,-4.18155563306934,-5.70106180557474,0.737951700482518
fabert,mcc,0.261628219042339,0.714353726686236,0.808549017393322,0.94994020122534,0.686749901817592,-2.04278020418465,8,0.998035463155247,0.655293364543468,-5.72360213547281,-3.66513664937765,0.77872342474293
first-order-theorem-proving,mcc,0.353545831862478,0.533247341199268,1.17772937230723,0.864295169971073,0.520388635952209,-1.50044642885897,9,0.988617868977599,0.622838420676999,1.15741948633695,-5.37278082784216,0.789994643488899
guillermo,mcc,0.148,0.830440318294792,0.371382884737745,0.914706453135787,0.690758215979784,-2.88049173500834,10,0.767825650377199,0.827776174922474,-5.49710872168384,-6.22888397334431,0.970005291188136
har,mcc,0.00436921509241699,0.995795482334792,0.0176455591614597,0.999943260707097,0.994750508413169,-1.41406838938705,3,0.494798487029038,0.74869334618561,-5.67531639435493,-5.35530437949477,0.907411795202643
higgs,mcc,0.264385517593065,0.734342679912553,0.524482901748854,0.812998005944604,0.469124095696862,-3.22460002368475,11,0.765818238002248,0.981103750737384,-5.97690073883536,2.75594171051203,0.843047322100028
ilpd,mcc,0.216014026884863,0.731066816970691,0.995537469944635,0.738508787661406,0.480249818904838,-0.3242457210459,11,0.281358272070065,0.16102973963134,-1.28617600073847,-5.00928376191381,0.209192165941931
jannis,mcc,0.269129284705114,0.554065059105614,0.670663993443733,0.865211598737163,0.572818449771305,-3.56852447299639,11,0.998858769936487,0.709435739391483,-3.60968880941829,1.1760299924791,0.934868397307582
jasmine,mcc,0.164894166236448,0.835120805369128,0.421002908215943,0.877867543504046,0.690378092052144,-2.02361583884465,9,0.515680271544145,0.528721317292773,2.15507895007894,-3.13143948987229,0.613821495577693
jm1,mcc,0.174368855668989,0.614892882937455,0.437425375314635,0.745772659091081,0.323652637602495,-2.55391746993111,11,0.935072776605375,0.729089667857625,-6.75712648966702,0.478930746196933,0.517145311436616
jungle_chess_2pcs_raw_endgame_complete,mcc,0.125125600968181,0.827253286269337,0.248804317532073,0.978221180075835,0.781876418133682,-0.195783599885267,4,0.978402321808971,0.834157125023194,-0.702592856208007,0.499296681525422,0.994283433910459
kc1,mcc,0.114276686978109,0.68951701692241,0.351791527373455,0.805577470811625,0.488496274811322,-0.339351831113867,6,0.789462343603373,0.499220580072142,2.76761423637199,-3.63988085135687,0.310493288259022
kc2,mcc,0.0996008708272859,0.82061186780699,0.438705875317457,0.832039647344525,0.681616947249446,-0.695677612987518,8,0.38280572083313,0.387640311638825,-3.31943083161879,-4.36578831024669,0.196102010086179
kr-vs-kp,mcc,0.00312793887147335,0.996864707118271,0.0295213936500113,0.999656747436158,0.993799512636889,-0.0977556525981204,6,0.611253823107109,0.835814330587164,-1.5699841671681,-5.25576406457504,0.762705075321719
madelon,mcc,0.120769230769231,0.879230769230769,0.629877982169118,0.927650887573964,0.758845327604783,-5.9781495530911,11,0.865821748040617,0.298393113119528,-0.87659500719283,-3.87529883125684,0.990066541591659
mfeat-factors,mcc,0.018,0.982,0.119652571541415,0.999561111111111,0.980089493913765,-1.66142673635056,2,0.549148749629967,0.910333264386281,-3.35042393802066,-6.62150247231538,0.325343126617372
mfeat-fourier,mcc,0.13,0.87,0.486954527333502,0.988266666666667,0.8562099338078,-1.7593192777366,5,0.495500867674127,0.913526608352549,-3.45376563167821,-3.02816769781038,0.955087784049101
mfeat-karhunen,mcc,0.028,0.972,0.170630908141779,0.9994,0.969028493482302,-1.79230632006787,5,0.432140166242607,0.248810061509721,-1.67398338763541,-4.1805700537397,0.620072408765554
mfeat-morphological,mcc,0.234,0.766,0.710469170624501,0.971238888888889,0.7416622280091,-0.465977147663853,1,0.885184304788709,0.288122892263345,-5.44735158371287,-2.70773503202969,0.109987913956866
mfeat-pixel,mcc,0.0155,0.9845,1.244013784869,0.999805555555556,0.982848589761161,-4.02912488698369,11,0.105739418510348,0.841844689357095,-4.50811660363205,-3.5302298120591,0.981515815155581
mfeat-zernike,mcc,0.179,0.821,0.548271689651908,0.980633333333333,0.801730268179882,-1.27932276695517,2,0.621784011414275,0.971950802369975,-3.29325851948046,0.0531997192167593,0.127240010583773
mnist_784,mcc,0.0178428571428571,0.98204004433642,0.0613855916427114,0.999827977333751,0.980171926966804,-2.34136914625207,5,0.383226146618836,0.927298861485906,0.442653814928221,-3.84107737411195,0.772635264368728
nomao,mcc,0.0231248803496644,0.971071434231749,0.0671971043615278,0.996584212844561,0.943292268230316,-2.53923199791697,10,0.15947373569943,0.747715484444052,-5.69499464333621,-5.36080588313914,0.873966894089244
numerai28.6,mcc,0.47280938538206,0.526178015216544,0.691898952079169,0.528751677683517,0.0534199353885098,-1.02712745367335,2,0.239656780952821,0.12230460356269,3.78872349133014,3.3067000514653,0.187217984366813
optdigits,mcc,0.0129893238434164,0.986996611827374,0.0655105776839373,0.999825778581322,0.985603020695227,-1.31328903246784,6,0.231338346027769,0.983632887131535,1.03899717797127,-3.80100054699224,0.53262369048316
ozone-level-8hr,mcc,0.0434113472970029,0.737852577739957,0.168395625744629,0.904312096674113,0.577707092724764,-0.47413907087674,2,0.373716002819128,0.463309091050178,-3.43074931441308,-2.80246299645571,0.524816734320484
pc1,mcc,0.0441850941850942,0.725187373306305,0.220884958525991,0.770074282513603,0.596108878620787,-0.777709959369224,9,0.726907088793814,0.282925623632036,-0.407913498582333,-3.28324325955979,0.140274138026871
pc3,mcc,0.0825126571941859,0.682716565349544,0.321608746696692,0.792113095238095,0.477926773844877,-1.1604767968619,7,0.976108738267794,0.953252339409664,-0.769889685558127,-6.19399028597182,0.275429157889448
pc4,mcc,0.0610392064241852,0.798069852941176,0.203805198340649,0.944660181781046,0.688556645440692,-1.55893563428919,7,0.958860666002147,0.812083279923536,-1.83467259254383,-0.183646872552569,0.444095181487501
pendigits,mcc,0.00545818512697494,0.994537070732615,0.0278743459074591,0.999925787542791,0.993939943632357,-1.17615913873218,3,0.791339433309622,0.765380273293704,-2.67487849982137,-4.15588061876474,0.779886897653341
phoneme,mcc,0.0853029369480386,0.895595328986737,0.231607549512242,0.961022956375411,0.794043580503347,-2.86515699338715,11,0.853152197762393,0.793629748537205,-3.66781537986414,-1.61942960619091,0.609468037681654
qsar-biodeg,mcc,0.0937915543575921,0.887418909592823,0.318749725365489,0.925677708764665,0.790030104221615,-1.33775768779134,3,0.357095397519879,0.31560344460886,-3.7760034692953,-6.69114550845496,0.500018484238535
riccardo,mcc,0.00145,0.999033333333333,0.0887293365668029,0.999676666666667,0.996151174439537,-3.37423127568383,10,0.119179038750008,0.115909360162914,4.64899015288672,-4.12371458106022,0.965525253000669
robert,mcc,0.4415,0.559357435436717,1.36847623070793,0.925369042638589,0.509692499441741,-1.94927763823442,5,0.195459473715164,0.437172609358095,-4.15515348312495,-5.35314965167135,0.836558929411694
satimage,mcc,0.0687402799377916,0.912424142330111,0.2196583973912,0.993509857503099,0.915341801822823,-2.12411554229727,9,0.883777822903357,0.210313440579921,-1.52938197673212,-2.95875004759974,0.809330808138475
segment,mcc,0.0480519480519481,0.951948051948052,1.49923455953906,0.996466832830469,0.944252301184805,-5.23492904164569,11,0.252818211331032,0.938273167028092,-6.73417747487651,-4.21186779205648,0.826610341668129
semeion,mcc,0.0395361635220126,0.960397058823529,0.851530226381117,0.998805487472767,0.95640192293381,-3.61020698025101,10,0.124441763758659,0.797371390089393,-4.38223466692664,-4.60084337209496,0.829730424447916
shuttle,mcc,1.72413793103448e-05,0.997142857142857,1.27704446077708,0.999998931110042,0.999951526917983,-3.80211342137896,9,0.771218072925694,0.881360861519352,-6.87540564316341,-5.90917709863359,0.911082769557834
sick,mcc,0.00556818660266936,0.966543846720707,0.193945709310292,0.996322581975106,0.950810627621564,-1.94855472447954,6,0.854201889061369,0.697733602812514,-6.36298454483736,-5.43148727458221,0.974899454275146
spambase,mcc,0.0365099500141469,0.960715074740742,0.126111539619435,0.988921251419569,0.923598606123863,-1.5916478793589,5,0.646078391140327,0.345309165096842,-1.66912604230276,-5.90141218539408,0.915775242261589
splice,mcc,0.0235109717868339,0.972794660071134,0.279597753382876,0.996740189045322,0.961822904731408,-3.24497402160717,11,0.188334288774058,0.375730994949117,-2.13148049426481,-5.22635872786605,0.839197120862082
steel-plates-fault,mcc,0.171057361882104,0.832482648384486,0.583585775103077,0.978040856802638,0.779821022329519,-2.59653954199071,10,0.909884191351011,0.652598216384649,-4.44811729189121,-1.30411010784323,0.648108495632187
sylvine,mcc,0.0415699622319688,0.958425796449416,0.160446870382698,0.986312789026401,0.918527064234229,-1.96393552244215,9,0.786296096863225,0.946048646839336,-3.62904679988132,-5.31956718364272,0.952902101585642
tic-tac-toe,mcc,0,1,0.0597381408050814,1,1,-0.0257078018648818,3,0.968607356538996,0.875429190020077,0.524697792803891,-3.21514495401209,0.846134329051711
vehicle,mcc,0.163067226890756,0.839220779220779,0.526605766115023,0.948836530770058,0.785587825560438,-0.0321920107404773,2,0.96131269831676,0.377360554691404,-4.62857456497503,-1.24410369368573,0.685433221934363
volkert,mcc,0.265203224146802,0.657899888384559,0.845613657276166,0.961807118081253,0.686484738190205,-2.21468282225891,11,0.953604435920715,0.541468423907645,1.37734427446054,-6.5731470451673,0.993163563869894
wall-robot-navigation,mcc,0.00201465201465202,0.99469073907919,0.0195412975691939,0.999925185885372,0.996969830938471,-0.454136610084592,2,0.636113984440453,0.543731485167518,-1.96936443700782,-2.78939805917801,0.49638735933695
wdbc,mcc,0.0140664160401003,0.983957431457431,0.104090963870641,0.992078952793238,0.970464684614985,-0.699652341515485,4,0.675257000140846,0.894596729008481,-4.97841115856141,-5.5690546842613,0.174980721133761
wilt,mcc,0.00991863867357939,0.936998997201524,0.0529007922410706,0.98467707914009,0.900958115978382,-0.592219274681229,2,0.860232290998101,0.90426972983405,-5.92042979704163,-2.52093260850495,0.143394861393608
