task,measure,ce,bacc,logloss,auc,mcc,catboost.learning_rate,catboost.depth,catboost.l2_leaf_reg
APSFailure,ce,0.0045921052631579,0.903408048691538,0.0172930344039257,0.992249857342845,0.864118496509197,-2.29565597572155,10,0.277131512136897
Amazon_employee_access,ce,0.0424181021907601,0.699193233773223,0.134290575015538,0.902379951663715,0.531306647515205,-3.33116145544011,11,4.43765006773407
Australian,ce,0.0898550724637681,0.908382308127639,0.678928983704781,0.931907114767896,0.818915195040673,-5.72095822387636,3,113.714986846073
Bioresponse,ce,0.177816312056738,0.819372651915336,0.44163792158001,0.877268171099295,0.641703624229557,-1.07541863441249,11,799.88148121707
GesturePhaseSegmentationProcessed,ce,0.273978522410773,0.671007901812981,0.800215872798595,0.931969232308499,0.639305628036193,-2.33950720976578,11,0.110243330267025
Internet-Advertisements,ce,0.0176894532706795,0.942245348956727,0.0888474360208548,0.97193014013088,0.92480120763697,-1.64308486593051,5,0.127216201555217
KDDCup09_appetency,ce,0.01748,0.515056545841827,0.0826670741932174,0.76621160019127,0.129910296162233,-0.324158701966682,11,117.933924414389
MiceProtein,ce,0.00185185185185185,0.998333333333333,0.147195225735152,1,0.997900211310327,-1.69194674556715,7,0.0905831303771119
PhishingWebsites,ce,0.0220712199193212,0.9769907758922,0.0640317428055235,0.997305696217207,0.955362765951338,-1.31119772298492,10,7.70689078390459
adult,ce,0.122824668438793,0.802876336559226,0.273926106113921,0.930026122246652,0.646606651115637,-2.16580067114137,9,0.174979730522726
analcatdata_authorship,ce,0,1,0.146725378748422,1,1,-1.75103855952825,9,0.664348043090431
analcatdata_dmft,ce,0.707674050632911,0.29248778998779,1.89678590238774,0.597783477740209,0.151703209017013,-0.0434840941076156,9,2.89156324053393
balance-scale,ce,0.023963133640553,0.9,0.159731555553713,0.994893267651888,0.958503323656066,-0.00170343325598224,1,1.33194035173976
bank-marketing,ce,0.087766216744093,0.729036053757942,0.198290190087662,0.935448167341151,0.526977011904119,-2.15226082247414,11,15.506080671543
banknote-authentication,ce,0,1,0.0509599863254868,1,1,-0.439116244438973,1,61.5153547015251
blood-transfusion-service-center,ce,0.177765765765766,0.653732370141039,0.48001332905993,0.736518174521271,0.422371091956461,-0.544166058900713,7,35.1512404154083
breast-w,ce,0.0157556935817805,0.984957729468599,0.491958199636262,0.991935547504026,0.966336852401564,-1.98193547736541,6,505.664019282165
car,ce,0,1,0.0548157586479297,1,1,-1.56975777602847,7,0.0550257356970105
christine,ce,0.239022992817729,0.760979226458931,0.524077846574034,0.820745224057407,0.522389253774068,-1.96126831729937,9,512.968224191023
churn,ce,0.0336,0.897045648968348,0.150642825805931,0.924231563937755,0.856171251975728,-1.87694030290514,11,28.2463276885487
climate-model-simulation-crashes,ce,0.0277777777777778,0.835,0.1406507009248,0.925780612244898,0.794983212892707,-0.0530214961651685,9,38.9076298718401
cmc,ce,0.392379113807685,0.584501297072455,0.89203965320154,0.773388017576357,0.39023099583695,-0.649335560131125,10,5.01262383594038
cnae-9,ce,0.0407407407407407,0.959259259259259,0.266003553398664,0.998042052469136,0.954591974398487,-0.847178359048959,9,0.0226576519843657
connect-4,ce,0.123984235960556,0.727813080368658,0.318577096126963,0.944846216175138,0.743065193942743,-1.86580662626809,11,6.19696275233571
credit-approval,ce,0.0942028985507246,0.903388620434461,0.668159152262883,0.936225385631158,0.810899513360687,-5.53043866791985,4,181.201129620403
credit-g,ce,0.188,0.739047619047619,0.493953584954567,0.804619047619048,0.529061013934172,-0.943523417978338,5,19.4584842300867
cylinder-bands,ce,0.122222222222222,0.864759777827362,0.377785419145193,0.902721176526839,0.751923620182138,-0.747763788749326,9,47.7975724922435
diabetes,ce,0.183578263841422,0.774094017094017,0.501722093542979,0.834990028490029,0.586663691632945,-1.38698935307912,7,31.4417504542894
dilbert,ce,0.0089,0.991166680545179,0.0360845569721519,0.999877897854594,0.988892087862179,-1.65906868898331,9,0.0913158476799727
dna,ce,0.0269957216931843,0.973063289841984,0.12685108569349,0.996577516149468,0.956508017379282,-2.29106328547668,10,1.35439661203325
dresses-sales,ce,0.292,0.676683087027915,0.655151412901681,0.631773399014778,0.400655103101768,-0.0795574774486372,8,619.38057577927
electricity,ce,0.0532971353759324,0.944980251712449,0.144685882138614,0.987188684471859,0.890868387262792,-2.13338374571473,11,2.8602475502782
eucalyptus,ce,0.260977415771936,0.706598956598957,0.747109938955268,0.922979636525091,0.667739896217412,-0.754039219384957,10,9.71063605153118
fabert,ce,0.261143224527834,0.712916344832735,0.81124592109541,0.953623210038453,0.687282703385348,-0.935903271161902,11,8.39524248481332
first-order-theorem-proving,ce,0.359103794272755,0.521967434048255,1.07860342441871,0.863420401058188,0.511588385067502,-1.00009385150555,11,8.41832273060782
har,ce,0.00572843839338787,0.994420557808724,0.0244680608837777,0.999911184951395,0.993118298764244,-1.50041548766969,8,0.0834473439462017
higgs,ce,0.265436002039776,0.733173569013072,0.525465356582142,0.812151492777549,0.466922232407551,-1.84435452299056,11,595.15203042201
ilpd,ce,0.205756867329047,0.680446385871422,0.534374355901515,0.748846459315434,0.438821754078638,-0.18917981436238,6,32.2790931290488
jannis,ce,0.272389712049698,0.543263707952247,0.679552274627828,0.859690148595974,0.567190499184609,-2.97779120530255,11,0.680797278784681
jasmine,ce,0.165889654553209,0.834109619686801,0.407357344135665,0.876885005179947,0.683280257855161,-1.61117433670062,11,31.8634370619045
jm1,ce,0.171889179225409,0.592979529259976,0.45680885539531,0.739284087734364,0.306305227139953,-2.34159452896434,10,2.63973060856178
jungle_chess_2pcs_raw_endgame_complete,ce,0.123630652939811,0.827730123723105,0.253572472369326,0.977700267476602,0.784226239652358,-0.116134918464257,4,18.6790862924992
kc1,ce,0.116648612051456,0.665272598402581,0.339959665278142,0.814381952924829,0.471399944171121,-0.852592420621446,9,39.7286292487422
kc2,ce,0.109361393323657,0.77505648822722,0.360616124259854,0.86509608277901,0.637491565020202,-1.41837238633775,4,42.6675054980132
kr-vs-kp,ce,0.0025019592476489,0.997493055684297,0.0309903692723241,0.999568007171403,0.995026864880712,-1.57923202672948,9,8.18631723793014
madelon,ce,0.121923076923077,0.878076923076923,0.392409311627318,0.926727810650888,0.756483096809038,-0.114471909153143,8,537.535507062417
mfeat-factors,ce,0.019,0.981,0.102784928055601,0.999566666666667,0.978978226195893,-2.15351500535914,10,0.0214613693335559
mfeat-fourier,ce,0.134,0.866,0.433813446097864,0.988466666666667,0.851714346674244,-0.691403278598097,7,42.1358144375181
mfeat-karhunen,ce,0.026,0.974,0.174045943455232,0.999533333333333,0.971240156251001,-2.14541742528059,9,0.355008395118639
mfeat-morphological,ce,0.2395,0.7605,0.629918411691024,0.971438888888889,0.735330395807102,-0.0712813832094783,1,1.52619914538437
mfeat-pixel,ce,0.0145,0.9855,0.110700137559697,0.999861111111111,0.983948850755838,-2.32162191086723,10,0.0163207066929899
mfeat-zernike,ce,0.187,0.813,0.480687032237572,0.980336111111111,0.792795843585879,-1.01349411420354,2,5.81447058324819
nomao,ce,0.0234439984233516,0.969872666062755,0.0722822490637996,0.996339623875769,0.942428514077322,-1.6945511161958,10,2.06470724747796
numerai28.6,ce,0.473110465116279,0.525763725077814,0.691695248356465,0.530980233614025,0.0528559756259927,-2.41738880798977,11,822.095036529183
optdigits,ce,0.0103202846975089,0.989675963026689,0.0454967008988502,0.999899451077332,0.988555974151341,-2.47932087934144,10,0.0164410800153855
ozone-level-8hr,ce,0.0442034172605895,0.67622892511435,0.150742911449902,0.906333435272843,0.534956759187007,-0.925461467373549,10,41.6601535497268
pc1,ce,0.0468877968877969,0.679798356982823,0.194491541875476,0.799766616878267,0.550401891055422,-0.399414186452655,8,10.4126204386544
pc3,ce,0.0793320267842561,0.634647922998987,0.267450048159033,0.824599480749747,0.424080267649381,-0.813428043351422,8,2.37603410300612
pc4,ce,0.0644638639584317,0.770184844771242,0.178561591126418,0.952361621732026,0.660105949652774,-1.58028322460478,9,20.7854925418485
pendigits,ce,0.00454834973943254,0.995440880708745,0.0265867722268858,0.999932571322651,0.994950457426269,-1.75435507287817,8,0.221408675575396
phoneme,ce,0.0791983295680153,0.901392295346001,0.220739488629148,0.96542582904363,0.808062316724576,-2.31178140642335,11,0.838686565276235
qsar-biodeg,ce,0.100449236298293,0.882170462387854,0.333351766120431,0.922569308882973,0.774582601971184,-1.09424808991847,3,53.0534526585878
robert,ce,0.4508,0.550105962359759,1.31045984218234,0.929918813102665,0.499427241032631,-2.82999549054448,10,0.776775794886286
satimage,ce,0.0710730948678072,0.909273914648973,0.264662818894394,0.99297535085273,0.912399629365671,-1.63759081210363,10,0.00436859038379043
segment,ce,0.0510822510822511,0.948917748917749,0.244241774112409,0.996508373781101,0.940787293635656,-2.88603099114964,11,0.975829730841797
semeion,ce,0.0407822327044025,0.959147058823529,0.206723856596709,0.998860430283225,0.954971907402898,-2.68790064568199,11,0.0341801961855963
shuttle,ce,3.44827586206897e-05,0.997139723623602,0.00405701349628131,0.999998931110042,0.99990305048472,-2.12022723293878,8,1.14303898584819
sick,ce,0.00530293461327944,0.968717759764186,0.0276405089114031,0.997594424320425,0.953196210284003,-1.28963209362429,9,79.0384752917069
spambase,ce,0.0367287560124493,0.960821115395634,0.127008564030504,0.987721927408905,0.923227384146592,-0.870336161729455,10,180.300466619946
splice,ce,0.0269592476489028,0.972449565864278,0.189591729577232,0.996173089680242,0.956450341817087,-2.43539096383756,9,1.74192560139811
steel-plates-fault,ce,0.168995506212001,0.832936609824598,0.52367947199265,0.978402206896149,0.78243893777334,-0.485237647164752,10,33.7408592588173
sylvine,ce,0.0419563992446394,0.958038211332685,0.133307834751076,0.987911458887479,0.917378672847399,-1.24297489997832,10,35.9594429672707
tic-tac-toe,ce,0,1,0.124447447494586,1,1,-0.162785458337735,4,312.004933401094
vehicle,ce,0.176106442577031,0.825892857142857,0.50692909230962,0.948632200910909,0.767856484470368,-0.14968508625875,6,4.04802164655481
volkert,ce,0.278459955410736,0.646943396605841,0.800304660788534,0.962941497598738,0.67095574996809,-1.77719392301015,10,35.7901724646373
wall-robot-navigation,ce,0.00128272339281514,0.99771280903065,0.0121753634245008,0.999934787945437,0.998067799167944,-0.651180372652232,8,0.0521304895384237
wdbc,ce,0.0105263157894737,0.986922799422799,0.0955153243379815,0.994329004329004,0.977847188545303,-1.86030521751562,3,4.47651574972156
wilt,ce,0.00991906644080557,0.935042640441673,0.0455899987706969,0.9873408235051,0.900419107260975,-0.901830894000213,11,2.68354836055706
APSFailure,bacc,0.00502631578947368,0.908550324428652,0.0194429062563199,0.990649501923908,0.85324727107929,-0.823886347070164,10,17.0081748911093
Amazon_employee_access,bacc,0.043303048628041,0.722236423452037,0.142862207004528,0.885255680492393,0.541010854560805,-0.564395874226421,8,31.712036991793
Australian,bacc,0.0869565217391304,0.913916677549954,0.32219114702487,0.939173015251114,0.826363079212205,-0.724939725668723,2,1.20963174296939
Bioresponse,bacc,0.17755390070922,0.820385032978849,0.439490262474831,0.879349493693377,0.642056495576598,-1.34199358614055,11,195.562287940905
GesturePhaseSegmentationProcessed,bacc,0.286435196009664,0.663626605569781,0.796996940287022,0.928430139287985,0.623003637126628,-1.01007640749947,10,23.7527887695557
Internet-Advertisements,bacc,0.0170787648243455,0.949949635111522,0.0829661550634432,0.980946311714119,0.92764449456833,-1.46315279050423,11,0.116667354132049
KDDCup09_appetency,bacc,0.02022,0.540690927727024,0.101256212000406,0.748242537390265,0.147171618476074,-0.0720073769299206,5,1.52779799181549
MiceProtein,bacc,0.000925925925925926,0.999166666666667,0.110109067129448,0.999965986394558,0.998950362958603,-0.746010501868013,6,1.71047836196027
PhishingWebsites,bacc,0.0217096380908741,0.977378957153305,0.0648244947346185,0.997106807946822,0.95608710089798,-0.110521111073003,9,40.2390649882029
adult,bacc,0.124401194718493,0.805770576127308,0.275478412977102,0.929547345253249,0.644407652625229,-2.71825535161898,8,1.67086692416691
analcatdata_authorship,bacc,0.00117647058823529,0.999166666666667,0.146061288544956,0.999965277777778,0.998310896633863,-1.95863622376399,8,0.28972670604079
analcatdata_dmft,bacc,0.693908227848101,0.303536324786325,1.90385203720636,0.600174587520741,0.16709760079181,-0.153769593444347,8,0.786374694233295
balance-scale,bacc,0.0336405529953917,0.891313628899836,0.163375591068266,0.989729064039409,0.941640793658086,-0.0401230828949319,2,2.17475011737575
bank-marketing,bacc,0.0912831866934599,0.744759457591539,0.217669017466488,0.928149783232013,0.528092217753863,-0.0177962356228707,7,242.050159576589
banknote-authentication,bacc,0,1,0.0676488283437952,1,1,-1.40682706651485,2,11.8184301987261
blood-transfusion-service-center,bacc,0.187153153153153,0.705426556587547,0.474515730698338,0.755194358445132,0.450898092392676,-0.0760025023890888,3,43.468623951796
breast-w,bacc,0.0114492753623188,0.990259661835749,0.638420321246725,0.989969122383253,0.975385976024332,-4.21701118336042,11,460.223425022572
car,bacc,0,1,0.0436231108814352,1,1,-1.11271314609428,4,0.0211544988520909
churn,bacc,0.0336,0.900611941830416,0.152120678724075,0.923202925254678,0.856562068349176,-0.398757904495814,11,161.133240654343
climate-model-simulation-crashes,bacc,0.0333333333333333,0.843438775510204,0.135955912124552,0.938510204081633,0.774017184133139,-0.476434368971721,2,28.1609129210166
cmc,bacc,0.392388306674021,0.583201181066456,0.897432203181596,0.764205418254884,0.390678466619777,-0.806625325828345,6,9.46275385313947
cnae-9,bacc,0.0398148148148148,0.960185185185185,0.255094281792981,0.998408564814815,0.955574800342322,-0.790580157581578,9,0.477358913362958
connect-4,bacc,0.126692937144119,0.737618666250594,0.355817163271474,0.939319936325903,0.739405765597654,-0.360474521218323,11,3.46510975832189
credit-approval,bacc,0.0869565217391304,0.912640720908972,0.317952812605006,0.943082292165484,0.824991728304428,-0.608668804610292,4,4.8099177221607
credit-g,bacc,0.2,0.75047619047619,0.530890310994034,0.788666666666667,0.515912930022999,-0.0459834194147455,7,122.925631936987
cylinder-bands,bacc,0.122222222222222,0.868987273683539,0.384422819445786,0.904710211334948,0.750398998047614,-0.00760631350897161,8,170.810391275634
diabetes,bacc,0.183680792891319,0.79397150997151,0.488902535768196,0.842991452991453,0.59452637097603,-0.90758212253897,9,42.0887982941694
dilbert,bacc,0.0085,0.991557372984195,0.0458660717651452,0.999869833318244,0.989397968921141,-1.87708956463043,7,0.00549269560724497
dna,bacc,0.0285611482423454,0.971601992385125,0.138668880523608,0.996237323945511,0.953988927937918,-2.32899541275483,7,0.0346663460833952
dresses-sales,bacc,0.28,0.705418719211823,0.66268252572849,0.679885057471264,0.423046606249297,-0.0750132335341209,7,88.5295457531947
electricity,bacc,0.0537385049505973,0.944535567431035,0.147500864994956,0.986848091360649,0.889968263497633,-2.42460361203827,11,0.848064042902552
eucalyptus,bacc,0.274583487597186,0.703893883893884,0.802186206516561,0.91842772883682,0.650295422232987,-0.182650851898423,3,1.45958403654373
fabert,bacc,0.264663084382262,0.714677604606233,0.799133825139958,0.95141823207533,0.683068241058464,-0.674761558817999,10,2.61273974318709
first-order-theorem-proving,bacc,0.363844495790679,0.521895840790413,1.0745074346815,0.863825605326739,0.506416069403172,-0.30355515895557,11,35.7809114022164
har,bacc,0.00631134007000859,0.993985033544891,0.029959405250809,0.999903932661831,0.992417970667797,-1.94788934737635,6,0.444216435703915
higgs,bacc,0.265843957164712,0.732867168981705,0.525508844415356,0.812074716146694,0.46617782862462,-1.8965822378979,11,759.582034901285
ilpd,bacc,0.224547048509644,0.722445045091207,0.673764596558527,0.760024894103983,0.452404332330134,-0.121895181032549,5,3.12259596775519
jannis,bacc,0.277656470319502,0.547930003746866,0.689936396355762,0.858930226660606,0.559512627915709,-0.579105025787799,11,270.155606712432
jasmine,bacc,0.166896365962605,0.833118568232662,0.40986138605811,0.873900665135204,0.683113566935342,-1.19071847047529,11,375.643158935684
jm1,bacc,0.19963260614163,0.635691097646299,0.743091679044471,0.690656597205845,0.30202605162071,-0.135421580784889,10,1.56501802845928
jungle_chess_2pcs_raw_endgame_complete,bacc,0.124746276135811,0.83122726413547,0.258469379474342,0.976327923536194,0.782634106968542,-0.0379729468739526,3,1.4024169529439
kc1,bacc,0.137506206273979,0.710624383586984,0.479714905639046,0.773529771738159,0.447031498535426,-0.0468500750819625,10,5.46400027905242
kc2,bacc,0.118759071117562,0.801455495723788,0.488835714030427,0.844510083412522,0.629968501618765,-0.475726745677725,11,914.64758724584
kr-vs-kp,bacc,0.0018769592476489,0.998119254267523,0.031142432305367,0.999129363216447,0.996263043078255,-0.430506985630149,10,60.6784146184856
madelon,bacc,0.121153846153846,0.878846153846154,0.385757416945199,0.923822485207101,0.7579930001453,-0.440941301000928,7,482.054856270477
mfeat-factors,bacc,0.019,0.981,0.105536504397338,0.99955,0.978983508430585,-2.42921060200837,8,0.0162380518971477
mfeat-fourier,bacc,0.1325,0.8675,0.44585343490715,0.987794444444445,0.853396396066459,-0.753848650737727,11,35.3513898184467
mfeat-karhunen,bacc,0.0255,0.9745,0.146302933629915,0.999583333333333,0.971795683444935,-2.25796900083539,11,0.315320821780944
mfeat-morphological,bacc,0.233,0.767,0.638742616915304,0.971972222222222,0.742963058551035,-0.190855317236148,2,12.3958996803393
mfeat-pixel,bacc,0.016,0.984,0.104946862319495,0.999733333333333,0.98229303468153,-2.20171427905743,8,0.0685091776181944
mfeat-zernike,bacc,0.183,0.817,0.484287756855751,0.980752777777778,0.797263501568789,-1.68936008273005,2,0.2431166189285
nomao,bacc,0.0236472587718744,0.970553184942084,0.071568779664289,0.99628933319481,0.942018430255374,-1.78362028643332,11,0.870622748576803
numerai28.6,bacc,0.472155315614618,0.526679169599314,0.691798740211855,0.530745830772003,0.0548336867552708,-1.93912075297305,6,676.933052382283
optdigits,bacc,0.0097864768683274,0.990205633598102,0.0531780555035617,0.99989953087726,0.989148036639329,-3.06687894379199,11,0.0705015074436087
ozone-level-8hr,bacc,0.0540692788895459,0.737992412154735,0.225178415954381,0.880052986384427,0.515531998583881,-0.167250377539636,9,0.231591979253572
pc1,bacc,0.0577067977067977,0.73343246559266,0.245999319450939,0.855110423557026,0.517223591752469,-0.178533011926266,11,0.694237181419041
pc3,bacc,0.0914747672709456,0.705415400202634,0.412704043466797,0.815650329280649,0.464482693800793,-0.24148653656677,9,0.169564327997388
pc4,bacc,0.071294284364667,0.831221915849673,0.287893970397915,0.92570720996732,0.670414002220877,-0.0159794146007879,5,0.527233748495812
pendigits,bacc,0.00445719248903962,0.995543637600975,0.0317138197180908,0.999928741234118,0.995051570864473,-2.58220736373902,8,0.528400228854036
phoneme,bacc,0.0804925720544944,0.902131536675456,0.221408997920975,0.964056412881472,0.805854960798325,-1.64634764312933,10,6.07774636425148
qsar-biodeg,bacc,0.0994968553459119,0.888538647342995,0.324750154521706,0.927697854020835,0.779286554656561,-0.189165612745718,2,22.81608711396
robert,bacc,0.444,0.556759853182421,1.30050788503046,0.930949905632275,0.506969492963301,-2.57054831896069,7,2.4055868013911
satimage,bacc,0.0713841368584759,0.910420124360473,0.214177036555077,0.993036012698206,0.912038677214001,-1.71504885957529,7,0.911042806386948
segment,bacc,0.0497835497835498,0.95021645021645,0.164606592271608,0.996827583191219,0.942143464618118,-2.37475562553742,10,1.62976932986127
semeion,bacc,0.0389111635220126,0.960953431372549,0.175439861415493,0.999054738562092,0.957054300912256,-2.10150566629432,7,0.0523076734810602
shuttle,bacc,8.62068965517241e-05,0.999930726180925,0.00172452406140802,0.999999140760599,0.999757626623832,-1.34813568723828,10,48.2312652328231
sick,bacc,0.00689584999929828,0.973968312453943,0.0312776736510917,0.99657539933781,0.940951751163987,-0.460227061044443,7,148.274198672296
spambase,bacc,0.0332519098368386,0.965238842433626,0.133478263167444,0.989420428146389,0.930528322896813,-2.18595473057263,9,0.0158848481639288
splice,bacc,0.0272727272727273,0.972020316398883,0.27875706821561,0.996619437599846,0.95598743394411,-3.51522367140075,6,0.189268998495769
steel-plates-fault,bacc,0.170533967750463,0.839851539223814,0.520083831101717,0.979648320132734,0.780547616323257,-0.923233648670263,11,45.3043618217679
sylvine,bacc,0.0431305586013645,0.956869376215953,0.133452387420329,0.986445647362141,0.915216383437509,-1.98530484139206,10,91.5175475893365
tic-tac-toe,bacc,0,1,0.056156104670747,1,1,-0.741497892985254,3,0.154716566754608
vehicle,bacc,0.172591036414566,0.829273182957394,0.492781790404612,0.9494347056642,0.773429081775205,-0.521737670873688,2,1.44245400472824
wall-robot-navigation,bacc,0.00128339550357899,0.999176864157514,0.0114453835364138,0.999992412222359,0.998067675505939,-0.676965080372598,6,1.39646580764325
wdbc,bacc,0.0105263157894737,0.985930735930736,0.127810135796258,0.994992784992785,0.977775049319124,-1.87569895615859,7,1.49472140516271
wilt,bacc,0.00991863867357939,0.940484121409179,0.0416689485469616,0.990716706626428,0.900750343464739,-0.907793622085321,6,12.1567770276635
APSFailure,logloss,0.00489473684210526,0.897181985255003,0.0158548322953,0.993046598117084,0.854285926082136,-4.58778093095644,10,2.50440608133515
Amazon_employee_access,logloss,0.0441270008938608,0.698037882455955,0.131902250455548,0.906475921896546,0.515677085165746,-4.06876686156622,9,3.43259918239783
Australian,logloss,0.12463768115942,0.874366374994558,0.283290946197972,0.949221627269165,0.749682165089852,-1.57300747422992,11,12.6438817629772
GesturePhaseSegmentationProcessed,logloss,0.276511963214091,0.67168815313888,0.747993838576595,0.93658680714864,0.636163640633211,-3.21575513781074,11,13.7342479972602
Internet-Advertisements,logloss,0.0210440441560379,0.934837085003597,0.0739155332601237,0.984951776475828,0.910501678557587,-1.30429501353551,11,0.294544432901545
KDDCup09_appetency,logloss,0.01798,0.50321806812956,0.0723970961406137,0.852127876196295,0.0524882678827828,-3.26786476473592,11,35.0317504515913
MiceProtein,logloss,0.00277777777777778,0.997371794871795,0.00644109200384095,1,0.996850472790031,-1.24028440772256,11,0.00750504884799011
PhishingWebsites,logloss,0.0251465065091275,0.973979417865932,0.0590144787479176,0.997679213302839,0.949086211762462,-4.90983981051189,11,0.603976747376844
adult,logloss,0.124667399324513,0.800610038840466,0.271577128492712,0.930875316701446,0.641354015016361,-1.00341239618524,2,0.980361076297238
analcatdata_authorship,logloss,0.00355742296918768,0.994166666666667,0.0105549874862529,1,0.994884017389261,-1.58647072745073,7,0.0454317257886287
analcatdata_dmft,logloss,0.756487341772152,0.242065018315018,1.73545563435276,0.637109340267994,0.0915720285562719,-0.0721912725864903,7,66.2314029199996
balance-scale,logloss,0.0128008192524322,0.99072249589491,0.0278347642305239,0.999761904761905,0.978328220908545,-0.29662306679554,1,0.0838028759835288
bank-marketing,logloss,0.0887837787998236,0.734036904633602,0.191303289503785,0.938954605634641,0.527241559945738,-4.51508954594628,9,6.95048787618126
banknote-authentication,logloss,0,1,0.0010965610139448,1,1,-2.28318985129915,7,0.0192140902082901
blood-transfusion-service-center,logloss,0.204522522522523,0.614628482972136,0.461500010097301,0.762530099759202,0.286536439850862,-0.546690073790785,3,25.3897378974101
breast-w,logloss,0.0215113871635611,0.976707729468599,0.0647822934205259,0.99700152979066,0.953303899496125,-0.0904771374917655,7,3.09946892304812
car,logloss,0,1,0.000142381808763811,1,1,-0.285087952433052,3,0.117049661666621
churn,logloss,0.0364,0.888331392376594,0.135977618377249,0.930733642490275,0.84379283111337,-3.00413649892185,9,2.53074991099816
climate-model-simulation-crashes,logloss,0.0444444444444444,0.764459183673469,0.107896949261283,0.966836734693878,0.634320782186243,-0.074519494950406,9,111.463965437614
cmc,logloss,0.432409450266593,0.544703964248556,0.878421330602558,0.771099328212752,0.329613852310757,-1.0689184064993,3,3.47443764307071
cnae-9,logloss,0.0546296296296296,0.94537037037037,0.184602260212593,0.99795524691358,0.939061977188143,-1.58362760561177,5,0.198777559643378
connect-4,logloss,0.123540151167545,0.732748488920111,0.309926789704035,0.946427052523245,0.744816129786786,-1.07334597681501,11,405.55211346056
credit-approval,logloss,0.131884057971015,0.867544077314875,0.286344401074862,0.948879746927285,0.736217549711226,-0.536980085903205,7,622.026669649574
credit-g,logloss,0.218,0.695714285714286,0.465674524120545,0.817428571428571,0.441444587268084,-1.31420006054752,3,28.3499900738683
cylinder-bands,logloss,0.142592592592593,0.844412413935994,0.328425538178745,0.922252127693485,0.708502644197474,-1.82326993278385,8,167.399431112174
diabetes,logloss,0.217498291182502,0.74440170940171,0.445415986046583,0.856205128205128,0.510098705783303,-1.33910430985161,10,1.58962703873124
dilbert,logloss,0.0063,0.993735181110567,0.0196398054344688,0.999949702420014,0.992139552752274,-1.94989244439392,7,1.07848186500883
dna,logloss,0.0323288184381223,0.967552630206403,0.101853421763132,0.996603936377075,0.947891194562785,-4.30796369544281,10,1.01644955714443
dresses-sales,logloss,0.33,0.634729064039409,0.625870275920474,0.687027914614122,0.301470545745434,-0.227241615428191,4,180.42464718522
electricity,logloss,0.0530763994551217,0.945287871200837,0.138215882384695,0.987820742314893,0.891350760408612,-2.45280143337177,9,4.37000747829047
eucalyptus,logloss,0.29626064420585,0.6681665001665,0.685331656894152,0.932100288600289,0.621651557145451,-2.432874551557,4,0.0274551225993782
fabert,logloss,0.264418743880428,0.71397737823182,0.737801902510471,0.956738386729368,0.683386640589652,-3.79866158254478,11,0.570427980650915
first-order-theorem-proving,logloss,0.370548388477049,0.505288987443961,1.03326908738596,0.868131665357314,0.494801838962789,-2.77792217504619,11,191.036060330723
har,logloss,0.00553435798730033,0.994706885900107,0.0142324453642754,0.999959300584148,0.993350843289923,-3.06536682384331,9,0.185706460379763
higgs,logloss,0.26511983681795,0.733403656951481,0.519430161792792,0.816692637476553,0.467492954533261,-4.13518953718153,11,94.2211112227745
ilpd,logloss,0.262361192285213,0.621815860490538,0.464653818621888,0.812375742980119,0.27438879521764,-1.8555752042318,10,2.87819341985323
jannis,logloss,0.270299667825241,0.551535564432448,0.668838750973557,0.871453955279219,0.570849210852493,-4.37947957098593,9,4.24760876415111
jasmine,logloss,0.181314673071312,0.818695749440716,0.386214646814255,0.888616849090882,0.656416524313874,-4.43377681944506,11,20.8288793247533
jm1,logloss,0.181074616485713,0.580061131366307,0.419460424578122,0.761295186707338,0.262777270626733,-4.37738257603133,11,10.0841391041176
jungle_chess_2pcs_raw_endgame_complete,logloss,0.126107215940058,0.824376588151924,0.225096653055923,0.980198744626058,0.779970889438515,-2.53822507112889,6,81.3867471688017
kc1,logloss,0.128970886932972,0.635479574081788,0.322034304649039,0.836013006136311,0.392977863565162,-3.91832475676422,11,3.62215107645723
kc2,logloss,0.149600870827286,0.725855770246014,0.328905444037405,0.865068894520114,0.516311577943425,-0.338852481041983,6,80.2754897602468
kr-vs-kp,logloss,0.00344239811912226,0.99653790973265,0.0111243485705576,0.999819143961818,0.993162336669422,-0.33363721636937,11,44.3270778255656
madelon,logloss,0.131538461538462,0.868461538461539,0.311975943228737,0.93989349112426,0.737175355957509,-2.27819023568263,9,102.031634829151
mfeat-factors,logloss,0.02,0.98,0.0764777469290919,0.999694444444444,0.977875019975621,-3.41809564340888,7,0.474136074816343
mfeat-fourier,logloss,0.15,0.85,0.369845784613771,0.988122222222222,0.833906899776024,-4.8014300455855,5,1.15047419218742
mfeat-karhunen,logloss,0.0275,0.9725,0.0873389647878202,0.999744444444444,0.969570801712782,-2.4116061300272,7,0.0658651554728858
mfeat-morphological,logloss,0.271,0.729,0.591599344989663,0.971688888888889,0.699792702151634,-4.87994387951823,8,1.43976877160021
mfeat-pixel,logloss,0.018,0.982,0.064527011355115,0.99985,0.980084395989053,-3.37611777630277,8,0.0756347195110284
mfeat-zernike,logloss,0.2035,0.7965,0.425197591930355,0.979302777777778,0.774255833738205,-2.94544862847539,3,3.59502074566647
nomao,logloss,0.0246916704508585,0.96878625617923,0.0655091934309928,0.996582950574471,0.939414753002705,-3.04891234827764,8,21.6249313887965
numerai28.6,logloss,0.476920681063123,0.52198619857648,0.691325332630857,0.532772260486938,0.0449928262233297,-3.21938809631164,8,858.610319733773
optdigits,logloss,0.0129893238434164,0.98702536513698,0.038949166765743,0.999914994599462,0.985598588255348,-2.97311993331493,9,0.737611857142532
ozone-level-8hr,logloss,0.0509072235535775,0.649333736659221,0.136480727499272,0.933326131085346,0.445666965855334,-3.03936675817588,8,9.53694409939623
pc1,logloss,0.0577231777231777,0.636707164195028,0.166914823435927,0.890648671716633,0.393564249328561,-1.15594200675291,9,998.282181419894
pc3,logloss,0.0934060101257553,0.568675911854103,0.237792296602763,0.870347327760891,0.282142497576447,-2.6018985936091,9,1.03675842255889
pc4,logloss,0.0733821445441663,0.764453125,0.163368497032298,0.960097528594771,0.62089400714872,-1.06663075122226,5,16.4598629989072
pendigits,logloss,0.00436636611795847,0.995623838102228,0.017819606163152,0.999944436362537,0.995152331522409,-4.60515717990201,11,0.552256265577395
phoneme,logloss,0.0851194632710344,0.892048468477745,0.209987471321975,0.9672242494376,0.792993457480727,-4.60786699632813,11,0.444006888334174
qsar-biodeg,logloss,0.116540880503145,0.863935472739821,0.283967053538323,0.941412205461895,0.737728212684447,-0.660327198055597,4,517.92311516446
satimage,logloss,0.0765163297045101,0.903704073065556,0.19808043963195,0.993810859562229,0.905650912294407,-4.14887101601448,10,0.872210186317796
segment,logloss,0.0593073593073593,0.940692640692641,0.146618096950455,0.997168656259565,0.931058442092753,-3.69347051833877,9,2.28371894058841
semeion,logloss,0.0420400943396226,0.957975490196078,0.135927223429083,0.999133578431373,0.95355336958932,-4.63635726481462,10,0.0805679302555509
shuttle,logloss,8.62068965517241e-05,0.981997621839067,0.000172939847837588,1,0.999757533862786,-1.04857591107582,9,0.518941260583932
sick,logloss,0.00662919456022904,0.96394620486367,0.0180704664291465,0.998936702174893,0.941727603284149,-2.87239724776205,10,148.494399663145
spambase,logloss,0.0404201641044987,0.957295662096452,0.112921766477062,0.990375758601777,0.915498058019907,-3.4226977665509,11,4.22297949763341
splice,logloss,0.031974921630094,0.968064447354238,0.0997857936107764,0.996522964618889,0.948443394684167,-5.40223075569747,9,0.311839308647905
steel-plates-fault,logloss,0.180851176315094,0.828001144467373,0.470076891781659,0.980832821987663,0.767281250904674,-2.17926738872032,8,41.8251145942863
sylvine,logloss,0.0448853252923977,0.955111563715953,0.119513514628997,0.990885385001216,0.911757544464007,-3.54489403311504,11,45.2794720180205
tic-tac-toe,logloss,0,1,0.00103919299334093,1,1,-2.39532414057466,9,0.019002214534441
vehicle,logloss,0.207955182072829,0.794680735930736,0.417346228374785,0.948531160398043,0.725594452078157,-2.23703928545048,3,0.0292560658270959
wall-robot-navigation,logloss,0.00201599623617972,0.997423617404267,0.00494361543283855,0.999998196162283,0.996964718758199,-0.54244171726233,11,20.7016770864083
wdbc,logloss,0.0193295739348371,0.978867243867244,0.0534515691293176,0.997366522366522,0.95904757940335,-1.14354579191957,5,51.1806437634351
wilt,logloss,0.0130178122272984,0.90996674997277,0.0362200273454051,0.993145739292051,0.866084354807281,-2.48684737912143,7,0.144913873912301
APSFailure,auc,0.00603947368421053,0.868768245138538,0.018104056975211,0.99394278498097,0.817429686119743,-2.58710833199904,11,27.3650478197932
Amazon_employee_access,auc,0.0444931987959147,0.694864655915781,0.132728247750797,0.907755346022958,0.510461666222089,-3.4951560150556,8,5.41135033825296
Australian,auc,0.133333333333333,0.867640067911715,0.33107298452861,0.95631890934947,0.736406773397111,-0.999564232529299,5,811.126759090741
Bioresponse,auc,0.187949645390071,0.808897154438528,0.434759366781987,0.886373111396061,0.621082096470769,-4.35376874866396,9,2.51767089550057
GesturePhaseSegmentationProcessed,auc,0.279143439613764,0.66755624620431,0.753116832713118,0.935939481482339,0.632590453058256,-0.503521926249639,11,749.712723301897
Internet-Advertisements,auc,0.0234849332438279,0.928918696680029,0.0836829921573772,0.990499023537877,0.900063757334485,-2.10136793152108,10,0.217295260707382
KDDCup09_appetency,auc,0.018,0.50375950343073,0.0729443660001442,0.853610445708899,0.0372734258578967,-3.49976784612039,11,13.7459917303517
MiceProtein,auc,0.0333333333333333,0.966668747918748,0.482063470681893,0.999896330775452,0.962284457826301,-0.797155507119549,11,6.37126206164705
PhishingWebsites,auc,0.0253274201598848,0.973775259542692,0.0596675723335138,0.997711388852546,0.948718173428505,-3.84015829630504,11,0.346200420677196
adult,auc,0.124094040071522,0.802189399822204,0.271914150382551,0.931232944657938,0.643411054488897,-3.0305969382197,6,0.305045782920904
analcatdata_authorship,auc,0.0963025210084034,0.718114976153606,1.3627297826936,1,0.861035298911053,-4.89369867487196,7,363.22563581181
analcatdata_dmft,auc,0.803053797468355,0.169848137973138,1.78847419210562,0.633494644422529,0.00689673572267245,-3.85000058128922,7,226.022369954973
balance-scale,auc,0.0527905785970302,0.773333333333333,0.183904290202245,0.999064039408867,0.90891425417719,-0.0886169991263581,1,0.213199773781002
bank-marketing,auc,0.0898453636335266,0.733107969205115,0.192182464535147,0.939300290764459,0.522851310215208,-5.55636711916089,9,0.831449730447028
banknote-authentication,auc,0.0116418068338094,0.98904816064005,0.0987784781376919,1,0.976879308459024,-3.47536149736121,7,217.682901378019
blood-transfusion-service-center,auc,0.225945945945946,0.542105263157895,0.522276934053982,0.784070060772847,0.165087937543346,-2.65786609854635,8,0.040598864951171
breast-w,auc,0.0300207039337474,0.966248792270531,0.258988544336977,0.998277657004831,0.934382271373603,-2.37949658838027,4,2.62613680502586
car,auc,0.0133082403548864,0.974285821833669,0.0670506480777061,1,0.971397749814188,-0.183887970326715,4,0.919496180112706
churn,auc,0.0396,0.88529259527458,0.14860477051804,0.939369228216919,0.829639744634218,-0.743783366707998,5,70.4847379218889
climate-model-simulation-crashes,auc,0.0814814814814815,0.5225,0.258626968375325,0.979255102040816,0.0915649512962398,-2.8883784942588,7,112.549528846182
cmc,auc,0.431048906048906,0.546795872270256,0.888359074024804,0.775736939429874,0.331108380891512,-0.570279694076346,3,2.48899270813866
cnae-9,auc,0.0518518518518519,0.948148148148148,0.350708529500578,0.998456790123457,0.942210057066848,-2.47957874081326,9,0.115849420898827
connect-4,auc,0.124087865094777,0.728462612163321,0.313372985372136,0.946048359695083,0.743177681986579,-0.458033733130433,11,802.395765600859
credit-approval,auc,0.139130434782609,0.863738626964434,0.382522093641037,0.955407760509628,0.725021507753084,-1.93238334680325,9,348.055526633512
credit-g,auc,0.232,0.648571428571429,0.49458089567055,0.820095238095238,0.382029361845828,-2.3725496673521,7,53.1885112934853
cylinder-bands,auc,0.144444444444444,0.844583346614816,0.353405251881691,0.93323126514089,0.705444529141571,-2.27735842303052,6,0.0203514667651616
diabetes,auc,0.20580997949419,0.748290598290598,0.473434766469141,0.866240740740741,0.533654610442808,-1.64631563400421,8,3.79406629972719
dilbert,auc,0.0092,0.990847895392314,0.0267600595822481,0.999948024929984,0.988523219380327,-2.1680968859885,8,0.0156708770163823
dna,auc,0.0348405985686402,0.9650109025759,0.134658764146989,0.996786067166228,0.943979294604283,-3.98631860242511,11,0.0458526831713971
dresses-sales,auc,0.37,0.573973727422003,0.665989489212294,0.70303776683087,0.197478148189847,-1.22715434244201,7,568.245654546807
electricity,auc,0.0531426538333649,0.945230291062366,0.139454601040526,0.987627601188189,0.891207994555899,-2.39808195621342,8,3.810420074953
eucalyptus,auc,0.293483894853758,0.671929847929848,0.699046370666962,0.936286802423166,0.624927136785218,-2.02883180894196,4,0.30359641361353
fabert,auc,0.270489211858108,0.695700095344331,0.875243836368258,0.958605662576968,0.676967990228987,-4.17323720418083,8,0.324597949500196
first-order-theorem-proving,auc,0.367932404822267,0.508161579175333,1.03819775416544,0.869183640502756,0.497598035630842,-4.78179422936213,11,3.75200897846813
har,auc,0.00621425269136781,0.994085596453407,0.0185060183771599,0.999945875750141,0.99253277359753,-2.42768950110529,10,0.0530029050877783
higgs,auc,0.265813360530342,0.732732538097563,0.51987692440592,0.816583891750991,0.466110709502689,-3.36579875136089,10,994.987421093714
ilpd,auc,0.253769725306838,0.595539770786363,0.501667220416211,0.810537507686001,0.248374246854953,-2.24634963051684,11,0.135613463151967
jannis,auc,0.272091070531022,0.552503141982152,0.671566067755081,0.873867299759226,0.568104635016595,-4.02414042351106,7,2.88572385383048
jasmine,auc,0.185004825929833,0.814993288590604,0.394106448242536,0.890019398525592,0.645648062459673,-2.19628671066991,9,12.7856575552269
jm1,auc,0.181167203451629,0.576569344074487,0.420000967375007,0.76107496109057,0.258461953805903,-3.89718979665597,11,11.5809550582706
jungle_chess_2pcs_raw_endgame_complete,auc,0.127869931460325,0.821066696482325,0.235774503094124,0.980750323385988,0.776717954342406,-4.10341615568183,7,0.479027608917328
kc1,auc,0.131345068833221,0.637875673120636,0.350868709508327,0.838574490511163,0.389478013792488,-3.01255170145413,11,6.3208164237123
kc2,auc,0.143722786647315,0.719961989230282,0.369553981593156,0.881888396156689,0.521945767490898,-1.18848961921958,5,258.899399546447
kr-vs-kp,auc,0.00563283699059561,0.994330366614552,0.0292829429324195,0.999917605449576,0.988801009228557,-2.51157533216179,10,3.26764488992025
madelon,auc,0.134615384615385,0.865384615384615,0.338337461843959,0.939579881656805,0.731616386143554,-2.64586510360719,9,68.6706276687784
mfeat-factors,auc,0.031,0.969,0.215558916501739,0.999622222222222,0.965710846364377,-2.78097655839761,11,17.377199683574
mfeat-fourier,auc,0.156,0.844,0.463475602952666,0.989455555555556,0.827232547617514,-1.18210970778876,6,57.8815567707524
mfeat-karhunen,auc,0.0595,0.9405,2.21092920277246,0.999455555555556,0.934333830200556,-4.3639471261341,11,90.5576071304365
mfeat-morphological,auc,0.254,0.746,0.624354306250646,0.974591666666667,0.719680629441363,-0.0570858444534568,2,11.2319990830668
mfeat-pixel,auc,0.0325,0.9675,0.188625130197043,0.999761111111111,0.964046543700425,-1.65604746471805,8,3.51964748809231
mfeat-zernike,auc,0.208,0.792,0.569063235704476,0.982113888888889,0.769649327142405,-1.47827435508347,2,8.79310169384559
nomao,auc,0.0246046382489438,0.968572971537133,0.0665591468429518,0.99658345023132,0.9395835933725,-2.68702916822012,11,36.1837357197595
numerai28.6,auc,0.476546926910299,0.522219465442067,0.691487533322269,0.53276060370605,0.045858981427241,-1.80290068749759,11,874.882692558523
optdigits,auc,0.0172597864768683,0.982751732387395,0.0845794613901368,0.999889097628131,0.980855164968817,-2.39367004145112,9,3.13238671936072
ozone-level-8hr,auc,0.0560377828265538,0.605792934262313,0.145950210447779,0.938654021735276,0.339006201474729,-1.96961445461957,9,59.5490988832673
pc1,auc,0.0685339885339885,0.582984369998933,0.181852614230239,0.903468073188947,0.235184347995074,-1.40982191622134,11,22.5906716532302
pc3,auc,0.0921239588437041,0.577691236068896,0.243517408303506,0.881073328267477,0.295855684975879,-2.33955371000824,11,0.484765481561655
pc4,auc,0.0727113840340104,0.769291258169935,0.16233504533833,0.963316993464052,0.626737546633869,-0.784349618851301,7,16.1678331278281
pendigits,auc,0.00591281330134833,0.994085233592595,0.0304530971663431,0.999947597443771,0.99343638823781,-1.7717374222464,11,2.66477594302362
phoneme,auc,0.0823444239063463,0.89658750157212,0.21132250961364,0.968197270371664,0.800034965956975,-4.03116154999671,11,0.38795226843725
qsar-biodeg,auc,0.120332434860737,0.859649758454106,0.311558510026185,0.94574244963686,0.728403672995781,-2.35497738462981,10,0.538815198790981
satimage,auc,0.0793157076205288,0.898772560586372,0.209532625890012,0.993659350715488,0.902257231327185,-2.82866422649525,7,10.0901370483309
segment,auc,0.058008658008658,0.941991341991342,0.167790529807824,0.997343565525384,0.932704461663682,-2.83374814310128,9,0.248836330800783
semeion,auc,0.0483294025157233,0.951605392156863,0.228917229353821,0.998954861111111,0.94663976762098,-2.32527054261324,3,1.19410614551487
shuttle,auc,0.000482758620689655,0.985286434759244,0.00212280722774933,0.999999729831941,0.998642411272899,-0.154820873344844,11,102.331070337107
sick,auc,0.00768879906810941,0.957373802505527,0.0258903657093205,0.999103995338608,0.93228191565042,-0.707005869464548,9,238.01290027633
spambase,auc,0.0410751674054513,0.95695296411025,0.116956201078388,0.990831553511169,0.914324613688828,-3.2955258469848,9,0.660687017710647
splice,auc,0.0423197492163009,0.9502524840762,0.349035797602544,0.996883778259273,0.93112832569963,-4.09492414540262,10,1.39769002994336
steel-plates-fault,auc,0.180840602696273,0.82825164057803,0.487184417396323,0.981387010971872,0.767549377880198,-2.2930607806561,11,10.9463455056185
sylvine,auc,0.0460568195662768,0.953938928745136,0.130010925797388,0.990639053522845,0.909294543506232,-1.49269607107029,10,28.7053933559782
tic-tac-toe,auc,0.0282565789473684,0.959180035650624,0.202559552556067,1,0.938699532965866,-1.22018790718484,6,351.07285884209
vehicle,auc,0.199719887955182,0.802288961038961,0.470731102417845,0.954365719657927,0.737866228030362,-0.776045143895537,5,6.78022947411472
wall-robot-navigation,auc,0.00439829283865981,0.993151664119062,0.021371833545506,0.999992783479871,0.99337714346138,-0.281823887336368,1,6.14611287085506
wdbc,auc,0.0368734335839599,0.956158008658009,0.118462415931521,0.997765752765753,0.922886109080382,-1.44126623677379,4,0.58802413894888
wilt,auc,0.0167372482589874,0.880935535352036,0.0435031007982939,0.995218635712219,0.825844902323488,-1.00852792626546,3,111.224187832993
APSFailure,mcc,0.00473684210526316,0.905823676662134,0.0176701101223211,0.992186660136083,0.860506632807304,-1.64174670854843,8,7.9806886368338
Amazon_employee_access,mcc,0.0425096493375407,0.714714321071969,0.146406414100705,0.882005454673263,0.541762586773876,-0.509274145524054,9,14.0785697159669
Australian,mcc,0.091304347826087,0.90946345392016,0.324785976644614,0.939920987331853,0.819684517386846,-0.0568522013218054,4,64.1598767616653
Bioresponse,mcc,0.176218439716312,0.821333254949724,0.439270005237008,0.877760104848554,0.64486731305036,-1.79973690023109,9,113.603077840432
GesturePhaseSegmentationProcessed,mcc,0.272258387375969,0.674702369198314,0.826004002979674,0.931997201014681,0.641724422881341,-2.05820125560839,11,0.242213004104095
Internet-Advertisements,mcc,0.0164690087267845,0.945707678075856,0.080920789742186,0.98344288553123,0.930216354935522,-2.24608089990284,10,1.46388045611465
KDDCup09_appetency,mcc,0.01822,0.529021870188227,0.0843090212323665,0.788899375170164,0.155375663767753,-0.262749266191541,8,5.74288407947566
MiceProtein,mcc,0.00185185185185185,0.998333333333333,0.245091323805919,0.999981684981685,0.997900314742395,-2.33275800322662,9,0.675964185116813
PhishingWebsites,mcc,0.0218909608634106,0.977235030205681,0.0639824327404537,0.997282445035901,0.95576278411549,-0.389336486060453,7,8.77441705337702
adult,mcc,0.12311139417076,0.80415425760954,0.274788954072006,0.929622281551326,0.64655539678995,-1.93382650447341,11,7.21167051179125
analcatdata_authorship,mcc,0.00117647058823529,0.999166666666667,0.300847024334698,1,0.998310896633863,-2.74637660163112,4,3.31466848384216
analcatdata_dmft,mcc,0.706344936708861,0.284352869352869,1.77858454535931,0.607005545380545,0.154356774401595,-0.232895673063905,11,37.4674168532016
balance-scale,mcc,0.0128008192524322,0.957701149425287,0.133784862936474,0.99743842364532,0.977909205822283,-0.0200866073812912,1,0.268660210469505
bank-marketing,mcc,0.0883413449897823,0.74002783250463,0.197637216663337,0.93469667634507,0.533623576684845,-1.05610635771508,11,590.986388898883
banknote-authentication,mcc,0,1,0.0483715884565675,1,1,-0.185015553196069,1,69.1316457597476
blood-transfusion-service-center,mcc,0.177747747747748,0.684795321637427,0.480815508363918,0.750504529297099,0.457741832496277,-0.491793981917947,11,37.2360802822942
breast-w,mcc,0.0114492753623188,0.989263285024155,0.687176299479837,0.993469323671498,0.975324704576512,-6.83334462502883,7,342.042593962598
car,mcc,0,1,0.0426013381864306,1,1,-0.697389726438871,8,0.0121558363041841
christine,mcc,0.240319280272285,0.759682930162635,0.521850154151316,0.821376897655816,0.51999360783308,-2.35449354375265,11,934.473833868518
churn,mcc,0.033,0.898581252244862,0.157050232297451,0.925589322894596,0.858621078141682,-1.91491014086347,11,5.49530968288705
climate-model-simulation-crashes,mcc,0.0240740740740741,0.866479591836735,0.139272825409163,0.929392857142857,0.825768923057319,-0.288424311054548,1,4.13198005986726
cmc,mcc,0.388338849053135,0.590510255785398,0.892653056795035,0.765847164976067,0.398495263954923,-0.248706402052152,4,101.411174613395
cnae-9,mcc,0.0407407407407407,0.959259259259259,0.236740111494403,0.998099922839506,0.954648463541906,-0.820359349034606,5,0.19870165692945
connect-4,mcc,0.124739107360335,0.734725150949999,0.321384621690559,0.943336300287235,0.742550714854904,-1.06944871545217,11,6.13261261773156
credit-approval,mcc,0.0869565217391304,0.911885203082147,0.355703102836787,0.940406817291367,0.825389377988293,-0.739914243202866,6,0.872786208754173
credit-g,mcc,0.183,0.747380952380952,0.505471004454912,0.799,0.544261263032434,-0.500975286881471,7,28.3977082009057
cylinder-bands,mcc,0.118518518518519,0.870265483552212,0.378280251854398,0.912805009243912,0.762989653856692,-0.149253799404931,8,74.3549297608622
diabetes,mcc,0.183646616541353,0.784316239316239,0.478357214071822,0.841961538461538,0.58936823378338,-0.639310024544678,9,35.0787882481683
dilbert,mcc,0.0083,0.991730681125205,0.0327355084411334,0.999870469443437,0.989644883044249,-1.33172118528309,8,0.047953511968255
dna,mcc,0.0269937501232231,0.97212594282347,0.129082282701775,0.996368013412953,0.956388121423243,-2.04294560396448,10,0.0941759364465251
dresses-sales,mcc,0.296,0.670607553366174,0.655423757246304,0.646387520525452,0.404273954311856,-0.402612054382471,9,191.876387425689
electricity,mcc,0.0536942574474207,0.944539807423975,0.150400720295117,0.986522793235288,0.890059989276804,-1.58951062611816,8,0.846394416026538
eucalyptus,mcc,0.26503146982599,0.705431013431014,0.734752282800899,0.925148775466957,0.66277382313379,-1.43457282827391,7,0.791550281435484
fabert,mcc,0.261020538168434,0.709752416709451,0.851665684195954,0.95404541871617,0.687844538652913,-2.35492171364916,11,0.241601591445273
first-order-theorem-proving,mcc,0.361718173357723,0.522688388752377,1.08272272585413,0.863369766061761,0.508719685222102,-0.912713066922032,11,9.94980107934168
har,mcc,0.00582571447441667,0.994292301969773,0.0233359445001268,0.99991367580652,0.992999797793994,-0.977970027843284,8,0.959175837216433
higgs,mcc,0.264977052524222,0.73373291935481,0.5240228519241,0.813234113446639,0.467917209234722,-2.84207495464279,11,850.464915681849
ilpd,mcc,0.203974284044418,0.724098602855777,0.624377302399065,0.761493454088953,0.489380741998953,-0.111175382608459,6,2.75668574769609
jannis,mcc,0.271983663470027,0.550074774293879,0.678624302237054,0.866418623397962,0.568390921380504,-2.47991177435316,10,44.3807205552368
jasmine,mcc,0.168237525532536,0.831789709172259,0.415821827014128,0.874349864120235,0.681281515994345,-1.77567396885142,11,48.2444529801225
jm1,mcc,0.172899195835359,0.610034986845876,0.439755688335493,0.739772186900919,0.322118457845798,-1.84522639127834,10,4.47581772414991
jungle_chess_2pcs_raw_endgame_complete,mcc,0.123139666205301,0.82666081461419,0.25798073452207,0.977984697577161,0.784856624731723,-0.00892096826089454,5,189.798446789536
kc1,mcc,0.117591965696231,0.673598296417505,0.330644701563376,0.825832734158483,0.470404370185863,-0.024106895274511,10,679.500576466303
kc2,mcc,0.10156023222061,0.791276000422342,0.365137931653254,0.855266075388027,0.66354830097628,-1.26024843408284,4,23.6339772735559
kr-vs-kp,mcc,0.0021894592476489,0.997819853069918,0.0299085656613916,0.999579844252957,0.995651285597577,-0.345571243368033,9,189.132715494361
madelon,mcc,0.118846153846154,0.881153846153846,0.381775718085914,0.925852071005917,0.762529645253765,-0.577426717974115,9,342.957685696444
mfeat-factors,mcc,0.021,0.979,0.144286945833427,0.9996,0.976782896300032,-2.46273419846551,4,0.0592881620279513
mfeat-fourier,mcc,0.129,0.871,0.395027431251467,0.989127777777778,0.857293591728343,-0.956187490098619,11,33.8511426425294
mfeat-karhunen,mcc,0.025,0.975,0.138636002219505,0.999655555555556,0.972353911909976,-2.21195527552452,11,1.02017996598664
mfeat-morphological,mcc,0.2365,0.7635,0.653354498888906,0.970877777777778,0.7402206705383,-0.0886805573921845,2,54.3830980075826
mfeat-pixel,mcc,0.0165,0.9835,0.10095259051237,0.999794444444444,0.981756220740904,-2.44777956480303,10,0.0760661542622838
mfeat-zernike,mcc,0.187,0.813,0.498019870964817,0.981097222222222,0.792817010401586,-1.15145915467413,2,13.9896573700034
nomao,mcc,0.023153941595651,0.97077694167145,0.0673338811047749,0.996367306273902,0.94318834704346,-2.83470595127408,10,5.61322920558299
numerai28.6,mcc,0.472819767441861,0.525698163194611,0.692009698855041,0.530901348519352,0.0537621617513247,-2.71162974096154,7,811.310795698029
optdigits,mcc,0.0104982206405694,0.989513283600852,0.0594413574037068,0.999850712797713,0.988355431778583,-1.82457052584444,9,0.0231482256599702
ozone-level-8hr,mcc,0.0449877065762037,0.702037682161472,0.151691969622383,0.911167140906996,0.547584284514038,-0.937267856739337,9,48.1526975420124
pc1,mcc,0.0486977886977887,0.719198095593727,0.206063853194449,0.853050650805505,0.562360982185405,-0.0228796423860377,9,7.05378425209504
pc3,mcc,0.0850808427241548,0.667451241134752,0.281584893739181,0.827245757345492,0.444298744452743,-0.13924720681294,9,24.7878261163323
pc4,mcc,0.0624043457723193,0.814488868464052,0.200735261913012,0.946364379084967,0.690313126782649,-0.951182782486811,10,0.814333435625769
pendigits,mcc,0.00463950698982546,0.995346676782193,0.025446671245533,0.999940582811367,0.99484923804256,-1.80399772780548,10,1.195094044948
phoneme,mcc,0.0786434586157322,0.903624699642354,0.23000135652226,0.963888399132304,0.809980901442038,-0.872263179576816,11,7.22229037248972
qsar-biodeg,mcc,0.0976100628930818,0.885781573498965,0.31007433998422,0.934622892635315,0.780266786705347,-0.410365268577859,6,72.202886189857
robert,mcc,0.4463,0.554491766084684,1.31346987342018,0.933102066254313,0.504554222118242,-3.33293943512104,10,2.05475933534512
satimage,mcc,0.0715396578538103,0.908079488576378,0.211520172601461,0.993328520775871,0.911878767545173,-2.31836917612532,7,0.493894761970034
segment,mcc,0.0493506493506494,0.950649350649351,0.160949456194497,0.99666797848616,0.942756250217343,-1.63187287614301,11,0.127999675887637
semeion,mcc,0.0395479559748428,0.96031862745098,0.174741542433512,0.999015590958606,0.95632597337789,-2.12377024518692,10,0.038509910505265
shuttle,mcc,3.44827586206897e-05,0.996302521008403,0.00321211153423531,0.999998931110042,0.999903026760349,-1.5004328207187,7,0.361114139812067
sick,mcc,0.00530293461327944,0.968717759764186,0.0306824715773506,0.997436674208849,0.953281086913235,-1.3257849272101,10,125.404997114253
spambase,mcc,0.0367287560124493,0.96140394978754,0.122468128419593,0.989548738838193,0.923260408313793,-2.89083498472374,10,3.54492309183045
splice,mcc,0.0266457680250784,0.974051082434088,0.2230309041816,0.996009887582453,0.957078732914267,-3.01452184203603,9,1.00299219222926
steel-plates-fault,mcc,0.171049431667988,0.835945680034408,0.530603221858691,0.978221774948555,0.78005063057549,-0.543427055341406,10,103.025221377889
sylvine,mcc,0.0417603252923977,0.958238083657588,0.135318185452682,0.987016866364831,0.917817564640019,-1.38143253872162,10,104.9027446232
tic-tac-toe,mcc,0,1,0.0676853141798912,1,1,-1.04800037407514,11,3.39222080123122
vehicle,mcc,0.171302521008403,0.830492424242424,0.481945375079522,0.950218371094994,0.775204131857164,-0.163276689605778,4,6.73235535070207
volkert,mcc,0.270279540387584,0.655096693430177,0.774065425755547,0.966392112544898,0.68053781777922,-2.47727593821733,11,14.5280718742718
wall-robot-navigation,mcc,0.00128272339281514,0.999001257424362,0.0103329982098965,0.999998196248196,0.998067628372208,-0.439512470397722,11,3.4660757716964
wdbc,mcc,0.012280701754386,0.985494227994228,0.131073397365901,0.992481962481962,0.974110261694149,-1.04819460812264,7,23.642113997923
wilt,mcc,0.0101252502438273,0.938560805601406,0.0394171242945175,0.991916554350025,0.898966909523571,-2.58581989475031,6,3.78722201697063
