task,measure,ce,bacc,logloss,auc,mcc,svm.cost,svm.gamma
APSFailure,ce,0.00689473684210526,0.855472290654697,0.0261790395965172,0.96799355627646,0.789979049589115,2.18717945998018,-7.81703345787089
Amazon_employee_access,ce,0.0523970578975156,0.591471050265566,0.194755504479018,0.661137270021687,0.337019668380573,0.234156045366215,8.39695661257869
Australian,ce,0.13768115942029,0.86839732706456,0.341592542956737,0.930333173711782,0.734975292922107,1.51239128337605,-8.09393613813215
Bioresponse,ce,0.208745390070922,0.79041892541707,0.483590084935547,0.850727200996842,0.580520292204957,1.2131301232186,-6.42257999240818
GesturePhaseSegmentationProcessed,ce,0.409603181439688,0.49311067486935,1.09843923933855,0.861383688183999,0.457962530909312,2.73201780861697,-1.33263575920999
Internet-Advertisements,ce,0.0243967703438502,0.928386781786412,0.114657569085064,0.950723181553431,0.896066202324038,-1.04162084971744,-7.4414729072095
KDDCup09_appetency,ce,0.0178,0.5,0.0893489430112594,0.5,0,2.35405346150364,2.99728263657897
MiceProtein,ce,0.000925925925925926,0.999166666666667,0.045933655320223,0.999982993197279,0.998950362958603,5.67928717816809,-6.08552641176011
PhishingWebsites,ce,0.0270460589299011,0.972066701886501,0.120316949155817,0.986232288569258,0.945232820728811,6.59247055824386,-2.85401488316642
adult,ce,0.144342942551745,0.756506389060921,0.362421984335493,0.877374989741124,0.574639439486807,1.5838651135775,-2.75687372363818
analcatdata_authorship,ce,0.00236694677871148,0.998385416666667,0.0248853726938918,1,0.99658854971477,0.0466750849595146,-5.8456442351837
analcatdata_dmft,ce,0.760268987341772,0.227254273504274,1.76599170999129,0.601618045771892,0.0879643291894028,-0.769682023504113,-6.17485929191929
balance-scale,ce,0,1,0.0684330925959478,1,1,8.21685071290281,-3.7305263200909
bank-marketing,ce,0.0979186324059886,0.651118168750177,0.265091509049584,0.875094799212229,0.420024515578057,1.67037411404287,-3.26969312557675
banknote-authentication,ce,0,1,0.0034335230804444,1,1,-0.930078269508124,-1.37637593993581
blood-transfusion-service-center,ce,0.205873873873874,0.615815273477812,0.494408804872315,0.693257653938769,0.331590296792325,0.0560927809951393,-0.931525881500073
breast-w,ce,0.0314699792960663,0.968185990338164,0.0931873729199865,0.994310789049919,0.93235106279161,6.69776084010127,-5.73631833469942
car,ce,0.0318221535152574,0.940716102079738,0.103392471818625,0.995240538302739,0.930720962750828,7.68996413400023,-5.61464426137622
christine,ce,0.347376049546078,0.652695093617603,0.669729447125028,0.736897166634643,0.327307652461406,-2.10982289332612,-6.13517017122901
churn,ce,0.0514,0.847756964620705,0.174322865760525,0.9263941674659,0.775300205516336,2.91913218091824,-3.76326895844305
climate-model-simulation-crashes,ce,0.037037037037037,0.812,0.126818965196695,0.949530612244898,0.729538485146437,-0.270106441313051,-8.57528538552842
cmc,ce,0.443951093951094,0.517187066570368,0.946345389706596,0.73935881523968,0.300460403735595,5.75570678402215,-5.78900812437436
cnae-9,ce,0.0527777777777778,0.947222222222222,0.222937016445453,0.9984375,0.941221771908008,3.3417810249762,-8.83453917977228
credit-approval,ce,0.123188405797101,0.878949545078577,0.343786938045462,0.928917330547212,0.755771267418415,0.877273711513404,-8.50648237528245
credit-g,ce,0.223,0.686428571428571,0.492616302517758,0.796142857142857,0.429262159447035,4.92877212828983,-6.32141753548713
cylinder-bands,ce,0.153703703703704,0.842822620489609,0.444126891140492,0.876943412915976,0.68854180072363,1.29109896515289,-2.69814089802511
diabetes,ce,0.216182501708818,0.737025641025641,0.473877753043615,0.839301994301994,0.508028353023795,-0.0903224320814777,-3.29906314105841
dilbert,ce,0.0108,0.989221067733893,0.0336198083647491,0.999841051627624,0.986509933150198,1.41114806039745,-7.26762856840614
dna,ce,0.0342116677510301,0.9637573030788,0.117821682361461,0.995843750111779,0.944636491261782,0.251275387119983,-6.08208339519109
dresses-sales,ce,0.402,0.538505747126437,0.675664198415898,0.558292282430213,0.137611120697866,6.33430012040422,-2.09378601931671
electricity,ce,0.139587480420748,0.854661237044709,0.343664463372182,0.924921977655798,0.713356616725905,2.9220534100405,0.408277558553382
eucalyptus,ce,0.293520918178452,0.672144078144078,0.740485085899739,0.931650014968197,0.625055909471676,5.53730221328846,-6.07985227993284
fabert,ce,0.330219626278474,0.634782040651709,0.977190450470246,0.927381446046375,0.604992345455354,-0.757000530133616,-6.17490728577081
first-order-theorem-proving,ce,0.406177058930501,0.453121989045557,1.1872040440581,0.834810946197217,0.438371161204111,4.67840289545198,-1.82917990044236
har,ce,0.00961259399737704,0.990918060435024,0.0289685553618618,0.999819100908135,0.988444096174306,3.42702082872967,-6.41803362227201
ilpd,ce,0.276154295733489,0.518014705882353,0.579415761284366,0.538827222962356,0.113502059174939,-4.13152482774723,8.82399322311794
jasmine,ce,0.19942313303854,0.800586129753915,0.443247935662644,0.859930453583172,0.609411066716713,4.45027231993756,-8.7584410998061
jm1,ce,0.180341010371091,0.564442486012676,0.461368427535519,0.640987328982602,0.24800562605141,-0.233320331960502,-2.07390085922474
jungle_chess_2pcs_raw_endgame_complete,ce,0.136816949665308,0.812750772403667,0.27554190676396,0.972092913100672,0.760835226727004,7.67723486645562,-2.04044772187184
kc1,ce,0.137034529451591,0.586738459464395,0.386637501886599,0.688941232478891,0.314638743378728,1.41788583058755,-3.31339573211662
kc2,ce,0.147496371552975,0.675677330799282,0.403161161553402,0.800083940449794,0.481344391254215,-1.5666486797292,-4.53500574196931
kr-vs-kp,ce,0.00344043887147335,0.99654005971545,0.0192724703527568,0.99959506956222,0.993126924892992,6.83221072860389,-5.817603517527
madelon,ce,0.393461538461539,0.606538461538462,0.678243054710497,0.641568047337278,0.213735282975543,-0.0780276170055538,-5.03981254997045
mfeat-factors,ce,0.0165,0.9835,0.0983566235003304,0.999838888888889,0.981745507284418,5.55878807877855,-5.99466516530302
mfeat-fourier,ce,0.147,0.853,0.39262234911998,0.987988888888889,0.837246648685413,3.11317970849037,-5.06653527688384
mfeat-karhunen,ce,0.0195,0.9805,0.114721332983922,0.999844444444444,0.978420183074239,0.669687266501224,-4.46454954131027
mfeat-morphological,ce,0.2225,0.7775,0.626883174148457,0.97615,0.753835735681293,1.30996442489337,0.947162345018241
mfeat-pixel,ce,0.018,0.982,0.110984020597854,0.999805555555556,0.980083984403888,6.22360414251461,-4.27286132847503
mfeat-zernike,ce,0.0985,0.9015,0.305828866058035,0.993961111111111,0.890877058027842,3.37549306600336,-3.32040741712733
nomao,ce,0.0354852546167561,0.956445521706804,0.0984350946159825,0.992105616622026,0.913068963103096,3.60538778145789,-5.39935789302482
optdigits,ce,0.0096085409252669,0.990406140743709,0.052287488341108,0.999933638372848,0.989345819095034,2.95240472989177,-4.97544616122532
ozone-level-8hr,ce,0.0497230089321839,0.676196459596497,0.153756754421168,0.896681093323405,0.478238087391933,-0.288722909024746,-4.25523594382256
pc1,ce,0.0577149877149877,0.606098634375333,0.201701490886209,0.826240931398698,0.361068914226955,1.94332451138573,0.359404109611817
pc3,ce,0.0959701126898579,0.536785714285714,0.314072689601279,0.735629749240122,0.216111386917659,7.90481076595942,3.5964362131253
pc4,ce,0.0836750118091639,0.684101817810458,0.243355194787594,0.912911049836601,0.534648019758147,5.83719180256382,-6.08060351060695
pendigits,ce,0.00282000165439656,0.99714947335525,0.0179071128425371,0.999969248110356,0.996868913157205,1.9186363780916,-2.35457614687429
phoneme,ce,0.095479906893955,0.873476671506404,0.267011920084797,0.940715180335376,0.765640611353249,0.487678232247919,2.09522114748181
qsar-biodeg,ce,0.109973045822102,0.869461697722567,0.297386661794285,0.937296920700647,0.750964204119421,2.08599723552385,-3.39137975246431
satimage,ce,0.0707620528771384,0.912088548323837,0.206968323629834,0.993469683402015,0.912839919944401,1.98004826443638,-1.78399281161868
segment,ce,0.0670995670995671,0.932900432900433,0.223675721940057,0.995058813240631,0.922426003013764,9.1637442168679,-3.46461066059063
semeion,ce,0.0370322327044025,0.96281862745098,0.161833385915905,0.99938575708061,0.959114656991251,7.3646905205485,-5.01577044494799
shuttle,ce,0.001,0.802639351458189,0.00441064450174785,0.999538370595833,0.997185212359492,7.15266024868524,-2.20478309133715
sick,ce,0.0275707689500793,0.81538285658436,0.0932671529774088,0.960480659894848,0.735630800546717,2.8996908121151,-1.69890543104514
spambase,ce,0.0575945487126285,0.937044279198821,0.188119412221565,0.976867955401739,0.879161230478908,4.16870567470727,-5.34235554807288
splice,ce,0.0338557993730408,0.962672091876277,0.119258963155386,0.995993868565906,0.945069508898221,-0.0671978126121884,-4.5627893923725
steel-plates-fault,ce,0.219992069785884,0.786147502698363,0.604084278198032,0.968841300516428,0.715841259365364,1.59728403191371,-2.62546810431969
sylvine,ce,0.0634266873781677,0.936570555690662,0.185804324759532,0.975292956875456,0.874623523145717,5.18291458860498,-5.61410500224178
tic-tac-toe,ce,0.0167105263157895,0.98015010500779,0.0986744786143643,0.993224533215045,0.963570975711054,8.84720830421552,-3.07209066261739
vehicle,ce,0.130028011204482,0.871335725677831,0.329691708152035,0.971966975930578,0.828238270856524,5.40319224160112,-3.77899224214274
wall-robot-navigation,ce,0.0661669523137413,0.924483100656416,0.207069270808013,0.991905117714212,0.900083116652268,3.58508741910551,-2.81729088564852
wdbc,ce,0.0192982456140351,0.977954545454545,0.0807985921407838,0.994723424723425,0.958855411656362,0.420823156959627,-6.17465962716071
wilt,ce,0.0111578803278408,0.934601293821288,0.0361217615054947,0.994557544437386,0.888414646262224,5.61246952498139,-4.43468332166412
APSFailure,bacc,0.00764473684210526,0.861499455249574,0.0275542592081883,0.963807044634911,0.772720936305893,-0.10054264239979,-5.94914204982408
Amazon_employee_access,bacc,0.0542890508941775,0.616445256640538,0.196448952952766,0.674544178323814,0.350561961619632,8.16426930923712,5.01989715489929
Australian,bacc,0.130434782608696,0.874294545296243,0.337301451815144,0.933475831845951,0.744929150199705,2.98228756044357,-5.44602767137255
Bioresponse,bacc,0.208212765957447,0.790400455121482,0.46955101022673,0.858073996245468,0.581212814750431,0.535926012321153,-7.0134930518184
GesturePhaseSegmentationProcessed,bacc,0.410210981627555,0.493095227049678,1.09919469903378,0.860962370686453,0.457363547131465,2.64931129449756,-1.2828306885043
Internet-Advertisements,bacc,0.0256162825389722,0.927701716517628,0.119136780480074,0.949731472916024,0.890960757917591,-2.56051884991779,-7.35388815653064
KDDCup09_appetency,bacc,0.0178,0.5,0.0893489430112594,0.5,0,-3.75796248664572,-3.41787967815372
MiceProtein,bacc,0.000925925925925926,0.999166666666667,0.047457043207282,0.999982993197279,0.998950362958603,8.10836272221228,-6.8351949273406
PhishingWebsites,bacc,0.045318255832031,0.955891347043898,0.172043408716365,0.979933668865639,0.909213670327029,9.15925564041714,-1.69478680390992
adult,bacc,0.162073543255734,0.760864718917498,0.352982887872456,0.890462236741161,0.540758643217786,-7.38200269861904,-6.9919593462767
analcatdata_authorship,bacc,0.00236694677871148,0.998385416666667,0.0293400785408301,1,0.99658854971477,6.25433910437733,-8.04993210957512
analcatdata_dmft,bacc,0.746487341772152,0.24590583028083,1.75484240916366,0.611087025687987,0.101328999973776,-1.45175689969903,-2.5427967677495
balance-scale,bacc,0,1,0.0681982520982001,1,1,9.13099372983067,-4.04582601337543
bank-marketing,bacc,0.0990246264398261,0.654511060441014,0.26459205940604,0.869282032457165,0.418343062558413,0.585385916727911,-2.12981599402519
banknote-authentication,bacc,0,1,0.00317482512675788,1,1,5.74068258810709,2.35637578886172
blood-transfusion-service-center,bacc,0.207225225225225,0.616675266597867,0.494006565608227,0.699082674005275,0.325597598995463,-0.262287392518718,-0.76722059866093
breast-w,bacc,0.0314699792960663,0.97100845410628,0.124492149228829,0.994015136876006,0.93270015283397,-8.38053650717701,-7.50391368754669
car,bacc,0.0173477617959403,0.967779807911387,0.0694516500507917,0.9985261491755,0.96254205135717,9.20257650415579,-4.13526979159487
christine,bacc,0.259873406497466,0.740118901189012,0.54228853312277,0.805347820144868,0.480886978589732,0.647101418518557,-7.54236847023753
churn,bacc,0.0524,0.850072890860641,0.178659655005597,0.922350484868336,0.771503423153117,1.33912156945323,-3.08298108630857
climate-model-simulation-crashes,bacc,0.111111111111111,0.889387755102041,0.267234913113521,0.949897959183673,0.598621864614516,-3.68836861784331,-8.94227126059993
cmc,bacc,0.449388674388674,0.513079309473996,0.941421958524753,0.739700957980063,0.291673987659521,1.33829557469255,-3.99416813403265
cnae-9,bacc,0.196296296296296,0.803703703703704,0.722942638961214,0.990046296296296,0.78938728166771,5.99354794602578,-5.46281926323115
credit-approval,bacc,0.136231884057971,0.86994188324409,0.348625493605579,0.926077082698475,0.737295252105459,4.35577352532158,-6.56605061901883
credit-g,bacc,0.235,0.716904761904762,0.52685839168148,0.786380952380952,0.444153036518936,-7.02640741550385,-7.73861058451552
cylinder-bands,bacc,0.161111111111111,0.838766256534489,0.516883051566229,0.854348822198138,0.678190098080342,1.96056074708049,-1.84093362373733
diabetes,bacc,0.234347231715653,0.752558404558405,0.538402097138583,0.820119658119658,0.498249712674091,-5.39472858416067,-9.18244497002184
dilbert,bacc,0.6408,0.355327826903335,1.29877901156114,0.599906314834574,0.194125003919827,-0.498306692650097,-7.02478637579245
dna,bacc,0.0342116677510301,0.9637573030788,0.117756001021184,0.995873275319516,0.944636491261782,0.195086157365163,-6.10058390394176
dresses-sales,bacc,0.41,0.572988505747127,0.93087879583445,0.583087027914614,0.149927986794419,-1.30201242700791,-8.60967679934394
electricity,bacc,0.139433037837021,0.854740824894897,0.343353831786873,0.925125043104617,0.713650452814644,3.03509696197766,0.394416763535722
eucalyptus,bacc,0.2880970011107,0.677746253746254,0.768900344239156,0.92975160529706,0.632446998679983,7.61514783450417,-7.3630452474429
fabert,bacc,0.322085609125978,0.648673557250129,0.913650985994256,0.930860738846951,0.614053646155953,-0.682706879852781,-6.68381046868406
first-order-theorem-proving,bacc,0.406341527336521,0.453954099411831,1.18293707510704,0.834641820504661,0.438340062401516,4.40972481617992,-1.77835703970366
har,bacc,0.00951541226754225,0.991094739192667,0.0287485800307605,0.999809416220346,0.988563913273403,3.7811560431319,-6.5963170229597
ilpd,bacc,0.270952659263589,0.537100541436087,0.566237828145414,0.661675035868006,0.150518291441898,1.8434174723167,-1.66649219432893
jasmine,bacc,0.198078606540818,0.80193288590604,0.444273681976454,0.859692686515622,0.612358702040427,5.20483291664332,-9.17494782882741
jm1,bacc,0.188241202128234,0.534817365616368,0.452786977049677,0.716415932743924,0.167322541606822,2.14233254998061,3.11224857072849
jungle_chess_2pcs_raw_endgame_complete,bacc,0.136883864153084,0.81263622317057,0.273278741948042,0.972550275194859,0.760687370794072,8.18535431707537,-2.05162255531937
kc1,bacc,0.139878131347326,0.592611612365257,0.384888451388277,0.705258740106482,0.30628708685831,0.0551375059532822,-1.92536671561982
kc2,bacc,0.162699564586357,0.687018266286559,0.387119369442729,0.845849435117728,0.449616850204001,-8.05026510385015,-7.71611087250633
kr-vs-kp,bacc,0.00375391849529781,0.996240658517846,0.0192393151882047,0.999622570914967,0.992504961270955,7.44768396200794,-5.58603388409729
madelon,bacc,0.395,0.605,0.660881154135213,0.643201183431953,0.210501469925665,2.19537895126734,-5.05819465079879
mfeat-factors,bacc,0.0165,0.9835,0.0995440129898227,0.999844444444444,0.981753505489504,8.99469475129502,-6.21223251293857
mfeat-fourier,bacc,0.1485,0.8515,0.393645027151179,0.987738888888889,0.835562981006781,2.89701760144156,-5.11396150120681
mfeat-karhunen,bacc,0.02,0.98,0.113634774140474,0.999833333333333,0.977859254689872,8.43376047797291,-4.20480578753879
mfeat-morphological,bacc,0.222,0.778,0.623496565488603,0.976411111111111,0.754384337633903,1.22387762364104,0.862613015396298
mfeat-pixel,bacc,0.017,0.983,0.093566039677894,0.999883333333333,0.981192685374066,5.46033817031225,-5.15004191941434
mfeat-zernike,bacc,0.098,0.902,0.304914097592685,0.993916666666667,0.891438129753203,3.43922914100259,-3.35869991645955
nomao,bacc,0.0356301988439147,0.956557438266693,0.0974274719740162,0.992343948362831,0.912770930802188,4.3402257262115,-6.07743220865337
optdigits,bacc,0.0133451957295374,0.986652438305796,0.0632145431093622,0.999884956644015,0.985198967181379,3.02335671809166,-6.81642813101855
ozone-level-8hr,bacc,0.050908779683172,0.675563548204092,0.152273746382625,0.901841891820019,0.469537890720819,-2.43088455015627,-4.40402064061548
pc1,bacc,0.0577149877149877,0.61186319748213,0.200543081244822,0.830808572495466,0.36952452998127,1.55709345461593,0.631541366024158
pc3,bacc,0.0946880614078066,0.562415780141844,0.282664119968738,0.807033308004053,0.266241440469108,6.4173893824712,-0.666086650051228
pc4,bacc,0.0843410486537553,0.698360906862745,0.241711436134098,0.901886744281046,0.541491765421667,0.907971295621734,-4.88898385829175
pendigits,bacc,0.00282000165439656,0.997156093679646,0.0180320382979934,0.999968913210578,0.996869193069709,2.41264739695698,-2.30457020129718
phoneme,bacc,0.0964051482166085,0.872822221244624,0.26690760418769,0.940392961883188,0.763423795153159,0.496943973837378,2.05667198328058
qsar-biodeg,bacc,0.11277628032345,0.866673567977916,0.319058588768643,0.933463390186993,0.745563735675351,4.55077222774817,-3.9123873315746
satimage,bacc,0.0712286158631415,0.912482001018002,0.206892839426476,0.993523448979243,0.912257200858373,1.92231780168679,-1.7054252050792
segment,bacc,0.0683982683982684,0.931601731601732,0.223625129644622,0.995150640605186,0.9207868053364,8.67151477231689,-3.11785559479716
semeion,bacc,0.0370243710691824,0.962938725490196,0.155930029869733,0.999448188997821,0.959123119265737,9.05311185390048,-5.3586368518377
shuttle,bacc,0.0011551724137931,0.833247716697144,0.00832066849327097,0.997362381003693,0.996748055315877,8.10374768251495,-5.22829305667779
sick,bacc,0.0318155025051577,0.821344229711356,0.116247712700561,0.943052924729248,0.702413503433358,-4.75680236428576,-6.2980416937616
spambase,bacc,0.0578119400169763,0.936865067729287,0.186971917880961,0.977093324136228,0.878745217315603,4.03753023630675,-5.28056346799141
splice,bacc,0.0338557993730408,0.962904189096326,0.121100742187213,0.995809423287003,0.945088979856949,6.28520379256671,-4.29056075667904
steel-plates-fault,bacc,0.219994713190589,0.788505653275667,0.603963788053196,0.968734320292454,0.71582956935846,1.55287117084033,-2.59848333854689
sylvine,bacc,0.0634263066520468,0.936571315661478,0.185894640987104,0.975299137575617,0.874640137541229,5.65084113305482,-5.84156076668366
tic-tac-toe,bacc,0.0167105263157895,0.98015010500779,0.098568482709464,0.993323060732928,0.963570975711054,8.00111567725625,-3.03335436517699
vehicle,bacc,0.127717086834734,0.873543517885623,0.33213069984917,0.97180732725162,0.831378698209614,6.65689797802111,-4.3081693717366
wall-robot-navigation,bacc,0.0679994623113889,0.925064017687351,0.213036514450343,0.991592958855211,0.897370680919597,4.50862360509967,-2.92395271034226
wdbc,bacc,0.0175438596491228,0.978499278499278,0.0787460225012411,0.995122655122655,0.962657215073624,0.939672843425073,-5.77436313900879
wilt,bacc,0.0349203497424841,0.956223406382504,0.111211126686048,0.991620396538794,0.75785400441249,-7.83017614966996,-2.64715975975941
APSFailure,logloss,0.00782894736842105,0.838221680160935,0.0251342061314268,0.973804508006612,0.759271030579408,2.59301234184079,-6.21428717431605
Amazon_employee_access,logloss,0.0542280567227165,0.602364601936974,0.193050828348871,0.687035982773339,0.332228689580896,2.13905740469089,2.09579602720873
Australian,logloss,0.136231884057971,0.862456575682382,0.327385428114042,0.934661965086413,0.726237022227854,3.9492351538942,-5.27298687494385
Bioresponse,logloss,0.213008510638298,0.784119008821329,0.466666753082534,0.859486979687085,0.570623760475738,0.608193955409797,-7.82118355518819
GesturePhaseSegmentationProcessed,logloss,0.416185512882041,0.486799636974095,1.09013251332505,0.859859143641939,0.446857940458126,2.57305347020094,-1.90007310988253
Internet-Advertisements,logloss,0.0271416051316476,0.917694521533559,0.097507929287606,0.967037465309898,0.88420389212811,1.97706845753221,-8.81849339231572
KDDCup09_appetency,logloss,0.0178,0.5,0.0893489430112594,0.5,0,-5.38718785072594,1.12276662758875
MiceProtein,logloss,0.00185185185185185,0.998273809523809,0.0424495308318456,1,0.997899903448348,4.19752204908963,-5.47248166016638
PhishingWebsites,logloss,0.0335596867763659,0.965215163595943,0.0956062287260932,0.994068324633537,0.932080097718977,5.28048139990992,-4.9982090978458
adult,logloss,0.150894693427959,0.754193675327042,0.326475366242261,0.90194062494119,0.558111929591518,4.20095602037076,-9.1641124703099
analcatdata_authorship,logloss,0.00355742296918768,0.997552083333333,0.0239865662821888,1,0.994864788935323,5.43255777947227,-4.91367187149671
analcatdata_dmft,logloss,0.784050632911392,0.215637973137973,1.74719330422155,0.619686560768292,0.0588420747691381,2.32230891581562,-7.94799698177408
balance-scale,logloss,0.00481310803891449,0.996551724137931,0.0611305144317506,1,0.991740233447101,8.22175468714488,-4.80431149731441
bank-marketing,logloss,0.101966409446466,0.644315077038677,0.261856023566182,0.868259785854992,0.395900007471268,1.7029737047482,-2.0874253702532
banknote-authentication,logloss,0,1,0.00186878131689573,1,1,5.94327683039281,1.48408619112557
blood-transfusion-service-center,logloss,0.231261261261261,0.550653594771242,0.492445876697581,0.743515651874785,0.174247525123875,-4.52422199606182,-7.08548955907004
breast-w,logloss,0.0357556935817805,0.960856280193237,0.0908987449509416,0.994837761674718,0.922292499107319,1.84227591186522,-6.10018793134582
car,logloss,0.0150356230676166,0.962601493402929,0.0437024244139756,0.998911091187236,0.967431931026178,9.02859957833017,-2.82844151683925
christine,logloss,0.262830210557189,0.737163454967883,0.535586194175214,0.810158610565195,0.474921175620409,0.169097016595585,-7.07398671491939
churn,logloss,0.052,0.845594257800285,0.173467500466851,0.927030194720663,0.772163231242222,3.98677744331026,-4.21370954176762
climate-model-simulation-crashes,logloss,0.0388888888888889,0.802,0.123909340267921,0.949438775510204,0.715006886261399,-0.263266972750947,-8.54140130818641
cmc,logloss,0.46635870564442,0.495927470168457,0.933397832411747,0.743428124259783,0.265618812023918,7.06839959627411,-7.51325470360169
cnae-9,logloss,0.0527777777777778,0.947222222222222,0.207761143195682,0.998572530864197,0.941388295361368,2.52901174042077,-8.86705988904804
credit-approval,logloss,0.133333333333333,0.870366984458665,0.341580913714538,0.929341198322523,0.738455505179512,0.655958505237867,-8.03199586123755
credit-g,logloss,0.23,0.677619047619048,0.486995915852033,0.798190476190476,0.409815548492077,2.36583852103837,-5.06458330461403
cylinder-bands,logloss,0.155555555555556,0.838106233265332,0.424596898308067,0.880055861915083,0.68320695671677,1.49976520909916,-3.15355343464018
diabetes,logloss,0.220112781954887,0.734877492877493,0.470760871292109,0.838726495726496,0.500153200881898,-0.255971491296442,-3.4290252456559
dilbert,logloss,0.0968,0.902697684753041,0.212420608286811,0.949626022611204,0.878397178320806,4.65656407163422,-9.03961216080026
dna,logloss,0.0360935312789574,0.961624094921495,0.117330464012856,0.995896735783357,0.941591981407728,0.221616810227794,-6.21975677284109
dresses-sales,logloss,0.392,0.551724137931035,0.668089379449769,0.573399014778325,0.141536267069541,4.23288906900072,-1.1668018441612
electricity,logloss,0.140757097862465,0.853086270733931,0.340954454293938,0.926697949310338,0.710834327179758,3.92406161159424,0.07871183363351
eucalyptus,logloss,0.315290633098852,0.645129537129537,0.716294961970264,0.930685999185999,0.596971247480716,2.96654171284648,-4.4531030189807
fabert,logloss,0.303509980063467,0.670364374665986,0.835670659243908,0.940776965122766,0.63642772053696,1.87514322850996,-8.02567596276145
first-order-theorem-proving,logloss,0.414351539852166,0.442732110659664,1.1772136722368,0.833527437695267,0.426204213270471,3.36415232936648,-1.37611104552749
har,logloss,0.0100981252417749,0.990490103925547,0.0282549695927875,0.999812155835652,0.987862476483051,6.52336636435774,-6.64843961737087
ilpd,logloss,0.289772063120982,0.515929024048644,0.550852075245353,0.704270854683337,0.0847358020859539,8.41882850552294,-1.34816509298029
jasmine,logloss,0.213491279657022,0.786510067114094,0.434213175114892,0.854551656832275,0.592899535067092,-1.15344298756594,-5.84626337283093
jm1,logloss,0.187413996245881,0.533174242081205,0.442193636113329,0.719016011841105,0.171959303761183,0.340013298349546,2.66466304803645
jungle_chess_2pcs_raw_endgame_complete,logloss,0.138111104439081,0.811006451151418,0.269586811838257,0.973372385549918,0.758396732399785,8.46501075104496,-1.76038602984007
kc1,logloss,0.15031144211239,0.542743817205068,0.345870269925616,0.79810848435155,0.197886593471675,-5.55446538330064,1.58456238132497
kc2,logloss,0.166582002902758,0.670820927040439,0.386456188754238,0.84712543554007,0.423707929553779,-4.44891714508365,-8.17985156193029
kr-vs-kp,logloss,0.00500587774294671,0.99501565753941,0.0168748477855723,0.99980353211788,0.99002112254333,8.44940778382763,-4.92146540134226
madelon,logloss,0.396538461538462,0.603461538461539,0.660053672612997,0.643284023668639,0.207419745561677,6.12889066706149,-5.026932227276
mfeat-factors,logloss,0.0195,0.9805,0.0962172276959619,0.99985,0.978422840431556,7.86452097055991,-5.55895922300242
mfeat-fourier,logloss,0.158,0.842,0.38195987851843,0.987,0.825104203763415,1.55662120824099,-4.87849124713416
mfeat-karhunen,logloss,0.0215,0.9785,0.113005962350856,0.999844444444444,0.976214077600269,0.663400088035245,-4.05321130008514
mfeat-morphological,logloss,0.238,0.762,0.594929205206523,0.9762,0.737637325985526,4.34415614612437,-1.87384810540387
mfeat-pixel,logloss,0.019,0.981,0.0929490805058007,0.999872222222222,0.978975757014436,1.70938768880066,-5.10073095989046
mfeat-zernike,logloss,0.102,0.898,0.303382409954324,0.993888888888889,0.887014146250699,3.71283184127628,-3.62643531289708
nomao,logloss,0.0359493590109478,0.956211990293542,0.0973228398863389,0.992349935173995,0.911998190812532,3.73746515815288,-5.83340792146152
optdigits,logloss,0.0119217081850534,0.988100148490348,0.0520356125507095,0.999932295092081,0.986782469648117,5.72607368318975,-4.04662289509001
ozone-level-8hr,logloss,0.0544567551585696,0.635782430060632,0.144052041291767,0.9233828183172,0.411003938513377,-5.08945848108044,-5.73255857989751
pc1,logloss,0.0613185913185913,0.598392323695722,0.199184296832633,0.84001386962552,0.315001477217087,3.31586862976451,1.05191665187982
pc3,logloss,0.102368120202515,0.544295845997974,0.279424227840338,0.810760195035461,0.202656602256195,1.52747797686933,-0.867216775289376
pc4,logloss,0.0939773264052905,0.682199754901961,0.22068152920175,0.919564440359477,0.466266844434732,2.98284417803874,-3.2561013002792
pendigits,logloss,0.00336578707916288,0.996600601174799,0.0173372134792239,0.999977237175951,0.996263109862728,1.50826709349599,-1.97807715938834
phoneme,logloss,0.0969593345656192,0.86874246520284,0.265337034736194,0.943157001861587,0.761093143270673,0.317880212273873,2.31257200007595
qsar-biodeg,logloss,0.112821203953279,0.86731884057971,0.295739075955501,0.937298613165073,0.744714303591782,2.05885067961581,-3.37965114067272
satimage,logloss,0.0723172628304821,0.910918083518288,0.206221884680793,0.993576583299231,0.910898569887632,1.8795076378191,-1.61205224643869
segment,logloss,0.0731601731601732,0.926839826839827,0.212948866780347,0.994743976562158,0.915332436016789,6.76642088002927,-2.91605239977944
semeion,logloss,0.0389111635220126,0.961022058823529,0.154467674663789,0.999501940359477,0.957047270691215,6.88126767808721,-5.49990024377948
shuttle,logloss,0.00120689655172414,0.782710211179813,0.00423957864336369,0.999775083098555,0.996601707641084,4.61320168539212,-1.69042400898523
sick,logloss,0.0283672266430887,0.8068284473483,0.091370716959146,0.962503745143422,0.725726294705891,2.21086312885034,-1.63117605229658
spambase,logloss,0.0628109968876733,0.930999670329404,0.175693536774056,0.979788477576129,0.868209598096643,2.29160503560362,-4.19115841242199
splice,logloss,0.0347962382445141,0.961374607566744,0.116796501455922,0.995942904544948,0.94353539506977,1.93749998073884,-4.42677698948717
steel-plates-fault,logloss,0.233893735130849,0.774745029553186,0.598686212663715,0.970232129768701,0.697565831241793,1.49487089345753,-3.30907466213141
sylvine,logloss,0.0649876644736842,0.935008815661479,0.180180069029783,0.975921494302119,0.871385303028277,6.18041614380466,-5.51583878302879
tic-tac-toe,logloss,0.0271491228070175,0.970093658186637,0.0843818571948975,0.995223560261511,0.940746689440522,7.44574779861967,-2.30983718365783
vehicle,logloss,0.138319327731092,0.862775119617225,0.324850890298728,0.971983263944986,0.816760434609872,5.35737507920989,-3.87552287690486
wall-robot-navigation,logloss,0.0700168027690963,0.917764982842967,0.19946484477109,0.992889526765197,0.894157010335561,3.85044130575407,-3.71032654957459
wdbc,logloss,0.0228070175438597,0.974292929292929,0.0649031736493015,0.996305916305916,0.951657804110194,1.58101595511326,-4.06778308303802
wilt,logloss,0.0119847543760587,0.93046533540786,0.0328076636090397,0.994427728641034,0.880299100566346,9.04122811263371,-4.76278982591502
APSFailure,auc,0.0136710526315789,0.749881027917024,0.0448448488943222,0.980581183733656,0.57016349322892,-9.11411201023456,-9.08687373193348
Amazon_employee_access,auc,0.0580426888406748,0.525396470402888,0.21945629369224,0.769309922837179,0.147040706130022,8.43922407632832,-8.58205174551895
Australian,auc,0.143478260869565,0.863498759305211,0.358439278465158,0.935257353474671,0.726183325913947,1.11630858101822,-5.46291547262738
Bioresponse,auc,0.213275177304965,0.784234148786908,0.466875341486395,0.859750058206431,0.570301494628843,0.5725361996164,-7.6892985613447
GesturePhaseSegmentationProcessed,auc,0.411527899125883,0.490765539437613,1.09679633789273,0.861998359676838,0.454527734886203,3.09902526113912,-1.53575930034854
Internet-Advertisements,auc,0.0271406727828746,0.915875218419159,0.098940323486102,0.967141278651454,0.883946437654671,1.7355057538728,-9.03815062605585
KDDCup09_appetency,auc,0.01788,0.499959275096722,0.0873722735348813,0.677325151746024,-0.00065009547934997,-3.38951104058989,-5.97082411099684
MiceProtein,auc,0.00277777777777778,0.997440476190476,0.0455638722826613,1,0.996850472790031,1.91695118760299,-4.97021785431121
PhishingWebsites,auc,0.0349164982448676,0.963809519298313,0.0961436093461601,0.994200899199691,0.929296437573566,5.48787461286862,-5.19974598226076
adult,auc,0.149461530014242,0.752877489596082,0.330166526553273,0.902927460401163,0.560646615999155,4.82755376557091,-8.51548745474908
analcatdata_authorship,auc,0.00355742296918768,0.997552083333333,0.0246246726751176,1,0.994864788935323,0.528535010868036,-4.91648463140508
analcatdata_dmft,auc,0.777784810126582,0.219146825396825,1.74846135106258,0.625516111737266,0.0643295481137629,-1.54894769036597,-4.25310908740899
balance-scale,auc,0.00158730158730159,0.998850574712644,0.0683009192775376,1,0.997291580859853,8.51864648560519,-3.74487545913662
bank-marketing,auc,0.107142050058594,0.589636606156615,0.296696489312074,0.903685161283969,0.311176244447001,5.31040122650411,-9.09906911317605
banknote-authentication,auc,0.0801914736062626,0.909836065573771,0.16349410248335,1,0.846954242102204,5.30602359366171,5.10861524541123
blood-transfusion-service-center,auc,0.237963963963964,0.528835569315445,0.496563900963737,0.750533195734434,0.132041008623047,-4.31871121049038,-6.50210477019752
breast-w,auc,0.0386335403726708,0.955776570048309,0.0935539900658097,0.99530040257649,0.915563156987451,5.00644132200978,-7.14461089888376
car,auc,0.02951337545369,0.94154254836073,0.0915288053427753,0.996890506015591,0.935714602751565,6.68290924702172,-2.21153202124233
christine,auc,0.262460865828621,0.737533141998087,0.535706164159468,0.810155796514915,0.475649932695089,0.130817525493897,-7.04209703134675
churn,auc,0.0534,0.839488516724023,0.174449888401975,0.927464079320614,0.765524195290961,4.48605534160271,-4.30965930092208
climate-model-simulation-crashes,auc,0.0462962962962963,0.7595,0.131235735786522,0.954122448979592,0.656950355589487,7.3227173996452,-7.99775943369086
cmc,auc,0.455488141202427,0.507948238071578,0.935780105760257,0.745674409952417,0.283284469377396,5.09545269772556,-6.2013100511722
cnae-9,auc,0.102777777777778,0.897222222222222,0.356806482503023,0.995061728395062,0.885642477962751,6.12798641396248,-7.14268437887035
credit-approval,auc,0.143478260869565,0.86376126420269,0.383168006669127,0.933419964302817,0.724939759702709,3.09580426371336,-8.34611240170099
credit-g,auc,0.228,0.680952380952381,0.490487134776622,0.800047619047619,0.418474900054892,4.38073984089078,-6.29725871665743
cylinder-bands,auc,0.166666666666667,0.825625757044498,0.425321832012855,0.886528990819839,0.660243163974413,1.3333488529946,-3.0399854618723
diabetes,auc,0.221394395078606,0.732102564102564,0.474640092248975,0.840336182336182,0.496669925733748,0.103297779621156,-3.33040502501212
dilbert,auc,0.0111,0.988926668399824,0.0332980249251466,0.999847809876622,0.986135840046188,2.77207626209356,-7.1511217434302
dna,auc,0.0360955028489186,0.962323648661632,0.118042027683976,0.995905694545558,0.941666514224421,0.0859567961472338,-6.32897167614866
dresses-sales,auc,0.418,0.554926108374384,0.692661635996975,0.602298850574713,0.118905257768308,-7.37033342974894,-2.26926119625001
electricity,auc,0.141132378633959,0.852405581290241,0.341537618678909,0.926921443268979,0.709989234209856,4.66218389652226,-0.195787156454723
eucalyptus,auc,0.297574972232507,0.664911976911977,0.757981004764439,0.93262740626377,0.620539086762433,7.03386848705808,-6.95855530133391
fabert,auc,0.303510127523033,0.671089116311988,0.837514797171339,0.940948620995788,0.636462275266301,1.84034523826761,-7.76068302127108
first-order-theorem-proving,auc,0.41402206818352,0.434704365902409,1.20712648975256,0.837187412443248,0.422904877963507,6.55950311296413,-1.3239639357699
har,auc,0.0106809325672016,0.989744916840523,0.0313248755780093,0.999833570693247,0.98716002756581,5.73817737206158,-5.87684459911063
ilpd,auc,0.300087668030392,0.506358244517319,0.552652017223209,0.694267737582838,0.0362674700824972,7.98232676488363,-5.35757452085994
jasmine,auc,0.202436533411147,0.797577181208054,0.441869099803199,0.860195456661111,0.603329750753439,3.57601431770148,-8.24477452452381
jm1,auc,0.18778198090531,0.531313931087007,0.448332846310168,0.728548797246576,0.164996595883403,0.3247470611669,4.02435292451532
jungle_chess_2pcs_raw_endgame_complete,auc,0.138378832097962,0.810440527677298,0.269670661404489,0.973426129733736,0.757959140236883,8.38120017569008,-1.66402193731324
kc1,auc,0.156472579553148,0.519157834187395,0.356260584689609,0.830657310266053,0.112291419913186,0.256425874407243,3.05049891278991
kc2,auc,0.162772133526851,0.673201879421392,0.389950056969529,0.847823355506282,0.438562888631594,-2.16364924602748,-8.93666180386777
kr-vs-kp,auc,0.00500587774294671,0.99501565753941,0.0170496618553555,0.99981135960017,0.99002112254333,5.90761437396616,-4.87049414041085
madelon,auc,0.399230769230769,0.600769230769231,0.681998348961121,0.644958579881657,0.201900828772962,8.45366581986491,-4.64910451744955
mfeat-factors,auc,0.0195,0.9805,0.0971569258784785,0.99985,0.978425571818154,3.62299345861967,-5.70429539199116
mfeat-fourier,auc,0.157,0.843,0.409159665950738,0.988361111111111,0.826259424008671,6.80179975874597,-5.68922619111537
mfeat-karhunen,auc,0.022,0.978,0.113589479352406,0.999838888888889,0.975653119242087,5.29828238924117,-3.99499591297529
mfeat-morphological,auc,0.239,0.761,0.611150929223881,0.977738888888889,0.736154483528702,5.69595879318223,-1.49255952003316
mfeat-pixel,auc,0.0195,0.9805,0.0955791381257811,0.999888888888889,0.978425681004513,6.647087014441,-5.66899165907303
mfeat-zernike,auc,0.1065,0.8935,0.324795410030463,0.994622222222222,0.88200524810187,1.68344500967345,-2.46320372407017
nomao,auc,0.0360944716114899,0.95601872753767,0.0973790288438855,0.992364453436954,0.911638329813621,4.08836447120548,-6.04607636862246
optdigits,auc,0.0113879003558719,0.988626464279822,0.0521641714697895,0.999937914961478,0.987377699112485,5.71688543771549,-3.91764658533934
ozone-level-8hr,auc,0.0552519373813451,0.632444686735454,0.144345638940079,0.923840659681594,0.395221416296044,-3.24679871704773,-6.44907251695911
pc1,auc,0.0613185913185913,0.592627760588926,0.202577582800639,0.845314333724528,0.313670814908083,3.06551503854115,1.09478258430061
pc3,auc,0.0991670749632533,0.540540780141844,0.294742892163341,0.816125728216819,0.203210747557437,3.47770240455903,0.176218553175207
pc4,auc,0.0932971185640057,0.682753778594771,0.224498104837856,0.920703125,0.476615122020869,3.57027712619289,-3.69967097741234
pendigits,auc,0.00409355612540326,0.995863812525572,0.01806316637445,0.999976099912346,0.995454515858592,0.925720191986286,-1.94971988161673
phoneme,auc,0.108437050729102,0.843104101996685,0.280913505118668,0.947810778357026,0.730488534163154,0.171675416868847,3.14570831791801
qsar-biodeg,auc,0.116603773584906,0.861723602484472,0.297951113186374,0.937979000295771,0.736179593699787,2.33215623210326,-3.40656562854725
satimage,auc,0.0735614307931571,0.910117196364771,0.20795123005726,0.993639911612821,0.909334964106171,1.72519774979289,-1.34034160680532
segment,auc,0.0701298701298701,0.92987012987013,0.220168664429653,0.995207486116577,0.918950114955116,8.18254778597784,-3.12279132833599
semeion,auc,0.0407940251572327,0.959105392156863,0.155157733329856,0.999510620915033,0.954941339051646,3.66080969287862,-5.58266316120904
shuttle,auc,0.00129310344827586,0.776626301983674,0.00452750435833117,0.999807539077549,0.99635898285023,1.85405944729682,-1.86775206600868
sick,auc,0.0336687578066888,0.782097115980086,0.0912773045545528,0.970231785167733,0.667470097147805,5.07285596451735,-4.47028199787442
spambase,auc,0.0625936055833255,0.931566363650919,0.176316803675735,0.979875718344989,0.868711598982238,2.31322715083569,-4.16290619551916
splice,auc,0.0347962382445141,0.961368911508417,0.118141327808352,0.996000891238685,0.943539901995886,4.55389901950841,-4.47669311265348
steel-plates-fault,auc,0.234932593180016,0.77216475526319,0.610896454890488,0.971718082374947,0.696322311038482,3.47987626730513,-4.31036192979325
sylvine,auc,0.0651825962475634,0.934814263132296,0.18043248004234,0.975961078094601,0.870966555429036,6.32131117079307,-5.58411241876574
tic-tac-toe,auc,0.0292324561403509,0.968493555780083,0.0858982544537793,0.995367198687882,0.936296203589775,8.97711548088411,-2.25204222444577
vehicle,auc,0.137240896358543,0.863986386420597,0.331258204581479,0.973411600709106,0.818924581499026,8.87065698860089,-5.14140619134785
wall-robot-navigation,auc,0.0696511745135598,0.918957075090554,0.200194400273898,0.99309191953309,0.894765084161325,3.55915576673752,-3.65697292965221
wdbc,auc,0.0263157894736842,0.968647186147186,0.0753600735984216,0.996435786435786,0.944719983113494,4.06008917144848,-5.64810734597245
wilt,auc,0.0130173844600722,0.928177041217996,0.036117678499299,0.994875246109086,0.871281802868102,4.0266027522397,-3.73770377962399
APSFailure,mcc,0.007,0.86217279629676,0.0259204548787913,0.968002214247455,0.789024101322372,0.791536060947133,-6.78709562466026
Amazon_employee_access,mcc,0.0541669880318034,0.614284595527538,0.195414775060444,0.663795534907921,0.348778131639724,7.83151811184152,6.0263492133264
Australian,mcc,0.127536231884058,0.876858647860346,0.336384157959915,0.933134531946077,0.750237335368282,2.79318954664261,-5.34367913660132
Bioresponse,mcc,0.209278723404255,0.789464947827216,0.476739169693913,0.854365629689084,0.579131349461657,1.05601586998883,-6.69148597948176
GesturePhaseSegmentationProcessed,mcc,0.410109972148046,0.492810670543143,1.09881432987136,0.861219003320888,0.45733440810629,2.71851592153049,-1.31615064696686
Internet-Advertisements,mcc,0.0243967703438502,0.926567478672012,0.113938798317469,0.950371312570665,0.895941751501395,-1.00642948166302,-7.46442472693993
KDDCup09_appetency,mcc,0.0178,0.5,0.0893489430112594,0.5,0,-1.60355688725852,4.03159929353057
MiceProtein,mcc,0.000925925925925926,0.999166666666667,0.0460345414942135,0.999982993197279,0.998950362958603,7.27759997111833,-6.40841679570306
PhishingWebsites,mcc,0.0270460589299011,0.972087573871658,0.121122913390635,0.986075920351156,0.945233095113974,8.7255646006287,-2.89389587915988
adult,mcc,0.144711484537482,0.755384338415102,0.360999048255278,0.879171854062729,0.573208395980649,3.20934599270853,-3.23802269051865
analcatdata_authorship,mcc,0.00236694677871148,0.998385416666667,0.0269509475829552,1,0.99658854971477,8.82336542712728,-6.43871784965858
analcatdata_dmft,mcc,0.751487341772152,0.240776098901099,1.75226351789388,0.611811159638083,0.095634827690706,-1.52690897722288,-2.79763041415341
balance-scale,mcc,0,1,0.0676562929381876,1,1,8.55756809406026,-4.05400171842899
bank-marketing,mcc,0.0982283326490237,0.651844758860716,0.266186040352007,0.873369901546475,0.419386449828792,0.51129896581483,-2.68861391960035
banknote-authentication,mcc,0,1,0.00384907496711094,1,1,5.64141182268083,-2.20324644549137
blood-transfusion-service-center,mcc,0.212558558558559,0.611429308565532,0.502603486065977,0.685695447769751,0.313275141261363,-6.36007203075777,-0.526842381670185
breast-w,mcc,0.0300414078674948,0.972095410628019,0.12659803165856,0.993833977455717,0.935987208564958,-8.05278773569898,-9.041997077905
car,mcc,0.0144575883855357,0.962808104973177,0.0457021087332642,0.998729959187922,0.968662492285989,8.66638022686704,-2.50483299536652
christine,mcc,0.260057226265424,0.739935766024327,0.54182698585789,0.805493686794187,0.480479643169138,0.654859041702069,-7.44608134200244
churn,mcc,0.0518,0.849256709007774,0.174915386726132,0.925818522126416,0.773808554473579,2.43442690620287,-3.56207849268551
climate-model-simulation-crashes,mcc,0.037037037037037,0.812,0.128985477152988,0.94730612244898,0.729538485146437,-0.225186233515692,-8.25375734031597
cmc,mcc,0.446672182386468,0.514941762854476,0.947172012741348,0.739891708609851,0.2966847788294,5.88024564451449,-5.86680767060023
cnae-9,mcc,0.248148148148148,0.751851851851852,0.881384477685675,0.9890625,0.737760551765198,0.586081179543791,-4.93218816875665
credit-approval,mcc,0.136231884057971,0.868470898088895,0.354430971766837,0.921536720212442,0.733671009095651,7.79677502392335,-8.15690672688625
credit-g,mcc,0.231,0.695952380952381,0.501388130523311,0.790714285714286,0.42309852880849,-5.94629582496673,-6.25976818567395
cylinder-bands,mcc,0.153703703703704,0.840330549534617,0.433816260590492,0.8774143742828,0.685952653021383,6.45932394188401,-3.02404030056301
diabetes,mcc,0.21877990430622,0.73680056980057,0.475841770419702,0.83539886039886,0.503847434964228,-1.65105596101778,-3.00348495459001
dilbert,mcc,0.0104,0.989630927195084,0.0333635147643733,0.999847085463516,0.987010256918652,2.72332177434229,-7.12397138326879
dna,mcc,0.0342126535360107,0.963525205858751,0.117828979264185,0.995876148244611,0.944626395956589,0.197239549196561,-6.09891643578407
dresses-sales,mcc,0.408,0.570114942528736,0.764166692569121,0.598686371100164,0.147322388388537,-1.92845505697204,-4.02988652074678
electricity,mcc,0.139499204557873,0.854799274430724,0.343631093383467,0.924965233103527,0.713553969812802,2.97222239811135,0.413122243056312
eucalyptus,mcc,0.2880970011107,0.674274614274614,0.768979466544109,0.930293058793059,0.632249992311744,7.68861193864443,-7.35041160506069
fabert,mcc,0.300841256827378,0.672058085982676,0.845047312064548,0.938835067615378,0.639597163984279,0.890034172348782,-7.55898474129957
first-order-theorem-proving,mcc,0.406014195094295,0.453322047167417,1.18580229368491,0.834769226151452,0.438670844961725,4.57195475228194,-1.82528432783349
har,mcc,0.0097095870248238,0.990906214646635,0.0286354069593374,0.999810596993307,0.988326454106634,3.37721800969593,-6.57734833799919
ilpd,mcc,0.288077147866745,0.527594665915147,0.579859017778848,0.643823657511785,0.1213708523534,3.89970970726274,1.49243106532214
jasmine,mcc,0.205437588381854,0.794579418344519,0.439537532688052,0.857851718391063,0.597074118060288,0.973962452246565,-6.18875034511907
jm1,mcc,0.180616239264301,0.564633938447864,0.460840759922893,0.64191181650457,0.246641578670658,-0.0872456917720372,-2.01821288595738
jungle_chess_2pcs_raw_endgame_complete,mcc,0.136906140767289,0.812654062780143,0.278178792863475,0.971632349703568,0.760723485408161,8.59312101200762,-2.3884975161927
kc1,mcc,0.143676371022343,0.558873743872724,0.393087185688561,0.74556183222914,0.250448459508084,-2.31777307063747,-9.20000745368225
kc2,mcc,0.147496371552975,0.682812796959138,0.392873212641222,0.840083940449794,0.486015299799304,-0.562827723565699,-7.22158089056282
kr-vs-kp,mcc,0.00344239811912226,0.99654005971545,0.0186681670591584,0.99962638600601,0.993123117768697,5.88596425651282,-5.58641807079891
madelon,mcc,0.408461538461539,0.591538461538462,0.688558676111573,0.633130177514793,0.193109477255131,-1.82736235513247,-6.21821008007795
mfeat-factors,mcc,0.0165,0.9835,0.0987051397128988,0.999838888888889,0.981745476415076,3.46055440009355,-6.13971387083936
mfeat-fourier,mcc,0.1485,0.8515,0.394968753687617,0.987961111111111,0.835600080525933,3.19830145172233,-5.11183831180185
mfeat-karhunen,mcc,0.02,0.98,0.114786948403374,0.999833333333333,0.977875556872891,0.496516649390081,-4.30847141744545
mfeat-morphological,mcc,0.222,0.778,0.621919133633581,0.976311111111111,0.754384217284803,1.26387613117695,0.837449877965201
mfeat-pixel,mcc,0.0175,0.9825,0.107991731458313,0.9998,0.980636808364145,1.63653901163803,-4.3322453633497
mfeat-zernike,mcc,0.098,0.902,0.30486243111757,0.994083333333333,0.891452539304718,3.33647656192759,-3.28975472063545
nomao,mcc,0.0354562354641153,0.956374377283216,0.0986138655177742,0.992058455507509,0.913123080398899,3.37900621464808,-5.28293550789149
optdigits,mcc,0.0110320284697509,0.988974208640724,0.0514839593808001,0.999932270649088,0.987769260437459,2.5663912961438,-4.39140922330766
ozone-level-8hr,mcc,0.0497230089321839,0.676196459596497,0.153766755883151,0.897681208559373,0.478238087391933,-2.83637199122842,-4.27967701938133
pc1,mcc,0.0577149877149877,0.61186319748213,0.201732988641215,0.833010375546784,0.36952452998127,1.42320735916511,0.688459292577986
pc3,mcc,0.0959701126898579,0.536785714285714,0.31345957963064,0.593632693768997,0.216111386917659,0.149546484806257,6.9347916435118
pc4,mcc,0.0829948039678791,0.689103349673203,0.24449726172101,0.912459150326797,0.537719539466259,6.18504516531258,-6.208346774775
pendigits,mcc,0.00291107618496154,0.997061754057005,0.0180041001259374,0.999968500573108,0.996767799606066,2.19891981477711,-2.3674783429534
phoneme,mcc,0.0951105634284932,0.87243949210419,0.266148534629985,0.942372797748813,0.766179662809586,0.359496072183194,2.22191586163355
qsar-biodeg,mcc,0.11088948787062,0.866723602484472,0.311569689438657,0.935118242466068,0.749327106487157,4.08409560569834,-3.71592503809101
satimage,mcc,0.0707620528771384,0.912480725399043,0.207137888955935,0.993504130323833,0.912842034198807,1.79892901373791,-1.7043614637828
segment,mcc,0.0670995670995671,0.932900432900433,0.218752432856058,0.995093795093795,0.922433498210306,9.10073646553347,-3.41769447642019
semeion,mcc,0.0458176100628931,0.954100490196078,0.176907235707932,0.999228077342048,0.949390898105593,-0.0842680075297304,-5.97359653707011
shuttle,mcc,0.001,0.808730323931698,0.00497646862157399,0.998820874170976,0.997185267452034,8.68681950665655,-2.45780388019772
sick,mcc,0.0278360209394692,0.811176273435257,0.0924328367530492,0.960556855832448,0.732250520505419,2.77865019634361,-1.76987940045262
spambase,mcc,0.0578119400169763,0.936865067729287,0.187431669343479,0.977024114774506,0.878745217315603,4.07061464843875,-5.29431107038787
splice,mcc,0.0335423197492163,0.963337089529226,0.119365806257158,0.995805897036822,0.945592165136097,9.15662349946798,-4.28737464086847
steel-plates-fault,mcc,0.217935500925192,0.783144392346163,0.612140673750126,0.967172943716744,0.717990487074258,1.79353468967841,-2.18816450426968
sylvine,mcc,0.0638165509259259,0.936181450632296,0.185658036256687,0.975358480609345,0.873875284764326,5.43182391883892,-5.71556621528618
tic-tac-toe,mcc,0.0167105263157895,0.98015010500779,0.095392614898649,0.9932741848776,0.963570975711054,7.97941886655999,-3.04190829965152
vehicle,mcc,0.13249299719888,0.868770790612896,0.33445517342307,0.972232548280053,0.825538439269649,7.54447084561587,-4.62330579950464
wall-robot-navigation,mcc,0.0661659441475955,0.923649994817622,0.205783126376422,0.991969832441587,0.900021753776442,3.60132132624799,-2.85189195538429
wdbc,mcc,0.0192982456140351,0.97711038961039,0.0789858878183373,0.995122655122655,0.958991544522181,0.763446245948098,-5.62000732390857
wilt,mcc,0.0111578803278408,0.936343975367462,0.0346385202219933,0.99452437553567,0.889407154466625,2.99014294050095,-2.87298807575973
