nrow,nfeatures,n_blocks,d_block,d_hidden_multiplier,dropout1,dropout2,lr,weight_decay,epochs,rss_kb,rss_mib
100,1,4,64,1,0.2,0.2,1e-05,1e-06,10,664096,648.53125000000000000000
1000,1,4,64,1,0.2,0.2,1e-05,1e-06,10,837232,817.60937500000000000000
5000,1,4,64,1,0.2,0.2,1e-05,1e-06,10,840720,821.01562500000000000000
10000,1,4,64,1,0.2,0.2,1e-05,1e-06,10,839584,819.90625000000000000000
50000,1,4,64,1,0.2,0.2,1e-05,1e-06,10,893536,872.59375000000000000000
1e+05,1,4,64,1,0.2,0.2,1e-05,1e-06,10,885792,865.03125000000000000000
100,10,4,64,1,0.2,0.2,1e-05,1e-06,10,680592,664.64062500000000000000
1000,10,4,64,1,0.2,0.2,1e-05,1e-06,10,797520,778.82812500000000000000
5000,10,4,64,1,0.2,0.2,1e-05,1e-06,10,861616,841.42187500000000000000
10000,10,4,64,1,0.2,0.2,1e-05,1e-06,10,890880,870.00000000000000000000
50000,10,4,64,1,0.2,0.2,1e-05,1e-06,10,912672,891.28125000000000000000
1e+05,10,4,64,1,0.2,0.2,1e-05,1e-06,10,880928,860.28125000000000000000
100,50,4,64,1,0.2,0.2,1e-05,1e-06,10,708032,691.43750000000000000000
1000,50,4,64,1,0.2,0.2,1e-05,1e-06,10,855664,835.60937500000000000000
5000,50,4,64,1,0.2,0.2,1e-05,1e-06,10,856944,836.85937500000000000000
10000,50,4,64,1,0.2,0.2,1e-05,1e-06,10,920304,898.73437500000000000000
50000,50,4,64,1,0.2,0.2,1e-05,1e-06,10,895696,874.70312500000000000000
1e+05,50,4,64,1,0.2,0.2,1e-05,1e-06,10,887024,866.23437500000000000000
100,100,4,64,1,0.2,0.2,1e-05,1e-06,10,682880,666.87500000000000000000
1000,100,4,64,1,0.2,0.2,1e-05,1e-06,10,864384,844.12500000000000000000
5000,100,4,64,1,0.2,0.2,1e-05,1e-06,10,947888,925.67187500000000000000
10000,100,4,64,1,0.2,0.2,1e-05,1e-06,10,892304,871.39062500000000000000
50000,100,4,64,1,0.2,0.2,1e-05,1e-06,10,900720,879.60937500000000000000
1e+05,100,4,64,1,0.2,0.2,1e-05,1e-06,10,869968,849.57812500000000000000
100,500,4,64,1,0.2,0.2,1e-05,1e-06,10,686800,670.70312500000000000000
1000,500,4,64,1,0.2,0.2,1e-05,1e-06,10,874464,853.96875000000000000000
5000,500,4,64,1,0.2,0.2,1e-05,1e-06,10,868976,848.60937500000000000000
10000,500,4,64,1,0.2,0.2,1e-05,1e-06,10,853248,833.25000000000000000000
50000,500,4,64,1,0.2,0.2,1e-05,1e-06,10,899344,878.26562500000000000000
1e+05,500,4,64,1,0.2,0.2,1e-05,1e-06,10,941408,919.34375000000000000000
100,1000,4,64,1,0.2,0.2,1e-05,1e-06,10,694496,678.21875000000000000000
1000,1000,4,64,1,0.2,0.2,1e-05,1e-06,10,907008,885.75000000000000000000
5000,1000,4,64,1,0.2,0.2,1e-05,1e-06,10,909664,888.34375000000000000000
10000,1000,4,64,1,0.2,0.2,1e-05,1e-06,10,853712,833.70312500000000000000
50000,1000,4,64,1,0.2,0.2,1e-05,1e-06,10,860736,840.56250000000000000000
1e+05,1000,4,64,1,0.2,0.2,1e-05,1e-06,10,874464,853.96875000000000000000
100,1,4,128,1,0.2,0.2,1e-05,1e-06,10,708304,691.70312500000000000000
1000,1,4,128,1,0.2,0.2,1e-05,1e-06,10,900368,879.26562500000000000000
5000,1,4,128,1,0.2,0.2,1e-05,1e-06,10,898976,877.90625000000000000000
10000,1,4,128,1,0.2,0.2,1e-05,1e-06,10,916336,894.85937500000000000000
50000,1,4,128,1,0.2,0.2,1e-05,1e-06,10,913088,891.68750000000000000000
1e+05,1,4,128,1,0.2,0.2,1e-05,1e-06,10,913088,891.68750000000000000000
100,10,4,128,1,0.2,0.2,1e-05,1e-06,10,634128,619.26562500000000000000
1000,10,4,128,1,0.2,0.2,1e-05,1e-06,10,849584,829.67187500000000000000
5000,10,4,128,1,0.2,0.2,1e-05,1e-06,10,853488,833.48437500000000000000
10000,10,4,128,1,0.2,0.2,1e-05,1e-06,10,858192,838.07812500000000000000
50000,10,4,128,1,0.2,0.2,1e-05,1e-06,10,864960,844.68750000000000000000
1e+05,10,4,128,1,0.2,0.2,1e-05,1e-06,10,882992,862.29687500000000000000
100,50,4,128,1,0.2,0.2,1e-05,1e-06,10,692912,676.67187500000000000000
1000,50,4,128,1,0.2,0.2,1e-05,1e-06,10,870800,850.39062500000000000000
5000,50,4,128,1,0.2,0.2,1e-05,1e-06,10,886144,865.37500000000000000000
10000,50,4,128,1,0.2,0.2,1e-05,1e-06,10,898336,877.28125000000000000000
50000,50,4,128,1,0.2,0.2,1e-05,1e-06,10,866192,845.89062500000000000000
1e+05,50,4,128,1,0.2,0.2,1e-05,1e-06,10,864992,844.71875000000000000000
100,100,4,128,1,0.2,0.2,1e-05,1e-06,10,720352,703.46875000000000000000
1000,100,4,128,1,0.2,0.2,1e-05,1e-06,10,832880,813.35937500000000000000
5000,100,4,128,1,0.2,0.2,1e-05,1e-06,10,841456,821.73437500000000000000
10000,100,4,128,1,0.2,0.2,1e-05,1e-06,10,883024,862.32812500000000000000
50000,100,4,128,1,0.2,0.2,1e-05,1e-06,10,902272,881.12500000000000000000
1e+05,100,4,128,1,0.2,0.2,1e-05,1e-06,10,901968,880.82812500000000000000
100,500,4,128,1,0.2,0.2,1e-05,1e-06,10,705344,688.81250000000000000000
1000,500,4,128,1,0.2,0.2,1e-05,1e-06,10,872416,851.96875000000000000000
5000,500,4,128,1,0.2,0.2,1e-05,1e-06,10,888112,867.29687500000000000000
10000,500,4,128,1,0.2,0.2,1e-05,1e-06,10,865680,845.39062500000000000000
50000,500,4,128,1,0.2,0.2,1e-05,1e-06,10,897104,876.07812500000000000000
1e+05,500,4,128,1,0.2,0.2,1e-05,1e-06,10,883152,862.45312500000000000000
100,1000,4,128,1,0.2,0.2,1e-05,1e-06,10,689488,673.32812500000000000000
1000,1000,4,128,1,0.2,0.2,1e-05,1e-06,10,821792,802.53125000000000000000
5000,1000,4,128,1,0.2,0.2,1e-05,1e-06,10,893232,872.29687500000000000000
10000,1000,4,128,1,0.2,0.2,1e-05,1e-06,10,847600,827.73437500000000000000
50000,1000,4,128,1,0.2,0.2,1e-05,1e-06,10,878672,858.07812500000000000000
1e+05,1000,4,128,1,0.2,0.2,1e-05,1e-06,10,920160,898.59375000000000000000
100,1,4,256,1,0.2,0.2,1e-05,1e-06,10,701712,685.26562500000000000000
1000,1,4,256,1,0.2,0.2,1e-05,1e-06,10,855504,835.45312500000000000000
5000,1,4,256,1,0.2,0.2,1e-05,1e-06,10,901776,880.64062500000000000000
10000,1,4,256,1,0.2,0.2,1e-05,1e-06,10,902480,881.32812500000000000000
50000,1,4,256,1,0.2,0.2,1e-05,1e-06,10,889040,868.20312500000000000000
1e+05,1,4,256,1,0.2,0.2,1e-05,1e-06,10,903680,882.50000000000000000000
100,10,4,256,1,0.2,0.2,1e-05,1e-06,10,703296,686.81250000000000000000
1000,10,4,256,1,0.2,0.2,1e-05,1e-06,10,854768,834.73437500000000000000
5000,10,4,256,1,0.2,0.2,1e-05,1e-06,10,881088,860.43750000000000000000
10000,10,4,256,1,0.2,0.2,1e-05,1e-06,10,860656,840.48437500000000000000
50000,10,4,256,1,0.2,0.2,1e-05,1e-06,10,883136,862.43750000000000000000
1e+05,10,4,256,1,0.2,0.2,1e-05,1e-06,10,894864,873.89062500000000000000
100,50,4,256,1,0.2,0.2,1e-05,1e-06,10,696464,680.14062500000000000000
1000,50,4,256,1,0.2,0.2,1e-05,1e-06,10,884672,863.93750000000000000000
5000,50,4,256,1,0.2,0.2,1e-05,1e-06,10,904176,882.98437500000000000000
10000,50,4,256,1,0.2,0.2,1e-05,1e-06,10,882528,861.84375000000000000000
50000,50,4,256,1,0.2,0.2,1e-05,1e-06,10,878688,858.09375000000000000000
1e+05,50,4,256,1,0.2,0.2,1e-05,1e-06,10,876432,855.89062500000000000000
100,100,4,256,1,0.2,0.2,1e-05,1e-06,10,701680,685.23437500000000000000
1000,100,4,256,1,0.2,0.2,1e-05,1e-06,10,871952,851.51562500000000000000
5000,100,4,256,1,0.2,0.2,1e-05,1e-06,10,902704,881.54687500000000000000
10000,100,4,256,1,0.2,0.2,1e-05,1e-06,10,868000,847.65625000000000000000
50000,100,4,256,1,0.2,0.2,1e-05,1e-06,10,875120,854.60937500000000000000
1e+05,100,4,256,1,0.2,0.2,1e-05,1e-06,10,889440,868.59375000000000000000
100,500,4,256,1,0.2,0.2,1e-05,1e-06,10,694400,678.12500000000000000000
1000,500,4,256,1,0.2,0.2,1e-05,1e-06,10,843504,823.73437500000000000000
5000,500,4,256,1,0.2,0.2,1e-05,1e-06,10,926864,905.14062500000000000000
10000,500,4,256,1,0.2,0.2,1e-05,1e-06,10,929648,907.85937500000000000000
50000,500,4,256,1,0.2,0.2,1e-05,1e-06,10,909424,888.10937500000000000000
1e+05,500,4,256,1,0.2,0.2,1e-05,1e-06,10,947920,925.70312500000000000000
100,1000,4,256,1,0.2,0.2,1e-05,1e-06,10,703376,686.89062500000000000000
1000,1000,4,256,1,0.2,0.2,1e-05,1e-06,10,887040,866.25000000000000000000
5000,1000,4,256,1,0.2,0.2,1e-05,1e-06,10,951824,929.51562500000000000000
10000,1000,4,256,1,0.2,0.2,1e-05,1e-06,10,957344,934.90625000000000000000
50000,1000,4,256,1,0.2,0.2,1e-05,1e-06,10,935808,913.87500000000000000000
1e+05,1000,4,256,1,0.2,0.2,1e-05,1e-06,10,925184,903.50000000000000000000
100,1,4,512,1,0.2,0.2,1e-05,1e-06,10,715456,698.68750000000000000000
1000,1,4,512,1,0.2,0.2,1e-05,1e-06,10,926016,904.31250000000000000000
5000,1,4,512,1,0.2,0.2,1e-05,1e-06,10,979264,956.31250000000000000000
10000,1,4,512,1,0.2,0.2,1e-05,1e-06,10,965184,942.56250000000000000000
50000,1,4,512,1,0.2,0.2,1e-05,1e-06,10,972096,949.31250000000000000000
1e+05,1,4,512,1,0.2,0.2,1e-05,1e-06,10,962176,939.62500000000000000000
100,10,4,512,1,0.2,0.2,1e-05,1e-06,10,787296,768.84375000000000000000
1000,10,4,512,1,0.2,0.2,1e-05,1e-06,10,940272,918.23437500000000000000
5000,10,4,512,1,0.2,0.2,1e-05,1e-06,10,910144,888.81250000000000000000
10000,10,4,512,1,0.2,0.2,1e-05,1e-06,10,936080,914.14062500000000000000
50000,10,4,512,1,0.2,0.2,1e-05,1e-06,10,970224,947.48437500000000000000
1e+05,10,4,512,1,0.2,0.2,1e-05,1e-06,10,978768,955.82812500000000000000
100,50,4,512,1,0.2,0.2,1e-05,1e-06,10,757680,739.92187500000000000000
1000,50,4,512,1,0.2,0.2,1e-05,1e-06,10,917520,896.01562500000000000000
5000,50,4,512,1,0.2,0.2,1e-05,1e-06,10,949824,927.56250000000000000000
10000,50,4,512,1,0.2,0.2,1e-05,1e-06,10,946096,923.92187500000000000000
50000,50,4,512,1,0.2,0.2,1e-05,1e-06,10,969696,946.96875000000000000000
1e+05,50,4,512,1,0.2,0.2,1e-05,1e-06,10,972224,949.43750000000000000000
100,100,4,512,1,0.2,0.2,1e-05,1e-06,10,769536,751.50000000000000000000
1000,100,4,512,1,0.2,0.2,1e-05,1e-06,10,884688,863.95312500000000000000
5000,100,4,512,1,0.2,0.2,1e-05,1e-06,10,931920,910.07812500000000000000
10000,100,4,512,1,0.2,0.2,1e-05,1e-06,10,942672,920.57812500000000000000
50000,100,4,512,1,0.2,0.2,1e-05,1e-06,10,938352,916.35937500000000000000
1e+05,100,4,512,1,0.2,0.2,1e-05,1e-06,10,948432,926.20312500000000000000
100,500,4,512,1,0.2,0.2,1e-05,1e-06,10,777200,758.98437500000000000000
1000,500,4,512,1,0.2,0.2,1e-05,1e-06,10,890528,869.65625000000000000000
5000,500,4,512,1,0.2,0.2,1e-05,1e-06,10,947824,925.60937500000000000000
10000,500,4,512,1,0.2,0.2,1e-05,1e-06,10,979344,956.39062500000000000000
50000,500,4,512,1,0.2,0.2,1e-05,1e-06,10,959904,937.40625000000000000000
1e+05,500,4,512,1,0.2,0.2,1e-05,1e-06,10,971504,948.73437500000000000000
100,1000,4,512,1,0.2,0.2,1e-05,1e-06,10,743536,726.10937500000000000000
1000,1000,4,512,1,0.2,0.2,1e-05,1e-06,10,879888,859.26562500000000000000
5000,1000,4,512,1,0.2,0.2,1e-05,1e-06,10,943504,921.39062500000000000000
10000,1000,4,512,1,0.2,0.2,1e-05,1e-06,10,939616,917.59375000000000000000
50000,1000,4,512,1,0.2,0.2,1e-05,1e-06,10,961280,938.75000000000000000000
1e+05,1000,4,512,1,0.2,0.2,1e-05,1e-06,10,946064,923.89062500000000000000
100,1,4,1024,1,0.2,0.2,1e-05,1e-06,10,958480,936.01562500000000000000
1000,1,4,1024,1,0.2,0.2,1e-05,1e-06,10,1072736,1047.59375000000000000000
5000,1,4,1024,1,0.2,0.2,1e-05,1e-06,10,1110624,1084.59375000000000000000
10000,1,4,1024,1,0.2,0.2,1e-05,1e-06,10,1110000,1083.98437500000000000000
50000,1,4,1024,1,0.2,0.2,1e-05,1e-06,10,1103792,1077.92187500000000000000
1e+05,1,4,1024,1,0.2,0.2,1e-05,1e-06,10,1087712,1062.21875000000000000000
100,10,4,1024,1,0.2,0.2,1e-05,1e-06,10,938016,916.03125000000000000000
1000,10,4,1024,1,0.2,0.2,1e-05,1e-06,10,1102176,1076.34375000000000000000
5000,10,4,1024,1,0.2,0.2,1e-05,1e-06,10,1077696,1052.43750000000000000000
10000,10,4,1024,1,0.2,0.2,1e-05,1e-06,10,1090336,1064.78125000000000000000
50000,10,4,1024,1,0.2,0.2,1e-05,1e-06,10,1083264,1057.87500000000000000000
1e+05,10,4,1024,1,0.2,0.2,1e-05,1e-06,10,1126768,1100.35937500000000000000
100,50,4,1024,1,0.2,0.2,1e-05,1e-06,10,931984,910.14062500000000000000
1000,50,4,1024,1,0.2,0.2,1e-05,1e-06,10,1071360,1046.25000000000000000000
5000,50,4,1024,1,0.2,0.2,1e-05,1e-06,10,1064240,1039.29687500000000000000
10000,50,4,1024,1,0.2,0.2,1e-05,1e-06,10,1108848,1082.85937500000000000000
50000,50,4,1024,1,0.2,0.2,1e-05,1e-06,10,1116448,1090.28125000000000000000
1e+05,50,4,1024,1,0.2,0.2,1e-05,1e-06,10,1110992,1084.95312500000000000000
100,100,4,1024,1,0.2,0.2,1e-05,1e-06,10,948400,926.17187500000000000000
1000,100,4,1024,1,0.2,0.2,1e-05,1e-06,10,1112656,1086.57812500000000000000
5000,100,4,1024,1,0.2,0.2,1e-05,1e-06,10,1123040,1096.71875000000000000000
10000,100,4,1024,1,0.2,0.2,1e-05,1e-06,10,1154880,1127.81250000000000000000
50000,100,4,1024,1,0.2,0.2,1e-05,1e-06,10,1142736,1115.95312500000000000000
1e+05,100,4,1024,1,0.2,0.2,1e-05,1e-06,10,1106224,1080.29687500000000000000
100,500,4,1024,1,0.2,0.2,1e-05,1e-06,10,915264,893.81250000000000000000
1000,500,4,1024,1,0.2,0.2,1e-05,1e-06,10,1031184,1007.01562500000000000000
5000,500,4,1024,1,0.2,0.2,1e-05,1e-06,10,1032016,1007.82812500000000000000
10000,500,4,1024,1,0.2,0.2,1e-05,1e-06,10,1071616,1046.50000000000000000000
50000,500,4,1024,1,0.2,0.2,1e-05,1e-06,10,1073408,1048.25000000000000000000
1e+05,500,4,1024,1,0.2,0.2,1e-05,1e-06,10,1085104,1059.67187500000000000000
100,1000,4,1024,1,0.2,0.2,1e-05,1e-06,10,930240,908.43750000000000000000
1000,1000,4,1024,1,0.2,0.2,1e-05,1e-06,10,1079968,1054.65625000000000000000
5000,1000,4,1024,1,0.2,0.2,1e-05,1e-06,10,1051424,1026.78125000000000000000
10000,1000,4,1024,1,0.2,0.2,1e-05,1e-06,10,1044272,1019.79687500000000000000
50000,1000,4,1024,1,0.2,0.2,1e-05,1e-06,10,1112400,1086.32812500000000000000
1e+05,1000,4,1024,1,0.2,0.2,1e-05,1e-06,10,1151632,1124.64062500000000000000
100,1,4,64,2,0.2,0.2,1e-05,1e-06,10,698528,682.15625000000000000000
1000,1,4,64,2,0.2,0.2,1e-05,1e-06,10,828336,808.92187500000000000000
5000,1,4,64,2,0.2,0.2,1e-05,1e-06,10,895424,874.43750000000000000000
10000,1,4,64,2,0.2,0.2,1e-05,1e-06,10,831248,811.76562500000000000000
50000,1,4,64,2,0.2,0.2,1e-05,1e-06,10,842688,822.93750000000000000000
1e+05,1,4,64,2,0.2,0.2,1e-05,1e-06,10,867456,847.12500000000000000000
100,10,4,64,2,0.2,0.2,1e-05,1e-06,10,693056,676.81250000000000000000
1000,10,4,64,2,0.2,0.2,1e-05,1e-06,10,831696,812.20312500000000000000
5000,10,4,64,2,0.2,0.2,1e-05,1e-06,10,893520,872.57812500000000000000
10000,10,4,64,2,0.2,0.2,1e-05,1e-06,10,856912,836.82812500000000000000
50000,10,4,64,2,0.2,0.2,1e-05,1e-06,10,865552,845.26562500000000000000
1e+05,10,4,64,2,0.2,0.2,1e-05,1e-06,10,850032,830.10937500000000000000
100,50,4,64,2,0.2,0.2,1e-05,1e-06,10,695728,679.42187500000000000000
1000,50,4,64,2,0.2,0.2,1e-05,1e-06,10,833440,813.90625000000000000000
5000,50,4,64,2,0.2,0.2,1e-05,1e-06,10,852752,832.76562500000000000000
10000,50,4,64,2,0.2,0.2,1e-05,1e-06,10,851232,831.28125000000000000000
50000,50,4,64,2,0.2,0.2,1e-05,1e-06,10,848640,828.75000000000000000000
1e+05,50,4,64,2,0.2,0.2,1e-05,1e-06,10,867952,847.60937500000000000000
100,100,4,64,2,0.2,0.2,1e-05,1e-06,10,693312,677.06250000000000000000
1000,100,4,64,2,0.2,0.2,1e-05,1e-06,10,844496,824.70312500000000000000
5000,100,4,64,2,0.2,0.2,1e-05,1e-06,10,833584,814.04687500000000000000
10000,100,4,64,2,0.2,0.2,1e-05,1e-06,10,837248,817.62500000000000000000
50000,100,4,64,2,0.2,0.2,1e-05,1e-06,10,909456,888.14062500000000000000
1e+05,100,4,64,2,0.2,0.2,1e-05,1e-06,10,875056,854.54687500000000000000
100,500,4,64,2,0.2,0.2,1e-05,1e-06,10,713760,697.03125000000000000000
1000,500,4,64,2,0.2,0.2,1e-05,1e-06,10,891120,870.23437500000000000000
5000,500,4,64,2,0.2,0.2,1e-05,1e-06,10,917136,895.64062500000000000000
10000,500,4,64,2,0.2,0.2,1e-05,1e-06,10,914224,892.79687500000000000000
50000,500,4,64,2,0.2,0.2,1e-05,1e-06,10,929472,907.68750000000000000000
1e+05,500,4,64,2,0.2,0.2,1e-05,1e-06,10,914528,893.09375000000000000000
100,1000,4,64,2,0.2,0.2,1e-05,1e-06,10,718112,701.28125000000000000000
1000,1000,4,64,2,0.2,0.2,1e-05,1e-06,10,834688,815.12500000000000000000
5000,1000,4,64,2,0.2,0.2,1e-05,1e-06,10,900832,879.71875000000000000000
10000,1000,4,64,2,0.2,0.2,1e-05,1e-06,10,906576,885.32812500000000000000
50000,1000,4,64,2,0.2,0.2,1e-05,1e-06,10,872544,852.09375000000000000000
1e+05,1000,4,64,2,0.2,0.2,1e-05,1e-06,10,903328,882.15625000000000000000
100,1,4,128,2,0.2,0.2,1e-05,1e-06,10,687392,671.28125000000000000000
1000,1,4,128,2,0.2,0.2,1e-05,1e-06,10,869808,849.42187500000000000000
5000,1,4,128,2,0.2,0.2,1e-05,1e-06,10,912864,891.46875000000000000000
10000,1,4,128,2,0.2,0.2,1e-05,1e-06,10,854624,834.59375000000000000000
50000,1,4,128,2,0.2,0.2,1e-05,1e-06,10,882272,861.59375000000000000000
1e+05,1,4,128,2,0.2,0.2,1e-05,1e-06,10,914896,893.45312500000000000000
100,10,4,128,2,0.2,0.2,1e-05,1e-06,10,684880,668.82812500000000000000
1000,10,4,128,2,0.2,0.2,1e-05,1e-06,10,870896,850.48437500000000000000
5000,10,4,128,2,0.2,0.2,1e-05,1e-06,10,904432,883.23437500000000000000
10000,10,4,128,2,0.2,0.2,1e-05,1e-06,10,912992,891.59375000000000000000
50000,10,4,128,2,0.2,0.2,1e-05,1e-06,10,903152,881.98437500000000000000
1e+05,10,4,128,2,0.2,0.2,1e-05,1e-06,10,930176,908.37500000000000000000
100,50,4,128,2,0.2,0.2,1e-05,1e-06,10,702368,685.90625000000000000000
1000,50,4,128,2,0.2,0.2,1e-05,1e-06,10,873728,853.25000000000000000000
5000,50,4,128,2,0.2,0.2,1e-05,1e-06,10,898656,877.59375000000000000000
10000,50,4,128,2,0.2,0.2,1e-05,1e-06,10,914016,892.59375000000000000000
50000,50,4,128,2,0.2,0.2,1e-05,1e-06,10,908528,887.23437500000000000000
1e+05,50,4,128,2,0.2,0.2,1e-05,1e-06,10,888464,867.64062500000000000000
100,100,4,128,2,0.2,0.2,1e-05,1e-06,10,693264,677.01562500000000000000
1000,100,4,128,2,0.2,0.2,1e-05,1e-06,10,880576,859.93750000000000000000
5000,100,4,128,2,0.2,0.2,1e-05,1e-06,10,885600,864.84375000000000000000
10000,100,4,128,2,0.2,0.2,1e-05,1e-06,10,887936,867.12500000000000000000
50000,100,4,128,2,0.2,0.2,1e-05,1e-06,10,884672,863.93750000000000000000
1e+05,100,4,128,2,0.2,0.2,1e-05,1e-06,10,921120,899.53125000000000000000
100,500,4,128,2,0.2,0.2,1e-05,1e-06,10,707584,691.00000000000000000000
1000,500,4,128,2,0.2,0.2,1e-05,1e-06,10,832272,812.76562500000000000000
5000,500,4,128,2,0.2,0.2,1e-05,1e-06,10,913120,891.71875000000000000000
10000,500,4,128,2,0.2,0.2,1e-05,1e-06,10,907024,885.76562500000000000000
50000,500,4,128,2,0.2,0.2,1e-05,1e-06,10,912944,891.54687500000000000000
1e+05,500,4,128,2,0.2,0.2,1e-05,1e-06,10,901216,880.09375000000000000000
100,1000,4,128,2,0.2,0.2,1e-05,1e-06,10,694960,678.67187500000000000000
1000,1000,4,128,2,0.2,0.2,1e-05,1e-06,10,845616,825.79687500000000000000
5000,1000,4,128,2,0.2,0.2,1e-05,1e-06,10,880848,860.20312500000000000000
10000,1000,4,128,2,0.2,0.2,1e-05,1e-06,10,868912,848.54687500000000000000
50000,1000,4,128,2,0.2,0.2,1e-05,1e-06,10,875040,854.53125000000000000000
1e+05,1000,4,128,2,0.2,0.2,1e-05,1e-06,10,882336,861.65625000000000000000
100,1,4,256,2,0.2,0.2,1e-05,1e-06,10,715536,698.76562500000000000000
1000,1,4,256,2,0.2,0.2,1e-05,1e-06,10,874176,853.68750000000000000000
5000,1,4,256,2,0.2,0.2,1e-05,1e-06,10,915472,894.01562500000000000000
10000,1,4,256,2,0.2,0.2,1e-05,1e-06,10,922032,900.42187500000000000000
50000,1,4,256,2,0.2,0.2,1e-05,1e-06,10,907552,886.28125000000000000000
1e+05,1,4,256,2,0.2,0.2,1e-05,1e-06,10,900928,879.81250000000000000000
100,10,4,256,2,0.2,0.2,1e-05,1e-06,10,740528,723.17187500000000000000
1000,10,4,256,2,0.2,0.2,1e-05,1e-06,10,872816,852.35937500000000000000
5000,10,4,256,2,0.2,0.2,1e-05,1e-06,10,926336,904.62500000000000000000
10000,10,4,256,2,0.2,0.2,1e-05,1e-06,10,939872,917.84375000000000000000
50000,10,4,256,2,0.2,0.2,1e-05,1e-06,10,927200,905.46875000000000000000
1e+05,10,4,256,2,0.2,0.2,1e-05,1e-06,10,937344,915.37500000000000000000
100,50,4,256,2,0.2,0.2,1e-05,1e-06,10,721824,704.90625000000000000000
1000,50,4,256,2,0.2,0.2,1e-05,1e-06,10,868976,848.60937500000000000000
5000,50,4,256,2,0.2,0.2,1e-05,1e-06,10,922000,900.39062500000000000000
10000,50,4,256,2,0.2,0.2,1e-05,1e-06,10,929200,907.42187500000000000000
50000,50,4,256,2,0.2,0.2,1e-05,1e-06,10,924672,903.00000000000000000000
1e+05,50,4,256,2,0.2,0.2,1e-05,1e-06,10,927232,905.50000000000000000000
100,100,4,256,2,0.2,0.2,1e-05,1e-06,10,736384,719.12500000000000000000
1000,100,4,256,2,0.2,0.2,1e-05,1e-06,10,876224,855.68750000000000000000
5000,100,4,256,2,0.2,0.2,1e-05,1e-06,10,910736,889.39062500000000000000
10000,100,4,256,2,0.2,0.2,1e-05,1e-06,10,925440,903.75000000000000000000
50000,100,4,256,2,0.2,0.2,1e-05,1e-06,10,935360,913.43750000000000000000
1e+05,100,4,256,2,0.2,0.2,1e-05,1e-06,10,931632,909.79687500000000000000
100,500,4,256,2,0.2,0.2,1e-05,1e-06,10,760256,742.43750000000000000000
1000,500,4,256,2,0.2,0.2,1e-05,1e-06,10,899728,878.64062500000000000000
5000,500,4,256,2,0.2,0.2,1e-05,1e-06,10,921200,899.60937500000000000000
10000,500,4,256,2,0.2,0.2,1e-05,1e-06,10,917984,896.46875000000000000000
50000,500,4,256,2,0.2,0.2,1e-05,1e-06,10,897728,876.68750000000000000000
1e+05,500,4,256,2,0.2,0.2,1e-05,1e-06,10,926832,905.10937500000000000000
100,1000,4,256,2,0.2,0.2,1e-05,1e-06,10,757952,740.18750000000000000000
1000,1000,4,256,2,0.2,0.2,1e-05,1e-06,10,861328,841.14062500000000000000
5000,1000,4,256,2,0.2,0.2,1e-05,1e-06,10,867792,847.45312500000000000000
10000,1000,4,256,2,0.2,0.2,1e-05,1e-06,10,908336,887.04687500000000000000
50000,1000,4,256,2,0.2,0.2,1e-05,1e-06,10,898880,877.81250000000000000000
1e+05,1000,4,256,2,0.2,0.2,1e-05,1e-06,10,931856,910.01562500000000000000
100,1,4,512,2,0.2,0.2,1e-05,1e-06,10,845088,825.28125000000000000000
1000,1,4,512,2,0.2,0.2,1e-05,1e-06,10,949104,926.85937500000000000000
5000,1,4,512,2,0.2,0.2,1e-05,1e-06,10,991344,968.10937500000000000000
10000,1,4,512,2,0.2,0.2,1e-05,1e-06,10,971808,949.03125000000000000000
50000,1,4,512,2,0.2,0.2,1e-05,1e-06,10,967808,945.12500000000000000000
1e+05,1,4,512,2,0.2,0.2,1e-05,1e-06,10,977888,954.96875000000000000000
100,10,4,512,2,0.2,0.2,1e-05,1e-06,10,821888,802.62500000000000000000
1000,10,4,512,2,0.2,0.2,1e-05,1e-06,10,960448,937.93750000000000000000
5000,10,4,512,2,0.2,0.2,1e-05,1e-06,10,981968,958.95312500000000000000
10000,10,4,512,2,0.2,0.2,1e-05,1e-06,10,1027840,1003.75000000000000000000
50000,10,4,512,2,0.2,0.2,1e-05,1e-06,10,1023824,999.82812500000000000000
1e+05,10,4,512,2,0.2,0.2,1e-05,1e-06,10,989632,966.43750000000000000000
100,50,4,512,2,0.2,0.2,1e-05,1e-06,10,834912,815.34375000000000000000
1000,50,4,512,2,0.2,0.2,1e-05,1e-06,10,969328,946.60937500000000000000
5000,50,4,512,2,0.2,0.2,1e-05,1e-06,10,975712,952.84375000000000000000
10000,50,4,512,2,0.2,0.2,1e-05,1e-06,10,986080,962.96875000000000000000
50000,50,4,512,2,0.2,0.2,1e-05,1e-06,10,958304,935.84375000000000000000
1e+05,50,4,512,2,0.2,0.2,1e-05,1e-06,10,998272,974.87500000000000000000
100,100,4,512,2,0.2,0.2,1e-05,1e-06,10,814352,795.26562500000000000000
1000,100,4,512,2,0.2,0.2,1e-05,1e-06,10,952368,930.04687500000000000000
5000,100,4,512,2,0.2,0.2,1e-05,1e-06,10,981536,958.53125000000000000000
10000,100,4,512,2,0.2,0.2,1e-05,1e-06,10,976048,953.17187500000000000000
50000,100,4,512,2,0.2,0.2,1e-05,1e-06,10,996064,972.71875000000000000000
1e+05,100,4,512,2,0.2,0.2,1e-05,1e-06,10,1005152,981.59375000000000000000
100,500,4,512,2,0.2,0.2,1e-05,1e-06,10,810624,791.62500000000000000000
1000,500,4,512,2,0.2,0.2,1e-05,1e-06,10,953984,931.62500000000000000000
5000,500,4,512,2,0.2,0.2,1e-05,1e-06,10,994144,970.84375000000000000000
10000,500,4,512,2,0.2,0.2,1e-05,1e-06,10,974064,951.23437500000000000000
50000,500,4,512,2,0.2,0.2,1e-05,1e-06,10,1001024,977.56250000000000000000
1e+05,500,4,512,2,0.2,0.2,1e-05,1e-06,10,990816,967.59375000000000000000
100,1000,4,512,2,0.2,0.2,1e-05,1e-06,10,822112,802.84375000000000000000
1000,1000,4,512,2,0.2,0.2,1e-05,1e-06,10,974848,952.00000000000000000000
5000,1000,4,512,2,0.2,0.2,1e-05,1e-06,10,1000272,976.82812500000000000000
10000,1000,4,512,2,0.2,0.2,1e-05,1e-06,10,1001728,978.25000000000000000000
50000,1000,4,512,2,0.2,0.2,1e-05,1e-06,10,1010304,986.62500000000000000000
1e+05,1000,4,512,2,0.2,0.2,1e-05,1e-06,10,984816,961.73437500000000000000
100,1,4,1024,2,0.2,0.2,1e-05,1e-06,10,1114480,1088.35937500000000000000
1000,1,4,1024,2,0.2,0.2,1e-05,1e-06,10,1268704,1238.96875000000000000000
5000,1,4,1024,2,0.2,0.2,1e-05,1e-06,10,1322304,1291.31250000000000000000
10000,1,4,1024,2,0.2,0.2,1e-05,1e-06,10,1290880,1260.62500000000000000000
50000,1,4,1024,2,0.2,0.2,1e-05,1e-06,10,1366992,1334.95312500000000000000
1e+05,1,4,1024,2,0.2,0.2,1e-05,1e-06,10,1300336,1269.85937500000000000000
100,10,4,1024,2,0.2,0.2,1e-05,1e-06,10,1129152,1102.68750000000000000000
1000,10,4,1024,2,0.2,0.2,1e-05,1e-06,10,1257696,1228.21875000000000000000
5000,10,4,1024,2,0.2,0.2,1e-05,1e-06,10,1265568,1235.90625000000000000000
10000,10,4,1024,2,0.2,0.2,1e-05,1e-06,10,1270752,1240.96875000000000000000
50000,10,4,1024,2,0.2,0.2,1e-05,1e-06,10,1288128,1257.93750000000000000000
1e+05,10,4,1024,2,0.2,0.2,1e-05,1e-06,10,1315840,1285.00000000000000000000
100,50,4,1024,2,0.2,0.2,1e-05,1e-06,10,1210992,1182.60937500000000000000
1000,50,4,1024,2,0.2,0.2,1e-05,1e-06,10,1252176,1222.82812500000000000000
5000,50,4,1024,2,0.2,0.2,1e-05,1e-06,10,1278400,1248.43750000000000000000
10000,50,4,1024,2,0.2,0.2,1e-05,1e-06,10,1287936,1257.75000000000000000000
50000,50,4,1024,2,0.2,0.2,1e-05,1e-06,10,1274000,1244.14062500000000000000
1e+05,50,4,1024,2,0.2,0.2,1e-05,1e-06,10,1296832,1266.43750000000000000000
100,100,4,1024,2,0.2,0.2,1e-05,1e-06,10,1088864,1063.34375000000000000000
1000,100,4,1024,2,0.2,0.2,1e-05,1e-06,10,1326992,1295.89062500000000000000
5000,100,4,1024,2,0.2,0.2,1e-05,1e-06,10,1279312,1249.32812500000000000000
10000,100,4,1024,2,0.2,0.2,1e-05,1e-06,10,1339280,1307.89062500000000000000
50000,100,4,1024,2,0.2,0.2,1e-05,1e-06,10,1293872,1263.54687500000000000000
1e+05,100,4,1024,2,0.2,0.2,1e-05,1e-06,10,1330880,1299.68750000000000000000
100,500,4,1024,2,0.2,0.2,1e-05,1e-06,10,1155472,1128.39062500000000000000
1000,500,4,1024,2,0.2,0.2,1e-05,1e-06,10,1319072,1288.15625000000000000000
5000,500,4,1024,2,0.2,0.2,1e-05,1e-06,10,1319776,1288.84375000000000000000
10000,500,4,1024,2,0.2,0.2,1e-05,1e-06,10,1312704,1281.93750000000000000000
50000,500,4,1024,2,0.2,0.2,1e-05,1e-06,10,1340096,1308.68750000000000000000
1e+05,500,4,1024,2,0.2,0.2,1e-05,1e-06,10,1395728,1363.01562500000000000000
100,1000,4,1024,2,0.2,0.2,1e-05,1e-06,10,1236320,1207.34375000000000000000
1000,1000,4,1024,2,0.2,0.2,1e-05,1e-06,10,1349584,1317.95312500000000000000
5000,1000,4,1024,2,0.2,0.2,1e-05,1e-06,10,1276640,1246.71875000000000000000
10000,1000,4,1024,2,0.2,0.2,1e-05,1e-06,10,1322112,1291.12500000000000000000
50000,1000,4,1024,2,0.2,0.2,1e-05,1e-06,10,1381136,1348.76562500000000000000
1e+05,1000,4,1024,2,0.2,0.2,1e-05,1e-06,10,1392992,1360.34375000000000000000
100,1,4,64,3,0.2,0.2,1e-05,1e-06,10,695056,678.76562500000000000000
1000,1,4,64,3,0.2,0.2,1e-05,1e-06,10,816640,797.50000000000000000000
5000,1,4,64,3,0.2,0.2,1e-05,1e-06,10,826112,806.75000000000000000000
10000,1,4,64,3,0.2,0.2,1e-05,1e-06,10,837040,817.42187500000000000000
50000,1,4,64,3,0.2,0.2,1e-05,1e-06,10,852544,832.56250000000000000000
1e+05,1,4,64,3,0.2,0.2,1e-05,1e-06,10,911664,890.29687500000000000000
100,10,4,64,3,0.2,0.2,1e-05,1e-06,10,736000,718.75000000000000000000
1000,10,4,64,3,0.2,0.2,1e-05,1e-06,10,846192,826.35937500000000000000
5000,10,4,64,3,0.2,0.2,1e-05,1e-06,10,917344,895.84375000000000000000
10000,10,4,64,3,0.2,0.2,1e-05,1e-06,10,916368,894.89062500000000000000
50000,10,4,64,3,0.2,0.2,1e-05,1e-06,10,942928,920.82812500000000000000
1e+05,10,4,64,3,0.2,0.2,1e-05,1e-06,10,954208,931.84375000000000000000
100,50,4,64,3,0.2,0.2,1e-05,1e-06,10,682096,666.10937500000000000000
1000,50,4,64,3,0.2,0.2,1e-05,1e-06,10,861488,841.29687500000000000000
5000,50,4,64,3,0.2,0.2,1e-05,1e-06,10,894928,873.95312500000000000000
10000,50,4,64,3,0.2,0.2,1e-05,1e-06,10,847136,827.28125000000000000000
50000,50,4,64,3,0.2,0.2,1e-05,1e-06,10,896784,875.76562500000000000000
1e+05,50,4,64,3,0.2,0.2,1e-05,1e-06,10,862912,842.68750000000000000000
100,100,4,64,3,0.2,0.2,1e-05,1e-06,10,690272,674.09375000000000000000
1000,100,4,64,3,0.2,0.2,1e-05,1e-06,10,826512,807.14062500000000000000
5000,100,4,64,3,0.2,0.2,1e-05,1e-06,10,841344,821.62500000000000000000
10000,100,4,64,3,0.2,0.2,1e-05,1e-06,10,834816,815.25000000000000000000
50000,100,4,64,3,0.2,0.2,1e-05,1e-06,10,876080,855.54687500000000000000
1e+05,100,4,64,3,0.2,0.2,1e-05,1e-06,10,877936,857.35937500000000000000
100,500,4,64,3,0.2,0.2,1e-05,1e-06,10,695232,678.93750000000000000000
1000,500,4,64,3,0.2,0.2,1e-05,1e-06,10,879088,858.48437500000000000000
5000,500,4,64,3,0.2,0.2,1e-05,1e-06,10,920368,898.79687500000000000000
10000,500,4,64,3,0.2,0.2,1e-05,1e-06,10,952784,930.45312500000000000000
50000,500,4,64,3,0.2,0.2,1e-05,1e-06,10,938800,916.79687500000000000000
1e+05,500,4,64,3,0.2,0.2,1e-05,1e-06,10,926672,904.95312500000000000000
100,1000,4,64,3,0.2,0.2,1e-05,1e-06,10,691776,675.56250000000000000000
1000,1000,4,64,3,0.2,0.2,1e-05,1e-06,10,884064,863.34375000000000000000
5000,1000,4,64,3,0.2,0.2,1e-05,1e-06,10,923776,902.12500000000000000000
10000,1000,4,64,3,0.2,0.2,1e-05,1e-06,10,945264,923.10937500000000000000
50000,1000,4,64,3,0.2,0.2,1e-05,1e-06,10,938688,916.68750000000000000000
1e+05,1000,4,64,3,0.2,0.2,1e-05,1e-06,10,928832,907.06250000000000000000
100,1,4,128,3,0.2,0.2,1e-05,1e-06,10,691920,675.70312500000000000000
1000,1,4,128,3,0.2,0.2,1e-05,1e-06,10,884256,863.53125000000000000000
5000,1,4,128,3,0.2,0.2,1e-05,1e-06,10,926144,904.43750000000000000000
10000,1,4,128,3,0.2,0.2,1e-05,1e-06,10,932288,910.43750000000000000000
50000,1,4,128,3,0.2,0.2,1e-05,1e-06,10,921936,900.32812500000000000000
1e+05,1,4,128,3,0.2,0.2,1e-05,1e-06,10,935360,913.43750000000000000000
100,10,4,128,3,0.2,0.2,1e-05,1e-06,10,693456,677.20312500000000000000
1000,10,4,128,3,0.2,0.2,1e-05,1e-06,10,864704,844.43750000000000000000
5000,10,4,128,3,0.2,0.2,1e-05,1e-06,10,929744,907.95312500000000000000
10000,10,4,128,3,0.2,0.2,1e-05,1e-06,10,918288,896.76562500000000000000
50000,10,4,128,3,0.2,0.2,1e-05,1e-06,10,897808,876.76562500000000000000
1e+05,10,4,128,3,0.2,0.2,1e-05,1e-06,10,899888,878.79687500000000000000
100,50,4,128,3,0.2,0.2,1e-05,1e-06,10,690592,674.40625000000000000000
1000,50,4,128,3,0.2,0.2,1e-05,1e-06,10,875792,855.26562500000000000000
5000,50,4,128,3,0.2,0.2,1e-05,1e-06,10,937520,915.54687500000000000000
10000,50,4,128,3,0.2,0.2,1e-05,1e-06,10,932128,910.28125000000000000000
50000,50,4,128,3,0.2,0.2,1e-05,1e-06,10,921824,900.21875000000000000000
1e+05,50,4,128,3,0.2,0.2,1e-05,1e-06,10,911920,890.54687500000000000000
100,100,4,128,3,0.2,0.2,1e-05,1e-06,10,695584,679.28125000000000000000
1000,100,4,128,3,0.2,0.2,1e-05,1e-06,10,883392,862.68750000000000000000
5000,100,4,128,3,0.2,0.2,1e-05,1e-06,10,917504,896.00000000000000000000
10000,100,4,128,3,0.2,0.2,1e-05,1e-06,10,929312,907.53125000000000000000
50000,100,4,128,3,0.2,0.2,1e-05,1e-06,10,925152,903.46875000000000000000
1e+05,100,4,128,3,0.2,0.2,1e-05,1e-06,10,914384,892.95312500000000000000
100,500,4,128,3,0.2,0.2,1e-05,1e-06,10,700640,684.21875000000000000000
1000,500,4,128,3,0.2,0.2,1e-05,1e-06,10,848720,828.82812500000000000000
5000,500,4,128,3,0.2,0.2,1e-05,1e-06,10,929840,908.04687500000000000000
10000,500,4,128,3,0.2,0.2,1e-05,1e-06,10,933952,912.06250000000000000000
50000,500,4,128,3,0.2,0.2,1e-05,1e-06,10,912320,890.93750000000000000000
1e+05,500,4,128,3,0.2,0.2,1e-05,1e-06,10,925392,903.70312500000000000000
100,1000,4,128,3,0.2,0.2,1e-05,1e-06,10,639104,624.12500000000000000000
1000,1000,4,128,3,0.2,0.2,1e-05,1e-06,10,819712,800.50000000000000000000
5000,1000,4,128,3,0.2,0.2,1e-05,1e-06,10,845328,825.51562500000000000000
10000,1000,4,128,3,0.2,0.2,1e-05,1e-06,10,842944,823.18750000000000000000
50000,1000,4,128,3,0.2,0.2,1e-05,1e-06,10,859520,839.37500000000000000000
1e+05,1000,4,128,3,0.2,0.2,1e-05,1e-06,10,846080,826.25000000000000000000
100,1,4,256,3,0.2,0.2,1e-05,1e-06,10,643872,628.78125000000000000000
1000,1,4,256,3,0.2,0.2,1e-05,1e-06,10,809920,790.93750000000000000000
5000,1,4,256,3,0.2,0.2,1e-05,1e-06,10,903072,881.90625000000000000000
10000,1,4,256,3,0.2,0.2,1e-05,1e-06,10,981376,958.37500000000000000000
50000,1,4,256,3,0.2,0.2,1e-05,1e-06,10,1027760,1003.67187500000000000000
1e+05,1,4,256,3,0.2,0.2,1e-05,1e-06,10,998112,974.71875000000000000000
100,10,4,256,3,0.2,0.2,1e-05,1e-06,10,746240,728.75000000000000000000
1000,10,4,256,3,0.2,0.2,1e-05,1e-06,10,914352,892.92187500000000000000
5000,10,4,256,3,0.2,0.2,1e-05,1e-06,10,933616,911.73437500000000000000
10000,10,4,256,3,0.2,0.2,1e-05,1e-06,10,946560,924.37500000000000000000
50000,10,4,256,3,0.2,0.2,1e-05,1e-06,10,978080,955.15625000000000000000
1e+05,10,4,256,3,0.2,0.2,1e-05,1e-06,10,948096,925.87500000000000000000
100,50,4,256,3,0.2,0.2,1e-05,1e-06,10,730224,713.10937500000000000000
1000,50,4,256,3,0.2,0.2,1e-05,1e-06,10,884304,863.57812500000000000000
5000,50,4,256,3,0.2,0.2,1e-05,1e-06,10,923744,902.09375000000000000000
10000,50,4,256,3,0.2,0.2,1e-05,1e-06,10,908800,887.50000000000000000000
50000,50,4,256,3,0.2,0.2,1e-05,1e-06,10,936464,914.51562500000000000000
1e+05,50,4,256,3,0.2,0.2,1e-05,1e-06,10,911088,889.73437500000000000000
100,100,4,256,3,0.2,0.2,1e-05,1e-06,10,756592,738.85937500000000000000
1000,100,4,256,3,0.2,0.2,1e-05,1e-06,10,911648,890.28125000000000000000
5000,100,4,256,3,0.2,0.2,1e-05,1e-06,10,962000,939.45312500000000000000
10000,100,4,256,3,0.2,0.2,1e-05,1e-06,10,940272,918.23437500000000000000
50000,100,4,256,3,0.2,0.2,1e-05,1e-06,10,946448,924.26562500000000000000
1e+05,100,4,256,3,0.2,0.2,1e-05,1e-06,10,947872,925.65625000000000000000
100,500,4,256,3,0.2,0.2,1e-05,1e-06,10,764592,746.67187500000000000000
1000,500,4,256,3,0.2,0.2,1e-05,1e-06,10,923664,902.01562500000000000000
5000,500,4,256,3,0.2,0.2,1e-05,1e-06,10,950032,927.76562500000000000000
10000,500,4,256,3,0.2,0.2,1e-05,1e-06,10,967392,944.71875000000000000000
50000,500,4,256,3,0.2,0.2,1e-05,1e-06,10,935760,913.82812500000000000000
1e+05,500,4,256,3,0.2,0.2,1e-05,1e-06,10,946384,924.20312500000000000000
100,1000,4,256,3,0.2,0.2,1e-05,1e-06,10,741504,724.12500000000000000000
1000,1000,4,256,3,0.2,0.2,1e-05,1e-06,10,880432,859.79687500000000000000
5000,1000,4,256,3,0.2,0.2,1e-05,1e-06,10,937632,915.65625000000000000000
10000,1000,4,256,3,0.2,0.2,1e-05,1e-06,10,938896,916.89062500000000000000
50000,1000,4,256,3,0.2,0.2,1e-05,1e-06,10,933472,911.59375000000000000000
1e+05,1000,4,256,3,0.2,0.2,1e-05,1e-06,10,959312,936.82812500000000000000
100,1,4,512,3,0.2,0.2,1e-05,1e-06,10,861984,841.78125000000000000000
1000,1,4,512,3,0.2,0.2,1e-05,1e-06,10,1019264,995.37500000000000000000
5000,1,4,512,3,0.2,0.2,1e-05,1e-06,10,1064400,1039.45312500000000000000
10000,1,4,512,3,0.2,0.2,1e-05,1e-06,10,1051536,1026.89062500000000000000
50000,1,4,512,3,0.2,0.2,1e-05,1e-06,10,1077024,1051.78125000000000000000
1e+05,1,4,512,3,0.2,0.2,1e-05,1e-06,10,1027248,1003.17187500000000000000
100,10,4,512,3,0.2,0.2,1e-05,1e-06,10,896224,875.21875000000000000000
1000,10,4,512,3,0.2,0.2,1e-05,1e-06,10,999344,975.92187500000000000000
5000,10,4,512,3,0.2,0.2,1e-05,1e-06,10,1073520,1048.35937500000000000000
10000,10,4,512,3,0.2,0.2,1e-05,1e-06,10,1045056,1020.56250000000000000000
50000,10,4,512,3,0.2,0.2,1e-05,1e-06,10,1072752,1047.60937500000000000000
1e+05,10,4,512,3,0.2,0.2,1e-05,1e-06,10,1090144,1064.59375000000000000000
100,50,4,512,3,0.2,0.2,1e-05,1e-06,10,874656,854.15625000000000000000
1000,50,4,512,3,0.2,0.2,1e-05,1e-06,10,1035360,1011.09375000000000000000
5000,50,4,512,3,0.2,0.2,1e-05,1e-06,10,1022080,998.12500000000000000000
10000,50,4,512,3,0.2,0.2,1e-05,1e-06,10,1024176,1000.17187500000000000000
50000,50,4,512,3,0.2,0.2,1e-05,1e-06,10,1053008,1028.32812500000000000000
1e+05,50,4,512,3,0.2,0.2,1e-05,1e-06,10,1040160,1015.78125000000000000000
100,100,4,512,3,0.2,0.2,1e-05,1e-06,10,854432,834.40625000000000000000
1000,100,4,512,3,0.2,0.2,1e-05,1e-06,10,1064960,1040.00000000000000000000
5000,100,4,512,3,0.2,0.2,1e-05,1e-06,10,1066848,1041.84375000000000000000
10000,100,4,512,3,0.2,0.2,1e-05,1e-06,10,1107360,1081.40625000000000000000
50000,100,4,512,3,0.2,0.2,1e-05,1e-06,10,1072048,1046.92187500000000000000
1e+05,100,4,512,3,0.2,0.2,1e-05,1e-06,10,1066432,1041.43750000000000000000
100,500,4,512,3,0.2,0.2,1e-05,1e-06,10,899792,878.70312500000000000000
1000,500,4,512,3,0.2,0.2,1e-05,1e-06,10,1044256,1019.78125000000000000000
5000,500,4,512,3,0.2,0.2,1e-05,1e-06,10,1004256,980.71875000000000000000
10000,500,4,512,3,0.2,0.2,1e-05,1e-06,10,1028976,1004.85937500000000000000
50000,500,4,512,3,0.2,0.2,1e-05,1e-06,10,1115536,1089.39062500000000000000
1e+05,500,4,512,3,0.2,0.2,1e-05,1e-06,10,1135440,1108.82812500000000000000
100,1000,4,512,3,0.2,0.2,1e-05,1e-06,10,881376,860.71875000000000000000
1000,1000,4,512,3,0.2,0.2,1e-05,1e-06,10,1109168,1083.17187500000000000000
5000,1000,4,512,3,0.2,0.2,1e-05,1e-06,10,1115984,1089.82812500000000000000
10000,1000,4,512,3,0.2,0.2,1e-05,1e-06,10,1083856,1058.45312500000000000000
50000,1000,4,512,3,0.2,0.2,1e-05,1e-06,10,1112576,1086.50000000000000000000
1e+05,1000,4,512,3,0.2,0.2,1e-05,1e-06,10,1107888,1081.92187500000000000000
100,1,4,1024,3,0.2,0.2,1e-05,1e-06,10,1343152,1311.67187500000000000000
1000,1,4,1024,3,0.2,0.2,1e-05,1e-06,10,1481344,1446.62500000000000000000
5000,1,4,1024,3,0.2,0.2,1e-05,1e-06,10,1424624,1391.23437500000000000000
10000,1,4,1024,3,0.2,0.2,1e-05,1e-06,10,1453376,1419.31250000000000000000
50000,1,4,1024,3,0.2,0.2,1e-05,1e-06,10,1502256,1467.04687500000000000000
1e+05,1,4,1024,3,0.2,0.2,1e-05,1e-06,10,1448912,1414.95312500000000000000
100,10,4,1024,3,0.2,0.2,1e-05,1e-06,10,1351776,1320.09375000000000000000
1000,10,4,1024,3,0.2,0.2,1e-05,1e-06,10,1323168,1292.15625000000000000000
5000,10,4,1024,3,0.2,0.2,1e-05,1e-06,10,1428464,1394.98437500000000000000
10000,10,4,1024,3,0.2,0.2,1e-05,1e-06,10,1449120,1415.15625000000000000000
50000,10,4,1024,3,0.2,0.2,1e-05,1e-06,10,1415968,1382.78125000000000000000
1e+05,10,4,1024,3,0.2,0.2,1e-05,1e-06,10,1469536,1435.09375000000000000000
100,50,4,1024,3,0.2,0.2,1e-05,1e-06,10,1193712,1165.73437500000000000000
1000,50,4,1024,3,0.2,0.2,1e-05,1e-06,10,1400848,1368.01562500000000000000
5000,50,4,1024,3,0.2,0.2,1e-05,1e-06,10,1418960,1385.70312500000000000000
10000,50,4,1024,3,0.2,0.2,1e-05,1e-06,10,1443488,1409.65625000000000000000
50000,50,4,1024,3,0.2,0.2,1e-05,1e-06,10,1299744,1269.28125000000000000000
1e+05,50,4,1024,3,0.2,0.2,1e-05,1e-06,10,1464704,1430.37500000000000000000
100,100,4,1024,3,0.2,0.2,1e-05,1e-06,10,1338864,1307.48437500000000000000
1000,100,4,1024,3,0.2,0.2,1e-05,1e-06,10,1477008,1442.39062500000000000000
5000,100,4,1024,3,0.2,0.2,1e-05,1e-06,10,1454208,1420.12500000000000000000
10000,100,4,1024,3,0.2,0.2,1e-05,1e-06,10,1307568,1276.92187500000000000000
50000,100,4,1024,3,0.2,0.2,1e-05,1e-06,10,1321184,1290.21875000000000000000
1e+05,100,4,1024,3,0.2,0.2,1e-05,1e-06,10,1416640,1383.43750000000000000000
100,500,4,1024,3,0.2,0.2,1e-05,1e-06,10,1324784,1293.73437500000000000000
1000,500,4,1024,3,0.2,0.2,1e-05,1e-06,10,1436320,1402.65625000000000000000
5000,500,4,1024,3,0.2,0.2,1e-05,1e-06,10,1439616,1405.87500000000000000000
10000,500,4,1024,3,0.2,0.2,1e-05,1e-06,10,1477328,1442.70312500000000000000
50000,500,4,1024,3,0.2,0.2,1e-05,1e-06,10,1275424,1245.53125000000000000000
1e+05,500,4,1024,3,0.2,0.2,1e-05,1e-06,10,1404112,1371.20312500000000000000
100,1000,4,1024,3,0.2,0.2,1e-05,1e-06,10,1333680,1302.42187500000000000000
1000,1000,4,1024,3,0.2,0.2,1e-05,1e-06,10,1428432,1394.95312500000000000000
5000,1000,4,1024,3,0.2,0.2,1e-05,1e-06,10,1452960,1418.90625000000000000000
10000,1000,4,1024,3,0.2,0.2,1e-05,1e-06,10,1457840,1423.67187500000000000000
50000,1000,4,1024,3,0.2,0.2,1e-05,1e-06,10,1378336,1346.03125000000000000000
1e+05,1000,4,1024,3,0.2,0.2,1e-05,1e-06,10,1314064,1283.26562500000000000000
100,1,4,64,4,0.2,0.2,1e-05,1e-06,10,692304,676.07812500000000000000
1000,1,4,64,4,0.2,0.2,1e-05,1e-06,10,850240,830.31250000000000000000
5000,1,4,64,4,0.2,0.2,1e-05,1e-06,10,876736,856.18750000000000000000
10000,1,4,64,4,0.2,0.2,1e-05,1e-06,10,863568,843.32812500000000000000
50000,1,4,64,4,0.2,0.2,1e-05,1e-06,10,850400,830.46875000000000000000
1e+05,1,4,64,4,0.2,0.2,1e-05,1e-06,10,869248,848.87500000000000000000
100,10,4,64,4,0.2,0.2,1e-05,1e-06,10,693680,677.42187500000000000000
1000,10,4,64,4,0.2,0.2,1e-05,1e-06,10,815152,796.04687500000000000000
5000,10,4,64,4,0.2,0.2,1e-05,1e-06,10,848656,828.76562500000000000000
10000,10,4,64,4,0.2,0.2,1e-05,1e-06,10,897424,876.39062500000000000000
50000,10,4,64,4,0.2,0.2,1e-05,1e-06,10,863664,843.42187500000000000000
1e+05,10,4,64,4,0.2,0.2,1e-05,1e-06,10,863728,843.48437500000000000000
100,50,4,64,4,0.2,0.2,1e-05,1e-06,10,696096,679.78125000000000000000
1000,50,4,64,4,0.2,0.2,1e-05,1e-06,10,831808,812.31250000000000000000
5000,50,4,64,4,0.2,0.2,1e-05,1e-06,10,845728,825.90625000000000000000
10000,50,4,64,4,0.2,0.2,1e-05,1e-06,10,853184,833.18750000000000000000
50000,50,4,64,4,0.2,0.2,1e-05,1e-06,10,858832,838.70312500000000000000
1e+05,50,4,64,4,0.2,0.2,1e-05,1e-06,10,865728,845.43750000000000000000
100,100,4,64,4,0.2,0.2,1e-05,1e-06,10,703616,687.12500000000000000000
1000,100,4,64,4,0.2,0.2,1e-05,1e-06,10,841744,822.01562500000000000000
5000,100,4,64,4,0.2,0.2,1e-05,1e-06,10,906288,885.04687500000000000000
10000,100,4,64,4,0.2,0.2,1e-05,1e-06,10,915552,894.09375000000000000000
50000,100,4,64,4,0.2,0.2,1e-05,1e-06,10,911312,889.95312500000000000000
1e+05,100,4,64,4,0.2,0.2,1e-05,1e-06,10,920048,898.48437500000000000000
100,500,4,64,4,0.2,0.2,1e-05,1e-06,10,700288,683.87500000000000000000
1000,500,4,64,4,0.2,0.2,1e-05,1e-06,10,857888,837.78125000000000000000
5000,500,4,64,4,0.2,0.2,1e-05,1e-06,10,903184,882.01562500000000000000
10000,500,4,64,4,0.2,0.2,1e-05,1e-06,10,850176,830.25000000000000000000
50000,500,4,64,4,0.2,0.2,1e-05,1e-06,10,875424,854.90625000000000000000
1e+05,500,4,64,4,0.2,0.2,1e-05,1e-06,10,894064,873.10937500000000000000
100,1000,4,64,4,0.2,0.2,1e-05,1e-06,10,695408,679.10937500000000000000
1000,1000,4,64,4,0.2,0.2,1e-05,1e-06,10,860432,840.26562500000000000000
5000,1000,4,64,4,0.2,0.2,1e-05,1e-06,10,878400,857.81250000000000000000
10000,1000,4,64,4,0.2,0.2,1e-05,1e-06,10,859296,839.15625000000000000000
50000,1000,4,64,4,0.2,0.2,1e-05,1e-06,10,909072,887.76562500000000000000
1e+05,1000,4,64,4,0.2,0.2,1e-05,1e-06,10,858016,837.90625000000000000000
100,1,4,128,4,0.2,0.2,1e-05,1e-06,10,711424,694.75000000000000000000
1000,1,4,128,4,0.2,0.2,1e-05,1e-06,10,861056,840.87500000000000000000
5000,1,4,128,4,0.2,0.2,1e-05,1e-06,10,859920,839.76562500000000000000
10000,1,4,128,4,0.2,0.2,1e-05,1e-06,10,853648,833.64062500000000000000
50000,1,4,128,4,0.2,0.2,1e-05,1e-06,10,873328,852.85937500000000000000
1e+05,1,4,128,4,0.2,0.2,1e-05,1e-06,10,884448,863.71875000000000000000
100,10,4,128,4,0.2,0.2,1e-05,1e-06,10,694464,678.18750000000000000000
1000,10,4,128,4,0.2,0.2,1e-05,1e-06,10,875136,854.62500000000000000000
5000,10,4,128,4,0.2,0.2,1e-05,1e-06,10,869328,848.95312500000000000000
10000,10,4,128,4,0.2,0.2,1e-05,1e-06,10,874880,854.37500000000000000000
50000,10,4,128,4,0.2,0.2,1e-05,1e-06,10,871632,851.20312500000000000000
1e+05,10,4,128,4,0.2,0.2,1e-05,1e-06,10,866560,846.25000000000000000000
100,50,4,128,4,0.2,0.2,1e-05,1e-06,10,715408,698.64062500000000000000
1000,50,4,128,4,0.2,0.2,1e-05,1e-06,10,876592,856.04687500000000000000
5000,50,4,128,4,0.2,0.2,1e-05,1e-06,10,898256,877.20312500000000000000
10000,50,4,128,4,0.2,0.2,1e-05,1e-06,10,890912,870.03125000000000000000
50000,50,4,128,4,0.2,0.2,1e-05,1e-06,10,896256,875.25000000000000000000
1e+05,50,4,128,4,0.2,0.2,1e-05,1e-06,10,881360,860.70312500000000000000
100,100,4,128,4,0.2,0.2,1e-05,1e-06,10,696000,679.68750000000000000000
1000,100,4,128,4,0.2,0.2,1e-05,1e-06,10,827648,808.25000000000000000000
5000,100,4,128,4,0.2,0.2,1e-05,1e-06,10,898368,877.31250000000000000000
10000,100,4,128,4,0.2,0.2,1e-05,1e-06,10,895952,874.95312500000000000000
50000,100,4,128,4,0.2,0.2,1e-05,1e-06,10,913120,891.71875000000000000000
1e+05,100,4,128,4,0.2,0.2,1e-05,1e-06,10,910448,889.10937500000000000000
100,500,4,128,4,0.2,0.2,1e-05,1e-06,10,703200,686.71875000000000000000
1000,500,4,128,4,0.2,0.2,1e-05,1e-06,10,882112,861.43750000000000000000
5000,500,4,128,4,0.2,0.2,1e-05,1e-06,10,927600,905.85937500000000000000
10000,500,4,128,4,0.2,0.2,1e-05,1e-06,10,898784,877.71875000000000000000
50000,500,4,128,4,0.2,0.2,1e-05,1e-06,10,904448,883.25000000000000000000
1e+05,500,4,128,4,0.2,0.2,1e-05,1e-06,10,883600,862.89062500000000000000
100,1000,4,128,4,0.2,0.2,1e-05,1e-06,10,717408,700.59375000000000000000
1000,1000,4,128,4,0.2,0.2,1e-05,1e-06,10,848768,828.87500000000000000000
5000,1000,4,128,4,0.2,0.2,1e-05,1e-06,10,851904,831.93750000000000000000
10000,1000,4,128,4,0.2,0.2,1e-05,1e-06,10,869776,849.39062500000000000000
50000,1000,4,128,4,0.2,0.2,1e-05,1e-06,10,866400,846.09375000000000000000
1e+05,1000,4,128,4,0.2,0.2,1e-05,1e-06,10,868656,848.29687500000000000000
100,1,4,256,4,0.2,0.2,1e-05,1e-06,10,737040,719.76562500000000000000
1000,1,4,256,4,0.2,0.2,1e-05,1e-06,10,882928,862.23437500000000000000
5000,1,4,256,4,0.2,0.2,1e-05,1e-06,10,929328,907.54687500000000000000
10000,1,4,256,4,0.2,0.2,1e-05,1e-06,10,915616,894.15625000000000000000
50000,1,4,256,4,0.2,0.2,1e-05,1e-06,10,892720,871.79687500000000000000
1e+05,1,4,256,4,0.2,0.2,1e-05,1e-06,10,905616,884.39062500000000000000
100,10,4,256,4,0.2,0.2,1e-05,1e-06,10,756992,739.25000000000000000000
1000,10,4,256,4,0.2,0.2,1e-05,1e-06,10,887040,866.25000000000000000000
5000,10,4,256,4,0.2,0.2,1e-05,1e-06,10,902208,881.06250000000000000000
10000,10,4,256,4,0.2,0.2,1e-05,1e-06,10,934736,912.82812500000000000000
50000,10,4,256,4,0.2,0.2,1e-05,1e-06,10,912032,890.65625000000000000000
1e+05,10,4,256,4,0.2,0.2,1e-05,1e-06,10,899792,878.70312500000000000000
100,50,4,256,4,0.2,0.2,1e-05,1e-06,10,775952,757.76562500000000000000
1000,50,4,256,4,0.2,0.2,1e-05,1e-06,10,894448,873.48437500000000000000
5000,50,4,256,4,0.2,0.2,1e-05,1e-06,10,901872,880.73437500000000000000
10000,50,4,256,4,0.2,0.2,1e-05,1e-06,10,908720,887.42187500000000000000
50000,50,4,256,4,0.2,0.2,1e-05,1e-06,10,902224,881.07812500000000000000
1e+05,50,4,256,4,0.2,0.2,1e-05,1e-06,10,908448,887.15625000000000000000
100,100,4,256,4,0.2,0.2,1e-05,1e-06,10,732576,715.40625000000000000000
1000,100,4,256,4,0.2,0.2,1e-05,1e-06,10,833248,813.71875000000000000000
5000,100,4,256,4,0.2,0.2,1e-05,1e-06,10,912288,890.90625000000000000000
10000,100,4,256,4,0.2,0.2,1e-05,1e-06,10,934720,912.81250000000000000000
50000,100,4,256,4,0.2,0.2,1e-05,1e-06,10,925824,904.12500000000000000000
1e+05,100,4,256,4,0.2,0.2,1e-05,1e-06,10,914816,893.37500000000000000000
100,500,4,256,4,0.2,0.2,1e-05,1e-06,10,776640,758.43750000000000000000
1000,500,4,256,4,0.2,0.2,1e-05,1e-06,10,887184,866.39062500000000000000
5000,500,4,256,4,0.2,0.2,1e-05,1e-06,10,916304,894.82812500000000000000
10000,500,4,256,4,0.2,0.2,1e-05,1e-06,10,932496,910.64062500000000000000
50000,500,4,256,4,0.2,0.2,1e-05,1e-06,10,905984,884.75000000000000000000
1e+05,500,4,256,4,0.2,0.2,1e-05,1e-06,10,898272,877.21875000000000000000
100,1000,4,256,4,0.2,0.2,1e-05,1e-06,10,766432,748.46875000000000000000
1000,1000,4,256,4,0.2,0.2,1e-05,1e-06,10,889168,868.32812500000000000000
5000,1000,4,256,4,0.2,0.2,1e-05,1e-06,10,919424,897.87500000000000000000
10000,1000,4,256,4,0.2,0.2,1e-05,1e-06,10,911536,890.17187500000000000000
50000,1000,4,256,4,0.2,0.2,1e-05,1e-06,10,884096,863.37500000000000000000
1e+05,1000,4,256,4,0.2,0.2,1e-05,1e-06,10,919184,897.64062500000000000000
100,1,4,512,4,0.2,0.2,1e-05,1e-06,10,967440,944.76562500000000000000
1000,1,4,512,4,0.2,0.2,1e-05,1e-06,10,1071792,1046.67187500000000000000
5000,1,4,512,4,0.2,0.2,1e-05,1e-06,10,1090272,1064.71875000000000000000
10000,1,4,512,4,0.2,0.2,1e-05,1e-06,10,1101984,1076.15625000000000000000
50000,1,4,512,4,0.2,0.2,1e-05,1e-06,10,1066928,1041.92187500000000000000
1e+05,1,4,512,4,0.2,0.2,1e-05,1e-06,10,1113248,1087.15625000000000000000
100,10,4,512,4,0.2,0.2,1e-05,1e-06,10,935520,913.59375000000000000000
1000,10,4,512,4,0.2,0.2,1e-05,1e-06,10,1098688,1072.93750000000000000000
5000,10,4,512,4,0.2,0.2,1e-05,1e-06,10,1076640,1051.40625000000000000000
10000,10,4,512,4,0.2,0.2,1e-05,1e-06,10,1086224,1060.76562500000000000000
50000,10,4,512,4,0.2,0.2,1e-05,1e-06,10,1062688,1037.78125000000000000000
1e+05,10,4,512,4,0.2,0.2,1e-05,1e-06,10,1131568,1105.04687500000000000000
100,50,4,512,4,0.2,0.2,1e-05,1e-06,10,971648,948.87500000000000000000
1000,50,4,512,4,0.2,0.2,1e-05,1e-06,10,1074048,1048.87500000000000000000
5000,50,4,512,4,0.2,0.2,1e-05,1e-06,10,1094352,1068.70312500000000000000
10000,50,4,512,4,0.2,0.2,1e-05,1e-06,10,1086480,1061.01562500000000000000
50000,50,4,512,4,0.2,0.2,1e-05,1e-06,10,1071856,1046.73437500000000000000
1e+05,50,4,512,4,0.2,0.2,1e-05,1e-06,10,1127728,1101.29687500000000000000
100,100,4,512,4,0.2,0.2,1e-05,1e-06,10,929520,907.73437500000000000000
1000,100,4,512,4,0.2,0.2,1e-05,1e-06,10,1083904,1058.50000000000000000000
5000,100,4,512,4,0.2,0.2,1e-05,1e-06,10,1116752,1090.57812500000000000000
10000,100,4,512,4,0.2,0.2,1e-05,1e-06,10,1108096,1082.12500000000000000000
50000,100,4,512,4,0.2,0.2,1e-05,1e-06,10,1087648,1062.15625000000000000000
1e+05,100,4,512,4,0.2,0.2,1e-05,1e-06,10,1100800,1075.00000000000000000000
100,500,4,512,4,0.2,0.2,1e-05,1e-06,10,926736,905.01562500000000000000
1000,500,4,512,4,0.2,0.2,1e-05,1e-06,10,1132608,1106.06250000000000000000
5000,500,4,512,4,0.2,0.2,1e-05,1e-06,10,1074944,1049.75000000000000000000
10000,500,4,512,4,0.2,0.2,1e-05,1e-06,10,1093536,1067.90625000000000000000
50000,500,4,512,4,0.2,0.2,1e-05,1e-06,10,1084128,1058.71875000000000000000
1e+05,500,4,512,4,0.2,0.2,1e-05,1e-06,10,1097616,1071.89062500000000000000
100,1000,4,512,4,0.2,0.2,1e-05,1e-06,10,949024,926.78125000000000000000
1000,1000,4,512,4,0.2,0.2,1e-05,1e-06,10,1090496,1064.93750000000000000000
5000,1000,4,512,4,0.2,0.2,1e-05,1e-06,10,1061456,1036.57812500000000000000
10000,1000,4,512,4,0.2,0.2,1e-05,1e-06,10,1095088,1069.42187500000000000000
50000,1000,4,512,4,0.2,0.2,1e-05,1e-06,10,1086048,1060.59375000000000000000
1e+05,1000,4,512,4,0.2,0.2,1e-05,1e-06,10,1081056,1055.71875000000000000000
100,1,4,1024,4,0.2,0.2,1e-05,1e-06,10,1446016,1412.12500000000000000000
1000,1,4,1024,4,0.2,0.2,1e-05,1e-06,10,1300352,1269.87500000000000000000
5000,1,4,1024,4,0.2,0.2,1e-05,1e-06,10,1594160,1556.79687500000000000000
10000,1,4,1024,4,0.2,0.2,1e-05,1e-06,10,1430976,1397.43750000000000000000
50000,1,4,1024,4,0.2,0.2,1e-05,1e-06,10,1622384,1584.35937500000000000000
1e+05,1,4,1024,4,0.2,0.2,1e-05,1e-06,10,1470256,1435.79687500000000000000
100,10,4,1024,4,0.2,0.2,1e-05,1e-06,10,1455152,1421.04687500000000000000
1000,10,4,1024,4,0.2,0.2,1e-05,1e-06,10,1544496,1508.29687500000000000000
5000,10,4,1024,4,0.2,0.2,1e-05,1e-06,10,1587760,1550.54687500000000000000
10000,10,4,1024,4,0.2,0.2,1e-05,1e-06,10,1600704,1563.18750000000000000000
50000,10,4,1024,4,0.2,0.2,1e-05,1e-06,10,1562800,1526.17187500000000000000
1e+05,10,4,1024,4,0.2,0.2,1e-05,1e-06,10,1528720,1492.89062500000000000000
100,50,4,1024,4,0.2,0.2,1e-05,1e-06,10,1323472,1292.45312500000000000000
1000,50,4,1024,4,0.2,0.2,1e-05,1e-06,10,1588608,1551.37500000000000000000
5000,50,4,1024,4,0.2,0.2,1e-05,1e-06,10,1517040,1481.48437500000000000000
10000,50,4,1024,4,0.2,0.2,1e-05,1e-06,10,1431392,1397.84375000000000000000
50000,50,4,1024,4,0.2,0.2,1e-05,1e-06,10,1365312,1333.31250000000000000000
1e+05,50,4,1024,4,0.2,0.2,1e-05,1e-06,10,1343904,1312.40625000000000000000
100,100,4,1024,4,0.2,0.2,1e-05,1e-06,10,1397296,1364.54687500000000000000
1000,100,4,1024,4,0.2,0.2,1e-05,1e-06,10,1494768,1459.73437500000000000000
5000,100,4,1024,4,0.2,0.2,1e-05,1e-06,10,1514160,1478.67187500000000000000
10000,100,4,1024,4,0.2,0.2,1e-05,1e-06,10,1329008,1297.85937500000000000000
50000,100,4,1024,4,0.2,0.2,1e-05,1e-06,10,1411584,1378.50000000000000000000
1e+05,100,4,1024,4,0.2,0.2,1e-05,1e-06,10,1502480,1467.26562500000000000000
100,500,4,1024,4,0.2,0.2,1e-05,1e-06,10,1372176,1340.01562500000000000000
1000,500,4,1024,4,0.2,0.2,1e-05,1e-06,10,1459184,1424.98437500000000000000
5000,500,4,1024,4,0.2,0.2,1e-05,1e-06,10,1381952,1349.56250000000000000000
10000,500,4,1024,4,0.2,0.2,1e-05,1e-06,10,1425728,1392.31250000000000000000
50000,500,4,1024,4,0.2,0.2,1e-05,1e-06,10,1558176,1521.65625000000000000000
1e+05,500,4,1024,4,0.2,0.2,1e-05,1e-06,10,1633744,1595.45312500000000000000
100,1000,4,1024,4,0.2,0.2,1e-05,1e-06,10,1444304,1410.45312500000000000000
1000,1000,4,1024,4,0.2,0.2,1e-05,1e-06,10,1340768,1309.34375000000000000000
5000,1000,4,1024,4,0.2,0.2,1e-05,1e-06,10,1590512,1553.23437500000000000000
10000,1000,4,1024,4,0.2,0.2,1e-05,1e-06,10,1545600,1509.37500000000000000000
50000,1000,4,1024,4,0.2,0.2,1e-05,1e-06,10,1524112,1488.39062500000000000000
1e+05,1000,4,1024,4,0.2,0.2,1e-05,1e-06,10,1549344,1513.03125000000000000000
