"","nrow","nfeatures","n_blocks","d_token","residual_dropout","attention_dropout","ffn_dropout","ffn_d_hidden_multiplier","lr","weight_decay","epochs"
"1",100,1,4,64,0.1,0.2,0.2,0.666666666666667,1e-05,1e-06,10
"2",1000,1,4,64,0.1,0.2,0.2,0.666666666666667,1e-05,1e-06,10
"3",5000,1,4,64,0.1,0.2,0.2,0.666666666666667,1e-05,1e-06,10
"4",10000,1,4,64,0.1,0.2,0.2,0.666666666666667,1e-05,1e-06,10
"5",50000,1,4,64,0.1,0.2,0.2,0.666666666666667,1e-05,1e-06,10
"6",1e+05,1,4,64,0.1,0.2,0.2,0.666666666666667,1e-05,1e-06,10
"7",100,10,4,64,0.1,0.2,0.2,0.666666666666667,1e-05,1e-06,10
"8",1000,10,4,64,0.1,0.2,0.2,0.666666666666667,1e-05,1e-06,10
"9",5000,10,4,64,0.1,0.2,0.2,0.666666666666667,1e-05,1e-06,10
"10",10000,10,4,64,0.1,0.2,0.2,0.666666666666667,1e-05,1e-06,10
"11",50000,10,4,64,0.1,0.2,0.2,0.666666666666667,1e-05,1e-06,10
"12",1e+05,10,4,64,0.1,0.2,0.2,0.666666666666667,1e-05,1e-06,10
"13",100,50,4,64,0.1,0.2,0.2,0.666666666666667,1e-05,1e-06,10
"14",1000,50,4,64,0.1,0.2,0.2,0.666666666666667,1e-05,1e-06,10
"15",5000,50,4,64,0.1,0.2,0.2,0.666666666666667,1e-05,1e-06,10
"16",10000,50,4,64,0.1,0.2,0.2,0.666666666666667,1e-05,1e-06,10
"17",50000,50,4,64,0.1,0.2,0.2,0.666666666666667,1e-05,1e-06,10
"18",1e+05,50,4,64,0.1,0.2,0.2,0.666666666666667,1e-05,1e-06,10
"19",100,100,4,64,0.1,0.2,0.2,0.666666666666667,1e-05,1e-06,10
"20",1000,100,4,64,0.1,0.2,0.2,0.666666666666667,1e-05,1e-06,10
"21",5000,100,4,64,0.1,0.2,0.2,0.666666666666667,1e-05,1e-06,10
"22",10000,100,4,64,0.1,0.2,0.2,0.666666666666667,1e-05,1e-06,10
"23",50000,100,4,64,0.1,0.2,0.2,0.666666666666667,1e-05,1e-06,10
"24",1e+05,100,4,64,0.1,0.2,0.2,0.666666666666667,1e-05,1e-06,10
"25",100,500,4,64,0.1,0.2,0.2,0.666666666666667,1e-05,1e-06,10
"26",1000,500,4,64,0.1,0.2,0.2,0.666666666666667,1e-05,1e-06,10
"27",5000,500,4,64,0.1,0.2,0.2,0.666666666666667,1e-05,1e-06,10
"28",10000,500,4,64,0.1,0.2,0.2,0.666666666666667,1e-05,1e-06,10
"29",50000,500,4,64,0.1,0.2,0.2,0.666666666666667,1e-05,1e-06,10
"30",1e+05,500,4,64,0.1,0.2,0.2,0.666666666666667,1e-05,1e-06,10
"31",100,1000,4,64,0.1,0.2,0.2,0.666666666666667,1e-05,1e-06,10
"32",1000,1000,4,64,0.1,0.2,0.2,0.666666666666667,1e-05,1e-06,10
"33",5000,1000,4,64,0.1,0.2,0.2,0.666666666666667,1e-05,1e-06,10
"34",10000,1000,4,64,0.1,0.2,0.2,0.666666666666667,1e-05,1e-06,10
"35",50000,1000,4,64,0.1,0.2,0.2,0.666666666666667,1e-05,1e-06,10
"36",1e+05,1000,4,64,0.1,0.2,0.2,0.666666666666667,1e-05,1e-06,10
"37",100,1,4,128,0.1,0.2,0.2,0.666666666666667,1e-05,1e-06,10
"38",1000,1,4,128,0.1,0.2,0.2,0.666666666666667,1e-05,1e-06,10
"39",5000,1,4,128,0.1,0.2,0.2,0.666666666666667,1e-05,1e-06,10
"40",10000,1,4,128,0.1,0.2,0.2,0.666666666666667,1e-05,1e-06,10
"41",50000,1,4,128,0.1,0.2,0.2,0.666666666666667,1e-05,1e-06,10
"42",1e+05,1,4,128,0.1,0.2,0.2,0.666666666666667,1e-05,1e-06,10
"43",100,10,4,128,0.1,0.2,0.2,0.666666666666667,1e-05,1e-06,10
"44",1000,10,4,128,0.1,0.2,0.2,0.666666666666667,1e-05,1e-06,10
"45",5000,10,4,128,0.1,0.2,0.2,0.666666666666667,1e-05,1e-06,10
"46",10000,10,4,128,0.1,0.2,0.2,0.666666666666667,1e-05,1e-06,10
"47",50000,10,4,128,0.1,0.2,0.2,0.666666666666667,1e-05,1e-06,10
"48",1e+05,10,4,128,0.1,0.2,0.2,0.666666666666667,1e-05,1e-06,10
"49",100,50,4,128,0.1,0.2,0.2,0.666666666666667,1e-05,1e-06,10
"50",1000,50,4,128,0.1,0.2,0.2,0.666666666666667,1e-05,1e-06,10
"51",5000,50,4,128,0.1,0.2,0.2,0.666666666666667,1e-05,1e-06,10
"52",10000,50,4,128,0.1,0.2,0.2,0.666666666666667,1e-05,1e-06,10
"53",50000,50,4,128,0.1,0.2,0.2,0.666666666666667,1e-05,1e-06,10
"54",1e+05,50,4,128,0.1,0.2,0.2,0.666666666666667,1e-05,1e-06,10
"55",100,100,4,128,0.1,0.2,0.2,0.666666666666667,1e-05,1e-06,10
"56",1000,100,4,128,0.1,0.2,0.2,0.666666666666667,1e-05,1e-06,10
"57",5000,100,4,128,0.1,0.2,0.2,0.666666666666667,1e-05,1e-06,10
"58",10000,100,4,128,0.1,0.2,0.2,0.666666666666667,1e-05,1e-06,10
"59",50000,100,4,128,0.1,0.2,0.2,0.666666666666667,1e-05,1e-06,10
"60",1e+05,100,4,128,0.1,0.2,0.2,0.666666666666667,1e-05,1e-06,10
"61",100,500,4,128,0.1,0.2,0.2,0.666666666666667,1e-05,1e-06,10
"62",1000,500,4,128,0.1,0.2,0.2,0.666666666666667,1e-05,1e-06,10
"63",5000,500,4,128,0.1,0.2,0.2,0.666666666666667,1e-05,1e-06,10
"64",10000,500,4,128,0.1,0.2,0.2,0.666666666666667,1e-05,1e-06,10
"65",50000,500,4,128,0.1,0.2,0.2,0.666666666666667,1e-05,1e-06,10
"66",1e+05,500,4,128,0.1,0.2,0.2,0.666666666666667,1e-05,1e-06,10
"67",100,1000,4,128,0.1,0.2,0.2,0.666666666666667,1e-05,1e-06,10
"68",1000,1000,4,128,0.1,0.2,0.2,0.666666666666667,1e-05,1e-06,10
"69",5000,1000,4,128,0.1,0.2,0.2,0.666666666666667,1e-05,1e-06,10
"70",10000,1000,4,128,0.1,0.2,0.2,0.666666666666667,1e-05,1e-06,10
"71",50000,1000,4,128,0.1,0.2,0.2,0.666666666666667,1e-05,1e-06,10
"72",1e+05,1000,4,128,0.1,0.2,0.2,0.666666666666667,1e-05,1e-06,10
"73",100,1,4,256,0.1,0.2,0.2,0.666666666666667,1e-05,1e-06,10
"74",1000,1,4,256,0.1,0.2,0.2,0.666666666666667,1e-05,1e-06,10
"75",5000,1,4,256,0.1,0.2,0.2,0.666666666666667,1e-05,1e-06,10
"76",10000,1,4,256,0.1,0.2,0.2,0.666666666666667,1e-05,1e-06,10
"77",50000,1,4,256,0.1,0.2,0.2,0.666666666666667,1e-05,1e-06,10
"78",1e+05,1,4,256,0.1,0.2,0.2,0.666666666666667,1e-05,1e-06,10
"79",100,10,4,256,0.1,0.2,0.2,0.666666666666667,1e-05,1e-06,10
"80",1000,10,4,256,0.1,0.2,0.2,0.666666666666667,1e-05,1e-06,10
"81",5000,10,4,256,0.1,0.2,0.2,0.666666666666667,1e-05,1e-06,10
"82",10000,10,4,256,0.1,0.2,0.2,0.666666666666667,1e-05,1e-06,10
"83",50000,10,4,256,0.1,0.2,0.2,0.666666666666667,1e-05,1e-06,10
"84",1e+05,10,4,256,0.1,0.2,0.2,0.666666666666667,1e-05,1e-06,10
"85",100,50,4,256,0.1,0.2,0.2,0.666666666666667,1e-05,1e-06,10
"86",1000,50,4,256,0.1,0.2,0.2,0.666666666666667,1e-05,1e-06,10
"87",5000,50,4,256,0.1,0.2,0.2,0.666666666666667,1e-05,1e-06,10
"88",10000,50,4,256,0.1,0.2,0.2,0.666666666666667,1e-05,1e-06,10
"89",50000,50,4,256,0.1,0.2,0.2,0.666666666666667,1e-05,1e-06,10
"90",1e+05,50,4,256,0.1,0.2,0.2,0.666666666666667,1e-05,1e-06,10
"91",100,100,4,256,0.1,0.2,0.2,0.666666666666667,1e-05,1e-06,10
"92",1000,100,4,256,0.1,0.2,0.2,0.666666666666667,1e-05,1e-06,10
"93",5000,100,4,256,0.1,0.2,0.2,0.666666666666667,1e-05,1e-06,10
"94",10000,100,4,256,0.1,0.2,0.2,0.666666666666667,1e-05,1e-06,10
"95",50000,100,4,256,0.1,0.2,0.2,0.666666666666667,1e-05,1e-06,10
"96",1e+05,100,4,256,0.1,0.2,0.2,0.666666666666667,1e-05,1e-06,10
"97",100,500,4,256,0.1,0.2,0.2,0.666666666666667,1e-05,1e-06,10
"98",1000,500,4,256,0.1,0.2,0.2,0.666666666666667,1e-05,1e-06,10
"99",5000,500,4,256,0.1,0.2,0.2,0.666666666666667,1e-05,1e-06,10
"100",10000,500,4,256,0.1,0.2,0.2,0.666666666666667,1e-05,1e-06,10
"101",50000,500,4,256,0.1,0.2,0.2,0.666666666666667,1e-05,1e-06,10
"102",1e+05,500,4,256,0.1,0.2,0.2,0.666666666666667,1e-05,1e-06,10
"103",100,1000,4,256,0.1,0.2,0.2,0.666666666666667,1e-05,1e-06,10
"104",1000,1000,4,256,0.1,0.2,0.2,0.666666666666667,1e-05,1e-06,10
"105",5000,1000,4,256,0.1,0.2,0.2,0.666666666666667,1e-05,1e-06,10
"106",10000,1000,4,256,0.1,0.2,0.2,0.666666666666667,1e-05,1e-06,10
"107",50000,1000,4,256,0.1,0.2,0.2,0.666666666666667,1e-05,1e-06,10
"108",1e+05,1000,4,256,0.1,0.2,0.2,0.666666666666667,1e-05,1e-06,10
"109",100,1,4,512,0.1,0.2,0.2,0.666666666666667,1e-05,1e-06,10
"110",1000,1,4,512,0.1,0.2,0.2,0.666666666666667,1e-05,1e-06,10
"111",5000,1,4,512,0.1,0.2,0.2,0.666666666666667,1e-05,1e-06,10
"112",10000,1,4,512,0.1,0.2,0.2,0.666666666666667,1e-05,1e-06,10
"113",50000,1,4,512,0.1,0.2,0.2,0.666666666666667,1e-05,1e-06,10
"114",1e+05,1,4,512,0.1,0.2,0.2,0.666666666666667,1e-05,1e-06,10
"115",100,10,4,512,0.1,0.2,0.2,0.666666666666667,1e-05,1e-06,10
"116",1000,10,4,512,0.1,0.2,0.2,0.666666666666667,1e-05,1e-06,10
"117",5000,10,4,512,0.1,0.2,0.2,0.666666666666667,1e-05,1e-06,10
"118",10000,10,4,512,0.1,0.2,0.2,0.666666666666667,1e-05,1e-06,10
"119",50000,10,4,512,0.1,0.2,0.2,0.666666666666667,1e-05,1e-06,10
"120",1e+05,10,4,512,0.1,0.2,0.2,0.666666666666667,1e-05,1e-06,10
"121",100,50,4,512,0.1,0.2,0.2,0.666666666666667,1e-05,1e-06,10
"122",1000,50,4,512,0.1,0.2,0.2,0.666666666666667,1e-05,1e-06,10
"123",5000,50,4,512,0.1,0.2,0.2,0.666666666666667,1e-05,1e-06,10
"124",10000,50,4,512,0.1,0.2,0.2,0.666666666666667,1e-05,1e-06,10
"125",50000,50,4,512,0.1,0.2,0.2,0.666666666666667,1e-05,1e-06,10
"126",1e+05,50,4,512,0.1,0.2,0.2,0.666666666666667,1e-05,1e-06,10
"127",100,100,4,512,0.1,0.2,0.2,0.666666666666667,1e-05,1e-06,10
"128",1000,100,4,512,0.1,0.2,0.2,0.666666666666667,1e-05,1e-06,10
"129",5000,100,4,512,0.1,0.2,0.2,0.666666666666667,1e-05,1e-06,10
"130",10000,100,4,512,0.1,0.2,0.2,0.666666666666667,1e-05,1e-06,10
"131",50000,100,4,512,0.1,0.2,0.2,0.666666666666667,1e-05,1e-06,10
"132",1e+05,100,4,512,0.1,0.2,0.2,0.666666666666667,1e-05,1e-06,10
"133",100,500,4,512,0.1,0.2,0.2,0.666666666666667,1e-05,1e-06,10
"134",1000,500,4,512,0.1,0.2,0.2,0.666666666666667,1e-05,1e-06,10
"135",5000,500,4,512,0.1,0.2,0.2,0.666666666666667,1e-05,1e-06,10
"136",10000,500,4,512,0.1,0.2,0.2,0.666666666666667,1e-05,1e-06,10
"137",50000,500,4,512,0.1,0.2,0.2,0.666666666666667,1e-05,1e-06,10
"138",1e+05,500,4,512,0.1,0.2,0.2,0.666666666666667,1e-05,1e-06,10
"139",100,1000,4,512,0.1,0.2,0.2,0.666666666666667,1e-05,1e-06,10
"140",1000,1000,4,512,0.1,0.2,0.2,0.666666666666667,1e-05,1e-06,10
"141",5000,1000,4,512,0.1,0.2,0.2,0.666666666666667,1e-05,1e-06,10
"142",10000,1000,4,512,0.1,0.2,0.2,0.666666666666667,1e-05,1e-06,10
"143",50000,1000,4,512,0.1,0.2,0.2,0.666666666666667,1e-05,1e-06,10
"144",1e+05,1000,4,512,0.1,0.2,0.2,0.666666666666667,1e-05,1e-06,10
"145",100,1,4,64,0.1,0.2,0.2,1.33333333333333,1e-05,1e-06,10
"146",1000,1,4,64,0.1,0.2,0.2,1.33333333333333,1e-05,1e-06,10
"147",5000,1,4,64,0.1,0.2,0.2,1.33333333333333,1e-05,1e-06,10
"148",10000,1,4,64,0.1,0.2,0.2,1.33333333333333,1e-05,1e-06,10
"149",50000,1,4,64,0.1,0.2,0.2,1.33333333333333,1e-05,1e-06,10
"150",1e+05,1,4,64,0.1,0.2,0.2,1.33333333333333,1e-05,1e-06,10
"151",100,10,4,64,0.1,0.2,0.2,1.33333333333333,1e-05,1e-06,10
"152",1000,10,4,64,0.1,0.2,0.2,1.33333333333333,1e-05,1e-06,10
"153",5000,10,4,64,0.1,0.2,0.2,1.33333333333333,1e-05,1e-06,10
"154",10000,10,4,64,0.1,0.2,0.2,1.33333333333333,1e-05,1e-06,10
"155",50000,10,4,64,0.1,0.2,0.2,1.33333333333333,1e-05,1e-06,10
"156",1e+05,10,4,64,0.1,0.2,0.2,1.33333333333333,1e-05,1e-06,10
"157",100,50,4,64,0.1,0.2,0.2,1.33333333333333,1e-05,1e-06,10
"158",1000,50,4,64,0.1,0.2,0.2,1.33333333333333,1e-05,1e-06,10
"159",5000,50,4,64,0.1,0.2,0.2,1.33333333333333,1e-05,1e-06,10
"160",10000,50,4,64,0.1,0.2,0.2,1.33333333333333,1e-05,1e-06,10
"161",50000,50,4,64,0.1,0.2,0.2,1.33333333333333,1e-05,1e-06,10
"162",1e+05,50,4,64,0.1,0.2,0.2,1.33333333333333,1e-05,1e-06,10
"163",100,100,4,64,0.1,0.2,0.2,1.33333333333333,1e-05,1e-06,10
"164",1000,100,4,64,0.1,0.2,0.2,1.33333333333333,1e-05,1e-06,10
"165",5000,100,4,64,0.1,0.2,0.2,1.33333333333333,1e-05,1e-06,10
"166",10000,100,4,64,0.1,0.2,0.2,1.33333333333333,1e-05,1e-06,10
"167",50000,100,4,64,0.1,0.2,0.2,1.33333333333333,1e-05,1e-06,10
"168",1e+05,100,4,64,0.1,0.2,0.2,1.33333333333333,1e-05,1e-06,10
"169",100,500,4,64,0.1,0.2,0.2,1.33333333333333,1e-05,1e-06,10
"170",1000,500,4,64,0.1,0.2,0.2,1.33333333333333,1e-05,1e-06,10
"171",5000,500,4,64,0.1,0.2,0.2,1.33333333333333,1e-05,1e-06,10
"172",10000,500,4,64,0.1,0.2,0.2,1.33333333333333,1e-05,1e-06,10
"173",50000,500,4,64,0.1,0.2,0.2,1.33333333333333,1e-05,1e-06,10
"174",1e+05,500,4,64,0.1,0.2,0.2,1.33333333333333,1e-05,1e-06,10
"175",100,1000,4,64,0.1,0.2,0.2,1.33333333333333,1e-05,1e-06,10
"176",1000,1000,4,64,0.1,0.2,0.2,1.33333333333333,1e-05,1e-06,10
"177",5000,1000,4,64,0.1,0.2,0.2,1.33333333333333,1e-05,1e-06,10
"178",10000,1000,4,64,0.1,0.2,0.2,1.33333333333333,1e-05,1e-06,10
"179",50000,1000,4,64,0.1,0.2,0.2,1.33333333333333,1e-05,1e-06,10
"180",1e+05,1000,4,64,0.1,0.2,0.2,1.33333333333333,1e-05,1e-06,10
"181",100,1,4,128,0.1,0.2,0.2,1.33333333333333,1e-05,1e-06,10
"182",1000,1,4,128,0.1,0.2,0.2,1.33333333333333,1e-05,1e-06,10
"183",5000,1,4,128,0.1,0.2,0.2,1.33333333333333,1e-05,1e-06,10
"184",10000,1,4,128,0.1,0.2,0.2,1.33333333333333,1e-05,1e-06,10
"185",50000,1,4,128,0.1,0.2,0.2,1.33333333333333,1e-05,1e-06,10
"186",1e+05,1,4,128,0.1,0.2,0.2,1.33333333333333,1e-05,1e-06,10
"187",100,10,4,128,0.1,0.2,0.2,1.33333333333333,1e-05,1e-06,10
"188",1000,10,4,128,0.1,0.2,0.2,1.33333333333333,1e-05,1e-06,10
"189",5000,10,4,128,0.1,0.2,0.2,1.33333333333333,1e-05,1e-06,10
"190",10000,10,4,128,0.1,0.2,0.2,1.33333333333333,1e-05,1e-06,10
"191",50000,10,4,128,0.1,0.2,0.2,1.33333333333333,1e-05,1e-06,10
"192",1e+05,10,4,128,0.1,0.2,0.2,1.33333333333333,1e-05,1e-06,10
"193",100,50,4,128,0.1,0.2,0.2,1.33333333333333,1e-05,1e-06,10
"194",1000,50,4,128,0.1,0.2,0.2,1.33333333333333,1e-05,1e-06,10
"195",5000,50,4,128,0.1,0.2,0.2,1.33333333333333,1e-05,1e-06,10
"196",10000,50,4,128,0.1,0.2,0.2,1.33333333333333,1e-05,1e-06,10
"197",50000,50,4,128,0.1,0.2,0.2,1.33333333333333,1e-05,1e-06,10
"198",1e+05,50,4,128,0.1,0.2,0.2,1.33333333333333,1e-05,1e-06,10
"199",100,100,4,128,0.1,0.2,0.2,1.33333333333333,1e-05,1e-06,10
"200",1000,100,4,128,0.1,0.2,0.2,1.33333333333333,1e-05,1e-06,10
"201",5000,100,4,128,0.1,0.2,0.2,1.33333333333333,1e-05,1e-06,10
"202",10000,100,4,128,0.1,0.2,0.2,1.33333333333333,1e-05,1e-06,10
"203",50000,100,4,128,0.1,0.2,0.2,1.33333333333333,1e-05,1e-06,10
"204",1e+05,100,4,128,0.1,0.2,0.2,1.33333333333333,1e-05,1e-06,10
"205",100,500,4,128,0.1,0.2,0.2,1.33333333333333,1e-05,1e-06,10
"206",1000,500,4,128,0.1,0.2,0.2,1.33333333333333,1e-05,1e-06,10
"207",5000,500,4,128,0.1,0.2,0.2,1.33333333333333,1e-05,1e-06,10
"208",10000,500,4,128,0.1,0.2,0.2,1.33333333333333,1e-05,1e-06,10
"209",50000,500,4,128,0.1,0.2,0.2,1.33333333333333,1e-05,1e-06,10
"210",1e+05,500,4,128,0.1,0.2,0.2,1.33333333333333,1e-05,1e-06,10
"211",100,1000,4,128,0.1,0.2,0.2,1.33333333333333,1e-05,1e-06,10
"212",1000,1000,4,128,0.1,0.2,0.2,1.33333333333333,1e-05,1e-06,10
"213",5000,1000,4,128,0.1,0.2,0.2,1.33333333333333,1e-05,1e-06,10
"214",10000,1000,4,128,0.1,0.2,0.2,1.33333333333333,1e-05,1e-06,10
"215",50000,1000,4,128,0.1,0.2,0.2,1.33333333333333,1e-05,1e-06,10
"216",1e+05,1000,4,128,0.1,0.2,0.2,1.33333333333333,1e-05,1e-06,10
"217",100,1,4,256,0.1,0.2,0.2,1.33333333333333,1e-05,1e-06,10
"218",1000,1,4,256,0.1,0.2,0.2,1.33333333333333,1e-05,1e-06,10
"219",5000,1,4,256,0.1,0.2,0.2,1.33333333333333,1e-05,1e-06,10
"220",10000,1,4,256,0.1,0.2,0.2,1.33333333333333,1e-05,1e-06,10
"221",50000,1,4,256,0.1,0.2,0.2,1.33333333333333,1e-05,1e-06,10
"222",1e+05,1,4,256,0.1,0.2,0.2,1.33333333333333,1e-05,1e-06,10
"223",100,10,4,256,0.1,0.2,0.2,1.33333333333333,1e-05,1e-06,10
"224",1000,10,4,256,0.1,0.2,0.2,1.33333333333333,1e-05,1e-06,10
"225",5000,10,4,256,0.1,0.2,0.2,1.33333333333333,1e-05,1e-06,10
"226",10000,10,4,256,0.1,0.2,0.2,1.33333333333333,1e-05,1e-06,10
"227",50000,10,4,256,0.1,0.2,0.2,1.33333333333333,1e-05,1e-06,10
"228",1e+05,10,4,256,0.1,0.2,0.2,1.33333333333333,1e-05,1e-06,10
"229",100,50,4,256,0.1,0.2,0.2,1.33333333333333,1e-05,1e-06,10
"230",1000,50,4,256,0.1,0.2,0.2,1.33333333333333,1e-05,1e-06,10
"231",5000,50,4,256,0.1,0.2,0.2,1.33333333333333,1e-05,1e-06,10
"232",10000,50,4,256,0.1,0.2,0.2,1.33333333333333,1e-05,1e-06,10
"233",50000,50,4,256,0.1,0.2,0.2,1.33333333333333,1e-05,1e-06,10
"234",1e+05,50,4,256,0.1,0.2,0.2,1.33333333333333,1e-05,1e-06,10
"235",100,100,4,256,0.1,0.2,0.2,1.33333333333333,1e-05,1e-06,10
"236",1000,100,4,256,0.1,0.2,0.2,1.33333333333333,1e-05,1e-06,10
"237",5000,100,4,256,0.1,0.2,0.2,1.33333333333333,1e-05,1e-06,10
"238",10000,100,4,256,0.1,0.2,0.2,1.33333333333333,1e-05,1e-06,10
"239",50000,100,4,256,0.1,0.2,0.2,1.33333333333333,1e-05,1e-06,10
"240",1e+05,100,4,256,0.1,0.2,0.2,1.33333333333333,1e-05,1e-06,10
"241",100,500,4,256,0.1,0.2,0.2,1.33333333333333,1e-05,1e-06,10
"242",1000,500,4,256,0.1,0.2,0.2,1.33333333333333,1e-05,1e-06,10
"243",5000,500,4,256,0.1,0.2,0.2,1.33333333333333,1e-05,1e-06,10
"244",10000,500,4,256,0.1,0.2,0.2,1.33333333333333,1e-05,1e-06,10
"245",50000,500,4,256,0.1,0.2,0.2,1.33333333333333,1e-05,1e-06,10
"246",1e+05,500,4,256,0.1,0.2,0.2,1.33333333333333,1e-05,1e-06,10
"247",100,1000,4,256,0.1,0.2,0.2,1.33333333333333,1e-05,1e-06,10
"248",1000,1000,4,256,0.1,0.2,0.2,1.33333333333333,1e-05,1e-06,10
"249",5000,1000,4,256,0.1,0.2,0.2,1.33333333333333,1e-05,1e-06,10
"250",10000,1000,4,256,0.1,0.2,0.2,1.33333333333333,1e-05,1e-06,10
"251",50000,1000,4,256,0.1,0.2,0.2,1.33333333333333,1e-05,1e-06,10
"252",1e+05,1000,4,256,0.1,0.2,0.2,1.33333333333333,1e-05,1e-06,10
"253",100,1,4,512,0.1,0.2,0.2,1.33333333333333,1e-05,1e-06,10
"254",1000,1,4,512,0.1,0.2,0.2,1.33333333333333,1e-05,1e-06,10
"255",5000,1,4,512,0.1,0.2,0.2,1.33333333333333,1e-05,1e-06,10
"256",10000,1,4,512,0.1,0.2,0.2,1.33333333333333,1e-05,1e-06,10
"257",50000,1,4,512,0.1,0.2,0.2,1.33333333333333,1e-05,1e-06,10
"258",1e+05,1,4,512,0.1,0.2,0.2,1.33333333333333,1e-05,1e-06,10
"259",100,10,4,512,0.1,0.2,0.2,1.33333333333333,1e-05,1e-06,10
"260",1000,10,4,512,0.1,0.2,0.2,1.33333333333333,1e-05,1e-06,10
"261",5000,10,4,512,0.1,0.2,0.2,1.33333333333333,1e-05,1e-06,10
"262",10000,10,4,512,0.1,0.2,0.2,1.33333333333333,1e-05,1e-06,10
"263",50000,10,4,512,0.1,0.2,0.2,1.33333333333333,1e-05,1e-06,10
"264",1e+05,10,4,512,0.1,0.2,0.2,1.33333333333333,1e-05,1e-06,10
"265",100,50,4,512,0.1,0.2,0.2,1.33333333333333,1e-05,1e-06,10
"266",1000,50,4,512,0.1,0.2,0.2,1.33333333333333,1e-05,1e-06,10
"267",5000,50,4,512,0.1,0.2,0.2,1.33333333333333,1e-05,1e-06,10
"268",10000,50,4,512,0.1,0.2,0.2,1.33333333333333,1e-05,1e-06,10
"269",50000,50,4,512,0.1,0.2,0.2,1.33333333333333,1e-05,1e-06,10
"270",1e+05,50,4,512,0.1,0.2,0.2,1.33333333333333,1e-05,1e-06,10
"271",100,100,4,512,0.1,0.2,0.2,1.33333333333333,1e-05,1e-06,10
"272",1000,100,4,512,0.1,0.2,0.2,1.33333333333333,1e-05,1e-06,10
"273",5000,100,4,512,0.1,0.2,0.2,1.33333333333333,1e-05,1e-06,10
"274",10000,100,4,512,0.1,0.2,0.2,1.33333333333333,1e-05,1e-06,10
"275",50000,100,4,512,0.1,0.2,0.2,1.33333333333333,1e-05,1e-06,10
"276",1e+05,100,4,512,0.1,0.2,0.2,1.33333333333333,1e-05,1e-06,10
"277",100,500,4,512,0.1,0.2,0.2,1.33333333333333,1e-05,1e-06,10
"278",1000,500,4,512,0.1,0.2,0.2,1.33333333333333,1e-05,1e-06,10
"279",5000,500,4,512,0.1,0.2,0.2,1.33333333333333,1e-05,1e-06,10
"280",10000,500,4,512,0.1,0.2,0.2,1.33333333333333,1e-05,1e-06,10
"281",50000,500,4,512,0.1,0.2,0.2,1.33333333333333,1e-05,1e-06,10
"282",1e+05,500,4,512,0.1,0.2,0.2,1.33333333333333,1e-05,1e-06,10
"283",100,1000,4,512,0.1,0.2,0.2,1.33333333333333,1e-05,1e-06,10
"284",1000,1000,4,512,0.1,0.2,0.2,1.33333333333333,1e-05,1e-06,10
"285",5000,1000,4,512,0.1,0.2,0.2,1.33333333333333,1e-05,1e-06,10
"286",10000,1000,4,512,0.1,0.2,0.2,1.33333333333333,1e-05,1e-06,10
"287",50000,1000,4,512,0.1,0.2,0.2,1.33333333333333,1e-05,1e-06,10
"288",1e+05,1000,4,512,0.1,0.2,0.2,1.33333333333333,1e-05,1e-06,10
"289",100,1,4,64,0.1,0.2,0.2,2,1e-05,1e-06,10
"290",1000,1,4,64,0.1,0.2,0.2,2,1e-05,1e-06,10
"291",5000,1,4,64,0.1,0.2,0.2,2,1e-05,1e-06,10
"292",10000,1,4,64,0.1,0.2,0.2,2,1e-05,1e-06,10
"293",50000,1,4,64,0.1,0.2,0.2,2,1e-05,1e-06,10
"294",1e+05,1,4,64,0.1,0.2,0.2,2,1e-05,1e-06,10
"295",100,10,4,64,0.1,0.2,0.2,2,1e-05,1e-06,10
"296",1000,10,4,64,0.1,0.2,0.2,2,1e-05,1e-06,10
"297",5000,10,4,64,0.1,0.2,0.2,2,1e-05,1e-06,10
"298",10000,10,4,64,0.1,0.2,0.2,2,1e-05,1e-06,10
"299",50000,10,4,64,0.1,0.2,0.2,2,1e-05,1e-06,10
"300",1e+05,10,4,64,0.1,0.2,0.2,2,1e-05,1e-06,10
"301",100,50,4,64,0.1,0.2,0.2,2,1e-05,1e-06,10
"302",1000,50,4,64,0.1,0.2,0.2,2,1e-05,1e-06,10
"303",5000,50,4,64,0.1,0.2,0.2,2,1e-05,1e-06,10
"304",10000,50,4,64,0.1,0.2,0.2,2,1e-05,1e-06,10
"305",50000,50,4,64,0.1,0.2,0.2,2,1e-05,1e-06,10
"306",1e+05,50,4,64,0.1,0.2,0.2,2,1e-05,1e-06,10
"307",100,100,4,64,0.1,0.2,0.2,2,1e-05,1e-06,10
"308",1000,100,4,64,0.1,0.2,0.2,2,1e-05,1e-06,10
"309",5000,100,4,64,0.1,0.2,0.2,2,1e-05,1e-06,10
"310",10000,100,4,64,0.1,0.2,0.2,2,1e-05,1e-06,10
"311",50000,100,4,64,0.1,0.2,0.2,2,1e-05,1e-06,10
"312",1e+05,100,4,64,0.1,0.2,0.2,2,1e-05,1e-06,10
"313",100,500,4,64,0.1,0.2,0.2,2,1e-05,1e-06,10
"314",1000,500,4,64,0.1,0.2,0.2,2,1e-05,1e-06,10
"315",5000,500,4,64,0.1,0.2,0.2,2,1e-05,1e-06,10
"316",10000,500,4,64,0.1,0.2,0.2,2,1e-05,1e-06,10
"317",50000,500,4,64,0.1,0.2,0.2,2,1e-05,1e-06,10
"318",1e+05,500,4,64,0.1,0.2,0.2,2,1e-05,1e-06,10
"319",100,1000,4,64,0.1,0.2,0.2,2,1e-05,1e-06,10
"320",1000,1000,4,64,0.1,0.2,0.2,2,1e-05,1e-06,10
"321",5000,1000,4,64,0.1,0.2,0.2,2,1e-05,1e-06,10
"322",10000,1000,4,64,0.1,0.2,0.2,2,1e-05,1e-06,10
"323",50000,1000,4,64,0.1,0.2,0.2,2,1e-05,1e-06,10
"324",1e+05,1000,4,64,0.1,0.2,0.2,2,1e-05,1e-06,10
"325",100,1,4,128,0.1,0.2,0.2,2,1e-05,1e-06,10
"326",1000,1,4,128,0.1,0.2,0.2,2,1e-05,1e-06,10
"327",5000,1,4,128,0.1,0.2,0.2,2,1e-05,1e-06,10
"328",10000,1,4,128,0.1,0.2,0.2,2,1e-05,1e-06,10
"329",50000,1,4,128,0.1,0.2,0.2,2,1e-05,1e-06,10
"330",1e+05,1,4,128,0.1,0.2,0.2,2,1e-05,1e-06,10
"331",100,10,4,128,0.1,0.2,0.2,2,1e-05,1e-06,10
"332",1000,10,4,128,0.1,0.2,0.2,2,1e-05,1e-06,10
"333",5000,10,4,128,0.1,0.2,0.2,2,1e-05,1e-06,10
"334",10000,10,4,128,0.1,0.2,0.2,2,1e-05,1e-06,10
"335",50000,10,4,128,0.1,0.2,0.2,2,1e-05,1e-06,10
"336",1e+05,10,4,128,0.1,0.2,0.2,2,1e-05,1e-06,10
"337",100,50,4,128,0.1,0.2,0.2,2,1e-05,1e-06,10
"338",1000,50,4,128,0.1,0.2,0.2,2,1e-05,1e-06,10
"339",5000,50,4,128,0.1,0.2,0.2,2,1e-05,1e-06,10
"340",10000,50,4,128,0.1,0.2,0.2,2,1e-05,1e-06,10
"341",50000,50,4,128,0.1,0.2,0.2,2,1e-05,1e-06,10
"342",1e+05,50,4,128,0.1,0.2,0.2,2,1e-05,1e-06,10
"343",100,100,4,128,0.1,0.2,0.2,2,1e-05,1e-06,10
"344",1000,100,4,128,0.1,0.2,0.2,2,1e-05,1e-06,10
"345",5000,100,4,128,0.1,0.2,0.2,2,1e-05,1e-06,10
"346",10000,100,4,128,0.1,0.2,0.2,2,1e-05,1e-06,10
"347",50000,100,4,128,0.1,0.2,0.2,2,1e-05,1e-06,10
"348",1e+05,100,4,128,0.1,0.2,0.2,2,1e-05,1e-06,10
"349",100,500,4,128,0.1,0.2,0.2,2,1e-05,1e-06,10
"350",1000,500,4,128,0.1,0.2,0.2,2,1e-05,1e-06,10
"351",5000,500,4,128,0.1,0.2,0.2,2,1e-05,1e-06,10
"352",10000,500,4,128,0.1,0.2,0.2,2,1e-05,1e-06,10
"353",50000,500,4,128,0.1,0.2,0.2,2,1e-05,1e-06,10
"354",1e+05,500,4,128,0.1,0.2,0.2,2,1e-05,1e-06,10
"355",100,1000,4,128,0.1,0.2,0.2,2,1e-05,1e-06,10
"356",1000,1000,4,128,0.1,0.2,0.2,2,1e-05,1e-06,10
"357",5000,1000,4,128,0.1,0.2,0.2,2,1e-05,1e-06,10
"358",10000,1000,4,128,0.1,0.2,0.2,2,1e-05,1e-06,10
"359",50000,1000,4,128,0.1,0.2,0.2,2,1e-05,1e-06,10
"360",1e+05,1000,4,128,0.1,0.2,0.2,2,1e-05,1e-06,10
"361",100,1,4,256,0.1,0.2,0.2,2,1e-05,1e-06,10
"362",1000,1,4,256,0.1,0.2,0.2,2,1e-05,1e-06,10
"363",5000,1,4,256,0.1,0.2,0.2,2,1e-05,1e-06,10
"364",10000,1,4,256,0.1,0.2,0.2,2,1e-05,1e-06,10
"365",50000,1,4,256,0.1,0.2,0.2,2,1e-05,1e-06,10
"366",1e+05,1,4,256,0.1,0.2,0.2,2,1e-05,1e-06,10
"367",100,10,4,256,0.1,0.2,0.2,2,1e-05,1e-06,10
"368",1000,10,4,256,0.1,0.2,0.2,2,1e-05,1e-06,10
"369",5000,10,4,256,0.1,0.2,0.2,2,1e-05,1e-06,10
"370",10000,10,4,256,0.1,0.2,0.2,2,1e-05,1e-06,10
"371",50000,10,4,256,0.1,0.2,0.2,2,1e-05,1e-06,10
"372",1e+05,10,4,256,0.1,0.2,0.2,2,1e-05,1e-06,10
"373",100,50,4,256,0.1,0.2,0.2,2,1e-05,1e-06,10
"374",1000,50,4,256,0.1,0.2,0.2,2,1e-05,1e-06,10
"375",5000,50,4,256,0.1,0.2,0.2,2,1e-05,1e-06,10
"376",10000,50,4,256,0.1,0.2,0.2,2,1e-05,1e-06,10
"377",50000,50,4,256,0.1,0.2,0.2,2,1e-05,1e-06,10
"378",1e+05,50,4,256,0.1,0.2,0.2,2,1e-05,1e-06,10
"379",100,100,4,256,0.1,0.2,0.2,2,1e-05,1e-06,10
"380",1000,100,4,256,0.1,0.2,0.2,2,1e-05,1e-06,10
"381",5000,100,4,256,0.1,0.2,0.2,2,1e-05,1e-06,10
"382",10000,100,4,256,0.1,0.2,0.2,2,1e-05,1e-06,10
"383",50000,100,4,256,0.1,0.2,0.2,2,1e-05,1e-06,10
"384",1e+05,100,4,256,0.1,0.2,0.2,2,1e-05,1e-06,10
"385",100,500,4,256,0.1,0.2,0.2,2,1e-05,1e-06,10
"386",1000,500,4,256,0.1,0.2,0.2,2,1e-05,1e-06,10
"387",5000,500,4,256,0.1,0.2,0.2,2,1e-05,1e-06,10
"388",10000,500,4,256,0.1,0.2,0.2,2,1e-05,1e-06,10
"389",50000,500,4,256,0.1,0.2,0.2,2,1e-05,1e-06,10
"390",1e+05,500,4,256,0.1,0.2,0.2,2,1e-05,1e-06,10
"391",100,1000,4,256,0.1,0.2,0.2,2,1e-05,1e-06,10
"392",1000,1000,4,256,0.1,0.2,0.2,2,1e-05,1e-06,10
"393",5000,1000,4,256,0.1,0.2,0.2,2,1e-05,1e-06,10
"394",10000,1000,4,256,0.1,0.2,0.2,2,1e-05,1e-06,10
"395",50000,1000,4,256,0.1,0.2,0.2,2,1e-05,1e-06,10
"396",1e+05,1000,4,256,0.1,0.2,0.2,2,1e-05,1e-06,10
"397",100,1,4,512,0.1,0.2,0.2,2,1e-05,1e-06,10
"398",1000,1,4,512,0.1,0.2,0.2,2,1e-05,1e-06,10
"399",5000,1,4,512,0.1,0.2,0.2,2,1e-05,1e-06,10
"400",10000,1,4,512,0.1,0.2,0.2,2,1e-05,1e-06,10
"401",50000,1,4,512,0.1,0.2,0.2,2,1e-05,1e-06,10
"402",1e+05,1,4,512,0.1,0.2,0.2,2,1e-05,1e-06,10
"403",100,10,4,512,0.1,0.2,0.2,2,1e-05,1e-06,10
"404",1000,10,4,512,0.1,0.2,0.2,2,1e-05,1e-06,10
"405",5000,10,4,512,0.1,0.2,0.2,2,1e-05,1e-06,10
"406",10000,10,4,512,0.1,0.2,0.2,2,1e-05,1e-06,10
"407",50000,10,4,512,0.1,0.2,0.2,2,1e-05,1e-06,10
"408",1e+05,10,4,512,0.1,0.2,0.2,2,1e-05,1e-06,10
"409",100,50,4,512,0.1,0.2,0.2,2,1e-05,1e-06,10
"410",1000,50,4,512,0.1,0.2,0.2,2,1e-05,1e-06,10
"411",5000,50,4,512,0.1,0.2,0.2,2,1e-05,1e-06,10
"412",10000,50,4,512,0.1,0.2,0.2,2,1e-05,1e-06,10
"413",50000,50,4,512,0.1,0.2,0.2,2,1e-05,1e-06,10
"414",1e+05,50,4,512,0.1,0.2,0.2,2,1e-05,1e-06,10
"415",100,100,4,512,0.1,0.2,0.2,2,1e-05,1e-06,10
"416",1000,100,4,512,0.1,0.2,0.2,2,1e-05,1e-06,10
"417",5000,100,4,512,0.1,0.2,0.2,2,1e-05,1e-06,10
"418",10000,100,4,512,0.1,0.2,0.2,2,1e-05,1e-06,10
"419",50000,100,4,512,0.1,0.2,0.2,2,1e-05,1e-06,10
"420",1e+05,100,4,512,0.1,0.2,0.2,2,1e-05,1e-06,10
"421",100,500,4,512,0.1,0.2,0.2,2,1e-05,1e-06,10
"422",1000,500,4,512,0.1,0.2,0.2,2,1e-05,1e-06,10
"423",5000,500,4,512,0.1,0.2,0.2,2,1e-05,1e-06,10
"424",10000,500,4,512,0.1,0.2,0.2,2,1e-05,1e-06,10
"425",50000,500,4,512,0.1,0.2,0.2,2,1e-05,1e-06,10
"426",1e+05,500,4,512,0.1,0.2,0.2,2,1e-05,1e-06,10
"427",100,1000,4,512,0.1,0.2,0.2,2,1e-05,1e-06,10
"428",1000,1000,4,512,0.1,0.2,0.2,2,1e-05,1e-06,10
"429",5000,1000,4,512,0.1,0.2,0.2,2,1e-05,1e-06,10
"430",10000,1000,4,512,0.1,0.2,0.2,2,1e-05,1e-06,10
"431",50000,1000,4,512,0.1,0.2,0.2,2,1e-05,1e-06,10
"432",1e+05,1000,4,512,0.1,0.2,0.2,2,1e-05,1e-06,10
"433",100,1,4,64,0.1,0.2,0.2,2.66666666666667,1e-05,1e-06,10
"434",1000,1,4,64,0.1,0.2,0.2,2.66666666666667,1e-05,1e-06,10
"435",5000,1,4,64,0.1,0.2,0.2,2.66666666666667,1e-05,1e-06,10
"436",10000,1,4,64,0.1,0.2,0.2,2.66666666666667,1e-05,1e-06,10
"437",50000,1,4,64,0.1,0.2,0.2,2.66666666666667,1e-05,1e-06,10
"438",1e+05,1,4,64,0.1,0.2,0.2,2.66666666666667,1e-05,1e-06,10
"439",100,10,4,64,0.1,0.2,0.2,2.66666666666667,1e-05,1e-06,10
"440",1000,10,4,64,0.1,0.2,0.2,2.66666666666667,1e-05,1e-06,10
"441",5000,10,4,64,0.1,0.2,0.2,2.66666666666667,1e-05,1e-06,10
"442",10000,10,4,64,0.1,0.2,0.2,2.66666666666667,1e-05,1e-06,10
"443",50000,10,4,64,0.1,0.2,0.2,2.66666666666667,1e-05,1e-06,10
"444",1e+05,10,4,64,0.1,0.2,0.2,2.66666666666667,1e-05,1e-06,10
"445",100,50,4,64,0.1,0.2,0.2,2.66666666666667,1e-05,1e-06,10
"446",1000,50,4,64,0.1,0.2,0.2,2.66666666666667,1e-05,1e-06,10
"447",5000,50,4,64,0.1,0.2,0.2,2.66666666666667,1e-05,1e-06,10
"448",10000,50,4,64,0.1,0.2,0.2,2.66666666666667,1e-05,1e-06,10
"449",50000,50,4,64,0.1,0.2,0.2,2.66666666666667,1e-05,1e-06,10
"450",1e+05,50,4,64,0.1,0.2,0.2,2.66666666666667,1e-05,1e-06,10
"451",100,100,4,64,0.1,0.2,0.2,2.66666666666667,1e-05,1e-06,10
"452",1000,100,4,64,0.1,0.2,0.2,2.66666666666667,1e-05,1e-06,10
"453",5000,100,4,64,0.1,0.2,0.2,2.66666666666667,1e-05,1e-06,10
"454",10000,100,4,64,0.1,0.2,0.2,2.66666666666667,1e-05,1e-06,10
"455",50000,100,4,64,0.1,0.2,0.2,2.66666666666667,1e-05,1e-06,10
"456",1e+05,100,4,64,0.1,0.2,0.2,2.66666666666667,1e-05,1e-06,10
"457",100,500,4,64,0.1,0.2,0.2,2.66666666666667,1e-05,1e-06,10
"458",1000,500,4,64,0.1,0.2,0.2,2.66666666666667,1e-05,1e-06,10
"459",5000,500,4,64,0.1,0.2,0.2,2.66666666666667,1e-05,1e-06,10
"460",10000,500,4,64,0.1,0.2,0.2,2.66666666666667,1e-05,1e-06,10
"461",50000,500,4,64,0.1,0.2,0.2,2.66666666666667,1e-05,1e-06,10
"462",1e+05,500,4,64,0.1,0.2,0.2,2.66666666666667,1e-05,1e-06,10
"463",100,1000,4,64,0.1,0.2,0.2,2.66666666666667,1e-05,1e-06,10
"464",1000,1000,4,64,0.1,0.2,0.2,2.66666666666667,1e-05,1e-06,10
"465",5000,1000,4,64,0.1,0.2,0.2,2.66666666666667,1e-05,1e-06,10
"466",10000,1000,4,64,0.1,0.2,0.2,2.66666666666667,1e-05,1e-06,10
"467",50000,1000,4,64,0.1,0.2,0.2,2.66666666666667,1e-05,1e-06,10
"468",1e+05,1000,4,64,0.1,0.2,0.2,2.66666666666667,1e-05,1e-06,10
"469",100,1,4,128,0.1,0.2,0.2,2.66666666666667,1e-05,1e-06,10
"470",1000,1,4,128,0.1,0.2,0.2,2.66666666666667,1e-05,1e-06,10
"471",5000,1,4,128,0.1,0.2,0.2,2.66666666666667,1e-05,1e-06,10
"472",10000,1,4,128,0.1,0.2,0.2,2.66666666666667,1e-05,1e-06,10
"473",50000,1,4,128,0.1,0.2,0.2,2.66666666666667,1e-05,1e-06,10
"474",1e+05,1,4,128,0.1,0.2,0.2,2.66666666666667,1e-05,1e-06,10
"475",100,10,4,128,0.1,0.2,0.2,2.66666666666667,1e-05,1e-06,10
"476",1000,10,4,128,0.1,0.2,0.2,2.66666666666667,1e-05,1e-06,10
"477",5000,10,4,128,0.1,0.2,0.2,2.66666666666667,1e-05,1e-06,10
"478",10000,10,4,128,0.1,0.2,0.2,2.66666666666667,1e-05,1e-06,10
"479",50000,10,4,128,0.1,0.2,0.2,2.66666666666667,1e-05,1e-06,10
"480",1e+05,10,4,128,0.1,0.2,0.2,2.66666666666667,1e-05,1e-06,10
"481",100,50,4,128,0.1,0.2,0.2,2.66666666666667,1e-05,1e-06,10
"482",1000,50,4,128,0.1,0.2,0.2,2.66666666666667,1e-05,1e-06,10
"483",5000,50,4,128,0.1,0.2,0.2,2.66666666666667,1e-05,1e-06,10
"484",10000,50,4,128,0.1,0.2,0.2,2.66666666666667,1e-05,1e-06,10
"485",50000,50,4,128,0.1,0.2,0.2,2.66666666666667,1e-05,1e-06,10
"486",1e+05,50,4,128,0.1,0.2,0.2,2.66666666666667,1e-05,1e-06,10
"487",100,100,4,128,0.1,0.2,0.2,2.66666666666667,1e-05,1e-06,10
"488",1000,100,4,128,0.1,0.2,0.2,2.66666666666667,1e-05,1e-06,10
"489",5000,100,4,128,0.1,0.2,0.2,2.66666666666667,1e-05,1e-06,10
"490",10000,100,4,128,0.1,0.2,0.2,2.66666666666667,1e-05,1e-06,10
"491",50000,100,4,128,0.1,0.2,0.2,2.66666666666667,1e-05,1e-06,10
"492",1e+05,100,4,128,0.1,0.2,0.2,2.66666666666667,1e-05,1e-06,10
"493",100,500,4,128,0.1,0.2,0.2,2.66666666666667,1e-05,1e-06,10
"494",1000,500,4,128,0.1,0.2,0.2,2.66666666666667,1e-05,1e-06,10
"495",5000,500,4,128,0.1,0.2,0.2,2.66666666666667,1e-05,1e-06,10
"496",10000,500,4,128,0.1,0.2,0.2,2.66666666666667,1e-05,1e-06,10
"497",50000,500,4,128,0.1,0.2,0.2,2.66666666666667,1e-05,1e-06,10
"498",1e+05,500,4,128,0.1,0.2,0.2,2.66666666666667,1e-05,1e-06,10
"499",100,1000,4,128,0.1,0.2,0.2,2.66666666666667,1e-05,1e-06,10
"500",1000,1000,4,128,0.1,0.2,0.2,2.66666666666667,1e-05,1e-06,10
"501",5000,1000,4,128,0.1,0.2,0.2,2.66666666666667,1e-05,1e-06,10
"502",10000,1000,4,128,0.1,0.2,0.2,2.66666666666667,1e-05,1e-06,10
"503",50000,1000,4,128,0.1,0.2,0.2,2.66666666666667,1e-05,1e-06,10
"504",1e+05,1000,4,128,0.1,0.2,0.2,2.66666666666667,1e-05,1e-06,10
"505",100,1,4,256,0.1,0.2,0.2,2.66666666666667,1e-05,1e-06,10
"506",1000,1,4,256,0.1,0.2,0.2,2.66666666666667,1e-05,1e-06,10
"507",5000,1,4,256,0.1,0.2,0.2,2.66666666666667,1e-05,1e-06,10
"508",10000,1,4,256,0.1,0.2,0.2,2.66666666666667,1e-05,1e-06,10
"509",50000,1,4,256,0.1,0.2,0.2,2.66666666666667,1e-05,1e-06,10
"510",1e+05,1,4,256,0.1,0.2,0.2,2.66666666666667,1e-05,1e-06,10
"511",100,10,4,256,0.1,0.2,0.2,2.66666666666667,1e-05,1e-06,10
"512",1000,10,4,256,0.1,0.2,0.2,2.66666666666667,1e-05,1e-06,10
"513",5000,10,4,256,0.1,0.2,0.2,2.66666666666667,1e-05,1e-06,10
"514",10000,10,4,256,0.1,0.2,0.2,2.66666666666667,1e-05,1e-06,10
"515",50000,10,4,256,0.1,0.2,0.2,2.66666666666667,1e-05,1e-06,10
"516",1e+05,10,4,256,0.1,0.2,0.2,2.66666666666667,1e-05,1e-06,10
"517",100,50,4,256,0.1,0.2,0.2,2.66666666666667,1e-05,1e-06,10
"518",1000,50,4,256,0.1,0.2,0.2,2.66666666666667,1e-05,1e-06,10
"519",5000,50,4,256,0.1,0.2,0.2,2.66666666666667,1e-05,1e-06,10
"520",10000,50,4,256,0.1,0.2,0.2,2.66666666666667,1e-05,1e-06,10
"521",50000,50,4,256,0.1,0.2,0.2,2.66666666666667,1e-05,1e-06,10
"522",1e+05,50,4,256,0.1,0.2,0.2,2.66666666666667,1e-05,1e-06,10
"523",100,100,4,256,0.1,0.2,0.2,2.66666666666667,1e-05,1e-06,10
"524",1000,100,4,256,0.1,0.2,0.2,2.66666666666667,1e-05,1e-06,10
"525",5000,100,4,256,0.1,0.2,0.2,2.66666666666667,1e-05,1e-06,10
"526",10000,100,4,256,0.1,0.2,0.2,2.66666666666667,1e-05,1e-06,10
"527",50000,100,4,256,0.1,0.2,0.2,2.66666666666667,1e-05,1e-06,10
"528",1e+05,100,4,256,0.1,0.2,0.2,2.66666666666667,1e-05,1e-06,10
"529",100,500,4,256,0.1,0.2,0.2,2.66666666666667,1e-05,1e-06,10
"530",1000,500,4,256,0.1,0.2,0.2,2.66666666666667,1e-05,1e-06,10
"531",5000,500,4,256,0.1,0.2,0.2,2.66666666666667,1e-05,1e-06,10
"532",10000,500,4,256,0.1,0.2,0.2,2.66666666666667,1e-05,1e-06,10
"533",50000,500,4,256,0.1,0.2,0.2,2.66666666666667,1e-05,1e-06,10
"534",1e+05,500,4,256,0.1,0.2,0.2,2.66666666666667,1e-05,1e-06,10
"535",100,1000,4,256,0.1,0.2,0.2,2.66666666666667,1e-05,1e-06,10
"536",1000,1000,4,256,0.1,0.2,0.2,2.66666666666667,1e-05,1e-06,10
"537",5000,1000,4,256,0.1,0.2,0.2,2.66666666666667,1e-05,1e-06,10
"538",10000,1000,4,256,0.1,0.2,0.2,2.66666666666667,1e-05,1e-06,10
"539",50000,1000,4,256,0.1,0.2,0.2,2.66666666666667,1e-05,1e-06,10
"540",1e+05,1000,4,256,0.1,0.2,0.2,2.66666666666667,1e-05,1e-06,10
"541",100,1,4,512,0.1,0.2,0.2,2.66666666666667,1e-05,1e-06,10
"542",1000,1,4,512,0.1,0.2,0.2,2.66666666666667,1e-05,1e-06,10
"543",5000,1,4,512,0.1,0.2,0.2,2.66666666666667,1e-05,1e-06,10
"544",10000,1,4,512,0.1,0.2,0.2,2.66666666666667,1e-05,1e-06,10
"545",50000,1,4,512,0.1,0.2,0.2,2.66666666666667,1e-05,1e-06,10
"546",1e+05,1,4,512,0.1,0.2,0.2,2.66666666666667,1e-05,1e-06,10
"547",100,10,4,512,0.1,0.2,0.2,2.66666666666667,1e-05,1e-06,10
"548",1000,10,4,512,0.1,0.2,0.2,2.66666666666667,1e-05,1e-06,10
"549",5000,10,4,512,0.1,0.2,0.2,2.66666666666667,1e-05,1e-06,10
"550",10000,10,4,512,0.1,0.2,0.2,2.66666666666667,1e-05,1e-06,10
"551",50000,10,4,512,0.1,0.2,0.2,2.66666666666667,1e-05,1e-06,10
"552",1e+05,10,4,512,0.1,0.2,0.2,2.66666666666667,1e-05,1e-06,10
"553",100,50,4,512,0.1,0.2,0.2,2.66666666666667,1e-05,1e-06,10
"554",1000,50,4,512,0.1,0.2,0.2,2.66666666666667,1e-05,1e-06,10
"555",5000,50,4,512,0.1,0.2,0.2,2.66666666666667,1e-05,1e-06,10
"556",10000,50,4,512,0.1,0.2,0.2,2.66666666666667,1e-05,1e-06,10
"557",50000,50,4,512,0.1,0.2,0.2,2.66666666666667,1e-05,1e-06,10
"558",1e+05,50,4,512,0.1,0.2,0.2,2.66666666666667,1e-05,1e-06,10
"559",100,100,4,512,0.1,0.2,0.2,2.66666666666667,1e-05,1e-06,10
"560",1000,100,4,512,0.1,0.2,0.2,2.66666666666667,1e-05,1e-06,10
"561",5000,100,4,512,0.1,0.2,0.2,2.66666666666667,1e-05,1e-06,10
"562",10000,100,4,512,0.1,0.2,0.2,2.66666666666667,1e-05,1e-06,10
"563",50000,100,4,512,0.1,0.2,0.2,2.66666666666667,1e-05,1e-06,10
"564",1e+05,100,4,512,0.1,0.2,0.2,2.66666666666667,1e-05,1e-06,10
"565",100,500,4,512,0.1,0.2,0.2,2.66666666666667,1e-05,1e-06,10
"566",1000,500,4,512,0.1,0.2,0.2,2.66666666666667,1e-05,1e-06,10
"567",5000,500,4,512,0.1,0.2,0.2,2.66666666666667,1e-05,1e-06,10
"568",10000,500,4,512,0.1,0.2,0.2,2.66666666666667,1e-05,1e-06,10
"569",50000,500,4,512,0.1,0.2,0.2,2.66666666666667,1e-05,1e-06,10
"570",1e+05,500,4,512,0.1,0.2,0.2,2.66666666666667,1e-05,1e-06,10
"571",100,1000,4,512,0.1,0.2,0.2,2.66666666666667,1e-05,1e-06,10
"572",1000,1000,4,512,0.1,0.2,0.2,2.66666666666667,1e-05,1e-06,10
"573",5000,1000,4,512,0.1,0.2,0.2,2.66666666666667,1e-05,1e-06,10
"574",10000,1000,4,512,0.1,0.2,0.2,2.66666666666667,1e-05,1e-06,10
"575",50000,1000,4,512,0.1,0.2,0.2,2.66666666666667,1e-05,1e-06,10
"576",1e+05,1000,4,512,0.1,0.2,0.2,2.66666666666667,1e-05,1e-06,10
