task,measure,ce,bacc,logloss,auc,mcc,ranger.mtry.ratio,ranger.replace,ranger.sample.fraction,ranger.num.trees
APSFailure,ce,0.00521052631578947,0.892008135600256,0.0224132859725316,0.991260098068537,0.844803970710469,0.184624415822327,FALSE,0.995975479693152,1000
Amazon_employee_access,ce,0.0513289985368106,0.632366482618993,0.202541320415057,0.843154699986546,0.393775105128388,0.485478814225644,FALSE,0.828175274003297,1000
Australian,ce,0.121739130434783,0.879448652648992,0.40412977818608,0.940369596447695,0.757477977658406,0.807126572821289,TRUE,0.478640568233095,1000
Bioresponse,ce,0.183686524822695,0.813494488103208,0.443485947947148,0.880149215867028,0.62959388559752,0.0854919557459652,FALSE,0.633236420084722,1000
CIFAR_10,ce,0.497016666666667,0.502983333333333,1.57407754191232,0.918220691358025,0.448360075811931,0.0347263615112752,FALSE,0.95949508973863,1000
Fashion-MNIST,ce,0.1066,0.8934,0.335152778191334,0.995039056689342,0.881717759175715,0.109189320588484,FALSE,0.979007110907696,1000
GesturePhaseSegmentationProcessed,ce,0.291299238275722,0.640202175820658,0.852976699331495,0.940958281575925,0.616634237048593,0.148525703698397,FALSE,0.985148112266324,1000
Internet-Advertisements,ce,0.0213479898560453,0.940165998561003,0.0994504106914251,0.984000839414808,0.909564292763104,0.0785421915352345,TRUE,0.952407596120611,1000
KDDCup09_appetency,ce,0.0178,0.5,0.0774497620459231,0.806435221092754,0,0.390693900480866,TRUE,0.729371876400337,1000
MiceProtein,ce,0.00277777777777778,0.9975,0.213450730631473,0.999945054945055,0.996870193652882,0.163404297549278,FALSE,0.932366310362704,1000
PhishingWebsites,ce,0.0261410815543355,0.972669572256691,0.0702270757432853,0.997490586318886,0.947089706728006,0.259042857214808,FALSE,0.932646353519522,1000
adult,ce,0.132816038332927,0.780063625071974,0.293695957941288,0.919294913489103,0.613059653146616,0.188421891769394,FALSE,0.618995922617614,1000
analcatdata_authorship,ce,0.00354341736694678,0.994166666666667,0.273372215558561,1,0.994955621993981,0.0162317322101444,TRUE,0.850901731988415,1000
analcatdata_dmft,ce,0.744018987341772,0.254580280830281,1.75805301101656,0.617029503616042,0.105402837757166,0.402840416645631,FALSE,0.730296768783592,1000
balance-scale,ce,0.0816180235535074,0.664367816091954,0.620669764040102,0.964490968801314,0.858168392205525,0.211800393648446,TRUE,0.125449269567616,1000
bank-marketing,ce,0.0923447275043849,0.713814871362867,0.204081929239141,0.931262003533078,0.497591191551333,0.44721532613039,FALSE,0.661730020772666,1000
banknote-authentication,ce,0.00436898339151592,0.995907942359625,0.0212913988606037,0.999828277848123,0.991251046020095,0.720996843185276,FALSE,0.971142506320029,1000
blood-transfusion-service-center,ce,0.201891891891892,0.65141038871689,0.477369815233275,0.742942323128082,0.37125928314736,0.605580883100629,FALSE,0.976259397319518,1000
breast-w,ce,0.0243271221532091,0.97743961352657,0.122056054474659,0.99212882447665,0.947672233662075,0.0267522966023535,TRUE,0.98750562206842,1000
car,ce,0.0127234843392929,0.981817305501516,0.0530540565677216,0.999518862317905,0.972792945875526,0.83745135134086,TRUE,0.872541031148285,1000
christine,ce,0.259694020230406,0.74030340303403,0.537149734942843,0.813453127151198,0.48142742039842,0.130726289469749,FALSE,0.945126068987884,1000
churn,ce,0.0402,0.881386983471818,0.167336340919291,0.914818294218065,0.826702846024453,0.214577296050265,FALSE,0.899653461622074,1000
climate-model-simulation-crashes,ce,0.0592592592592593,0.663979591836735,0.171200730264508,0.916224489795918,0.503475808829516,0.440945289330557,FALSE,0.861841428023763,1000
cmc,ce,0.433085125942269,0.539198802813604,0.887781981922101,0.76331307753388,0.323138525218966,0.493472106987611,TRUE,0.921665734727867,1000
cnae-9,ce,0.0444444444444444,0.955555555555556,1.40183237409503,0.999305555555555,0.950671239285907,0.00232962402515113,FALSE,0.931888406304643,1000
connect-4,ce,0.176932071018157,0.616765131441607,0.471836383867444,0.898312985125035,0.621520043622765,0.25694677955471,FALSE,0.99588335712906,1000
credit-approval,ce,0.121739130434783,0.880001958991772,0.396330714102892,0.932183622828784,0.75813018775735,0.872332991566509,FALSE,0.997672437061556,1000
credit-g,ce,0.221,0.685952380952381,0.494703720955997,0.792190476190476,0.434672949093444,0.630006244406104,TRUE,0.579290391108953,1000
cylinder-bands,ce,0.146296296296296,0.841949230205279,0.38249323365579,0.922820309511667,0.702403568215238,0.0964645761996508,FALSE,0.950227355607785,1000
diabetes,ce,0.218814080656186,0.740207977207977,0.475427576830157,0.836205128205128,0.504407197386514,0.2353981572669,TRUE,0.881401426997036,1000
dilbert,ce,0.0176,0.982493265040165,0.277905648290012,0.999737057793221,0.978051147154762,0.0222852930892259,FALSE,0.945352123468183,1000
dna,ce,0.0386082687644171,0.955317108031122,0.274689676240829,0.996103653531966,0.937343896773006,0.0655417970847338,FALSE,0.907715206057765,1000
dresses-sales,ce,0.362,0.584154351395731,0.658337317941992,0.62183908045977,0.234154667609016,0.249078060034663,TRUE,0.307263880316168,1000
electricity,ce,0.0659868527548673,0.9319369642171,0.179074311562837,0.982141945081055,0.864859976245745,0.675034000072628,FALSE,0.913375634350814,1000
eucalyptus,ce,0.294927804516846,0.675847263847264,0.723044505171787,0.92594388944389,0.624535041238499,0.806079370900989,FALSE,0.63272173141595,1000
fabert,ce,0.288094409512912,0.686432934135219,0.940224592789105,0.948574731362193,0.654776087158158,0.161619051825255,FALSE,0.673033466679044,1000
first-order-theorem-proving,ce,0.358451536643026,0.522995099175776,1.16229129344498,0.871253557612669,0.512195717558601,0.677845322759822,TRUE,0.84500748317223,1000
guillermo,ce,0.15065,0.827441697213866,0.376899511136205,0.912284827017046,0.685091683247171,0.422928228741512,FALSE,0.981855900608934,1000
har,ce,0.0145644277128327,0.985513450777742,0.1345809208418,0.999764120887377,0.982502429588892,0.0224766368046403,FALSE,0.944936056272127,1000
higgs,ce,0.274023457419684,0.724683189365081,0.540536590484648,0.804295917680774,0.449777154120007,0.245439101941884,FALSE,0.834752323338762,1000
ilpd,ce,0.270952659263589,0.539402712304434,0.521850512490073,0.741865008198401,0.191821056805618,0.796305584954098,TRUE,0.212733918172307,1000
jannis,ce,0.27895814680183,0.531890963617717,0.713769150451028,0.857099765779762,0.556200568991759,0.277248707134277,FALSE,0.974034849437885,1000
jasmine,ce,0.17226437117012,0.827744966442953,0.388662425086587,0.887158806660361,0.673728664232467,0.302263343939558,FALSE,0.939347271039151,1000
jm1,ce,0.173266842894182,0.593378314089969,0.416078763657057,0.763819357394498,0.305336493957507,0.0930363659281284,TRUE,0.930565161746927,1000
jungle_chess_2pcs_raw_endgame_complete,ce,0.164238421114844,0.752003443956047,0.339278239516491,0.969179444253312,0.710222884219462,0.959641541820019,TRUE,0.105026916507632,1000
kc1,ce,0.130864364703227,0.643139361769411,0.379860065026806,0.829615547006218,0.395869004808291,0.797362090554088,TRUE,0.826057059364393,1000
kc2,ce,0.145573294629898,0.701203674374406,0.374795569393699,0.832124907612713,0.511091788421432,0.0315139701124281,TRUE,0.776258389162831,1000
kr-vs-kp,ce,0.00281641849529781,0.997164108315876,0.0202501605972119,0.999610211577293,0.994377169942378,0.837991141714156,FALSE,0.852254089200869,1000
madelon,ce,0.126153846153846,0.873846153846154,0.374444267690426,0.933491124260355,0.748180457959886,0.279164724517614,FALSE,0.992995425825939,1000
mfeat-factors,ce,0.0265,0.9735,0.236765338432844,0.99965,0.970695136265397,0.0294374395161867,FALSE,0.98282241912093,1000
mfeat-fourier,ce,0.152,0.848,0.456928217931366,0.987877777777778,0.831730798778768,0.29595830431208,FALSE,0.958495303872041,1000
mfeat-karhunen,ce,0.031,0.969,0.432127736989011,0.999683333333333,0.965707742559934,0.101394458673894,FALSE,0.905216719140299,1000
mfeat-morphological,ce,0.2815,0.7185,0.674610702814838,0.968572222222222,0.68842913187388,0.403143134433776,TRUE,0.862335414858535,1000
mfeat-pixel,ce,0.018,0.982,0.234625081290716,0.999861111111111,0.9800842577224,0.0297334517817944,FALSE,0.899293904588558,1000
mfeat-zernike,ce,0.213,0.787,0.711218425481083,0.976827777777778,0.763805431261238,0.189655910013244,FALSE,0.944716303306632,1000
mnist_784,ce,0.0250285714285714,0.97479483349231,0.197678258158098,0.999777317372344,0.97218668550314,0.0769789777696133,FALSE,0.997237062151544,1000
nomao,ce,0.0287538467004121,0.96335155490618,0.0804480266854126,0.995629507317209,0.929396298684074,0.0643962256144732,FALSE,0.968031727243215,1000
numerai28.6,ce,0.478934800664452,0.520449961148222,0.692197291807625,0.526191217867645,0.0411966467784357,0.879266047850251,TRUE,0.101700959098525,1000
optdigits,ce,0.0133451957295374,0.986665095340231,0.162771544933266,0.999890764380048,0.985201356964205,0.170134195592254,FALSE,0.965663684322499,1000
ozone-level-8hr,ce,0.0544629796769475,0.597893841080736,0.155341002553455,0.903918244512995,0.370850342919446,0.819419422186911,TRUE,0.964640916953795,1000
pc1,ce,0.0577067977067977,0.607884348661048,0.189168303279995,0.855589192361037,0.39876200943006,0.941765531465411,TRUE,0.613038067608513,1000
pc3,ce,0.0908459905275192,0.611627406281662,0.288531733891852,0.848247847011145,0.350695783869939,0.576598293147981,FALSE,0.711041704914533,1000
pc4,ce,0.0829806329711856,0.744661458333333,0.205607991157396,0.948040492238562,0.567937779085302,0.32122743036598,FALSE,0.958398968772963,1000
pendigits,ce,0.00618578873355943,0.993856702872851,0.072274014542467,0.999931208540436,0.993133930970197,0.129873137222603,FALSE,0.99079910882283,1000
phoneme,ce,0.083264873006093,0.895758396760544,0.223047211407096,0.967014772871901,0.798062951432311,0.00151127320714295,FALSE,0.805284834769554,1000
qsar-biodeg,ce,0.123207547169811,0.851911663216011,0.312547632976587,0.933194658056459,0.721314560612792,0.542636039899662,TRUE,0.935341606242582,1000
riccardo,ce,0.0038,0.997466666666667,0.11366083180423,0.997928866666667,0.989976011525228,0.00162262539379299,FALSE,0.386557594174519,1000
robert,ce,0.5156,0.485047700494152,1.64773075844337,0.910278792581167,0.427769544461376,0.0251978687010705,FALSE,0.924229974742047,1000
satimage,ce,0.0757387247278383,0.901540755103344,0.239738346017549,0.993665353334793,0.906701945983746,0.280699664726853,FALSE,0.99153586155735,1000
segment,ce,0.0554112554112554,0.944588744588745,0.172769401267037,0.996702960339324,0.935540001914355,0.208469322882593,FALSE,0.849531170120463,1000
semeion,ce,0.0464544025157233,0.95344362745098,0.56336011854173,0.999229983660131,0.948720367640298,0.0159198844339699,FALSE,0.842989954887889,1000
shuttle,ce,5.17241379310345e-05,0.982854009337887,0.000774272530060755,0.999998931110042,0.999854546970898,0.296582253649831,FALSE,0.859417711244896,1000
sick,ce,0.00874910530082944,0.950801400147384,0.028557161633466,0.997425346519467,0.923121116534933,0.700976142892614,FALSE,0.876933199330233,1000
spambase,ce,0.0430279166273696,0.952251475448555,0.147086370580811,0.988386287528934,0.909910471908999,0.0577074403408915,FALSE,0.974053227598779,1000
splice,ce,0.0385579937304075,0.954268886894125,0.331204701400502,0.996634697409327,0.937324069931477,0.0547737432643771,FALSE,0.781750312284567,1000
steel-plates-fault,ce,0.187541633624108,0.818986008535725,0.551534354772251,0.980454666359605,0.758221927529399,0.34919900726527,FALSE,0.90308041383978,1000
sylvine,ce,0.049181438840156,0.950816208657588,0.144464585236718,0.984430228504225,0.903016177484314,0.633654609555379,FALSE,0.964418013440445,1000
tic-tac-toe,ce,0.0157017543859649,0.977361853832442,0.156269322544449,0.999808261525529,0.965728904392745,0.36020414205268,FALSE,0.969654016522691,1000
vehicle,ce,0.23172268907563,0.77086038961039,0.483392969001769,0.93505324869303,0.693024188898181,0.78823093092069,FALSE,0.798867409559898,1000
volkert,ce,0.292539873092094,0.616160498848707,0.885039136716416,0.964492141373824,0.653775959679091,0.484399594599381,FALSE,0.989506272762083,1000
wall-robot-navigation,ce,0.00293141109654871,0.994574545327277,0.0162678035071981,0.999750414282765,0.995586849773852,0.633283854462206,FALSE,0.971068879263476,1000
wdbc,ce,0.0281015037593985,0.969859307359307,0.159819851908312,0.990381021095307,0.940979296754879,0.223287458065897,FALSE,0.939100372022949,1000
wilt,ce,0.0142583371832384,0.911125395871414,0.0541973814928102,0.989030359672147,0.855945716543211,0.748401284683496,TRUE,0.879970806068741,1000
APSFailure,bacc,0.00514473684210526,0.892760814507064,0.0241265282659716,0.989898153502848,0.846650022703414,0.435006494401023,FALSE,0.852979076677002,1000
Amazon_employee_access,bacc,0.0565168285415463,0.654838092876499,0.372480995268382,0.82821347631203,0.384905989887869,0.838194196810946,FALSE,0.844937347597443,1000
Australian,bacc,0.123188405797101,0.878079099734448,0.400356906010281,0.942029878252289,0.754990326006625,0.746365473838523,TRUE,0.474436716479249,1000
Bioresponse,bacc,0.183685815602837,0.81377757106022,0.436734216851428,0.881268130150525,0.629636489347778,0.233765267999843,FALSE,0.685894290101714,1000
CIFAR_10,bacc,0.49615,0.50385,1.56921006754954,0.918338327160494,0.449300334702282,0.058716923231259,FALSE,0.982025480130687,1000
Fashion-MNIST,bacc,0.106357142857143,0.893642857142857,0.334935854197469,0.995079115646259,0.882002751573749,0.078888196265325,FALSE,0.997495969082229,1000
GesturePhaseSegmentationProcessed,bacc,0.292413418981168,0.642635332371872,0.840962599801699,0.93930636160719,0.61495226079606,0.265688910614699,FALSE,0.996681665512733,1000
Internet-Advertisements,bacc,0.0204342880584769,0.945246171240621,0.123686175054477,0.98445575084798,0.913613743001654,0.12871603295207,FALSE,0.802836253074929,1000
KDDCup09_appetency,bacc,0.02658,0.522008035160692,0.245492753215537,0.730002356553393,0.0561365301507382,0.935933992965147,FALSE,0.997173618059605,1000
MiceProtein,bacc,0.00277777777777778,0.9975,0.215765438670124,0.99996336996337,0.996870193652882,0.164599231444299,FALSE,0.942434089817107,1000
PhishingWebsites,bacc,0.0257793360771767,0.97299417089078,0.0707999818836746,0.997478318445808,0.94782958278629,0.244991821004078,FALSE,0.903768914472312,1000
adult,bacc,0.133983093542971,0.782346254909788,0.296825111791981,0.917280475454316,0.611348166416463,0.162128897383809,FALSE,0.70556907588616,1000
analcatdata_authorship,bacc,0.00355742296918768,0.99421875,0.22079213284953,1,0.994902774139156,0.0366001252550632,FALSE,0.937109921476804,1000
analcatdata_dmft,bacc,0.741487341772152,0.257786172161172,1.77507956700203,0.610167480667481,0.108680160442265,0.391587799647823,FALSE,0.89990957507398,1000
balance-scale,bacc,0.0832309267793139,0.663218390804598,0.566026273917288,0.946896551724138,0.85523609904635,0.154618651838973,TRUE,0.254945930209942,1000
bank-marketing,bacc,0.0932737157308353,0.723458549560133,0.212361086380266,0.92753002301378,0.502860916523396,0.920133264735341,FALSE,0.607079965784214,1000
banknote-authentication,bacc,0.00436898339151592,0.995907942359625,0.0205194194741166,0.999849848167363,0.991251046020095,0.670192095916718,FALSE,0.991628404054791,1000
blood-transfusion-service-center,bacc,0.207225225225225,0.659631922944616,0.493488491974327,0.723371746359362,0.369650675092262,0.637630144599825,FALSE,0.986224734620191,1000
breast-w,bacc,0.0228985507246377,0.980519323671498,0.160102936806785,0.991855072463768,0.951123317333404,0.0296798518393189,TRUE,0.192841321718879,1000
car,bacc,0.0133015190213738,0.98407294459926,0.051410874300436,0.999658488773321,0.97151795165021,0.90336901997216,FALSE,0.495068067056127,1000
christine,bacc,0.261170376029084,0.738830804974716,0.537067193715084,0.813456087451403,0.478384628508205,0.107310439925641,FALSE,0.979495129408315,1000
churn,bacc,0.04,0.883266559295056,0.166696754767392,0.914447258440871,0.827657509745713,0.244452329119667,FALSE,0.961831910698675,1000
climate-model-simulation-crashes,bacc,0.0685185185185185,0.724397959183674,0.23444881987363,0.904688775510204,0.521503772882811,0.717850408982486,FALSE,0.971495879394934,1000
cmc,bacc,0.428364589078875,0.544471906616119,0.890037901360759,0.763357401604788,0.332093196515635,0.977176764514297,FALSE,0.512687181029469,1000
cnae-9,bacc,0.0453703703703704,0.95462962962963,0.652444393677005,0.99897762345679,0.949505092519215,0.00789191480726004,FALSE,0.963416040525772,1000
connect-4,bacc,0.184658845343602,0.626673222771128,0.485821669092125,0.887309937212687,0.609378374749424,0.444809031672776,FALSE,0.986536508519202,1000
credit-approval,bacc,0.117391304347826,0.883955639719646,0.377201837347762,0.935220422852002,0.765989345409131,0.816556674428284,FALSE,0.50573386491742,1000
credit-g,bacc,0.221,0.698333333333333,0.492395304546701,0.794809523809524,0.441924456019033,0.68965011741966,FALSE,0.404301828797907,1000
cylinder-bands,bacc,0.15,0.839433651026393,0.375635388942837,0.920698592694122,0.695193104584995,0.190206920728087,FALSE,0.976759676449001,1000
diabetes,bacc,0.220164046479836,0.750353276353276,0.494849591765279,0.824763532763533,0.509514916667466,0.46160578285344,FALSE,0.81931182295084,1000
dilbert,bacc,0.0176,0.982515191159053,0.287899527125387,0.99975324431947,0.978063039326475,0.018354520201683,FALSE,0.897988716745749,1000
dna,bacc,0.0395526507758128,0.955170762796001,0.24681924520246,0.995749134700024,0.935857172159861,0.084122939966619,FALSE,0.843295235116966,1000
dresses-sales,bacc,0.356,0.599835796387521,0.660076643719209,0.613464696223317,0.247773660720166,0.99026882997714,TRUE,0.150777834490873,1000
electricity,bacc,0.0656999695926249,0.932281706430812,0.180196602269308,0.982076140175277,0.86546071196708,0.714896501973271,FALSE,0.879965308168903,1000
eucalyptus,bacc,0.293613476490189,0.67788788988789,0.724248053436944,0.92700357723085,0.626155221635395,0.876583765493706,FALSE,0.609539525676519,1000
fabert,bacc,0.289308149205488,0.687166897867313,0.932902110245164,0.946285255336265,0.653411989036247,0.119816930964589,FALSE,0.973099004710093,1000
first-order-theorem-proving,bacc,0.365151952761465,0.522296595685062,1.32429624432052,0.866968294854827,0.505698218945298,0.922807414783165,FALSE,0.655117529816926,1000
guillermo,bacc,0.1502,0.827337573823484,0.374601293264238,0.913989821198012,0.686386966386124,0.224805482663214,FALSE,0.984262788412161,1000
har,bacc,0.0142731655769104,0.985773996727627,0.118814025083265,0.999764103000299,0.9828510579575,0.0295181898400188,FALSE,0.957521143998019,1000
higgs,bacc,0.273819479857216,0.724791920875194,0.541789826180543,0.80407551027114,0.450099808300196,0.185051472391933,FALSE,0.92913842080161,1000
ilpd,bacc,0.291262419637639,0.617072743731639,0.695537191686389,0.722153617544579,0.25141566903048,0.964120150078088,FALSE,0.998891328182071,1000
jannis,bacc,0.279316419926652,0.531616957201688,0.715726793522868,0.857074104468381,0.555685421901979,0.291258888551965,FALSE,0.987786852521822,1000
jasmine,bacc,0.171926556081794,0.828082774049217,0.390077166031591,0.886252300947405,0.675310384907201,0.299914857605472,FALSE,0.97788924141787,1000
jm1,bacc,0.202847407902555,0.616199284262246,0.609806009921809,0.731798473532339,0.270014319455049,0.858057946898043,FALSE,0.989081430761144,1000
jungle_chess_2pcs_raw_endgame_complete,bacc,0.167919868120851,0.756262158586881,0.323580233067112,0.971058698878291,0.704650208417808,0.910486784996465,TRUE,0.13753083688207,1000
kc1,bacc,0.131338298352516,0.65895737275143,0.410965691853815,0.828531609683236,0.408982691104804,0.864958157297224,TRUE,0.991810489376076,1000
kc2,bacc,0.1533381712627,0.751591173054588,0.381434801536643,0.828738253616302,0.525270076344971,0.876607529586181,TRUE,0.206097100418992,1000
kr-vs-kp,bacc,0.00281641849529781,0.997164108315876,0.019896308952322,0.99959839528051,0.994377169942378,0.750627404078841,FALSE,0.957401699572802,1000
madelon,bacc,0.125,0.875,0.37630099261709,0.933372781065089,0.750484051520502,0.268478308804333,FALSE,0.984688624087721,1000
mfeat-factors,bacc,0.0265,0.9735,0.204058649301254,0.999661111111111,0.970692005835673,0.0796857031527907,FALSE,0.99825110102538,1000
mfeat-fourier,bacc,0.1475,0.8525,0.464896539525426,0.987838888888889,0.836791849485111,0.339006446301937,FALSE,0.985417878581211,1000
mfeat-karhunen,bacc,0.031,0.969,0.438945282948353,0.999694444444444,0.965694278681961,0.0854773053433746,FALSE,0.952333276090212,1000
mfeat-morphological,bacc,0.2745,0.7255,0.663690201331291,0.969216666666667,0.70004786552826,0.231641083490104,FALSE,0.995312614692375,1000
mfeat-pixel,bacc,0.018,0.982,0.191276974440042,0.999838888888889,0.980086913963092,0.099555715918541,FALSE,0.968638899736106,1000
mfeat-zernike,bacc,0.214,0.786,0.731361737637996,0.976888888888889,0.762726251607124,0.148563864873722,FALSE,0.872221542545594,1000
mnist_784,bacc,0.0249142857142857,0.974894725116534,0.196813473824199,0.99978243674317,0.972313843133462,0.0755556467920542,FALSE,0.991428567119874,1000
nomao,bacc,0.0295371954483287,0.963016655502893,0.0924901840206817,0.994230282401306,0.927554574908955,0.412504479754716,FALSE,0.948925116308965,1000
numerai28.6,bacc,0.478602574750831,0.520791662657117,0.692050468735256,0.527033734916361,0.0418775967405504,0.27438676962629,TRUE,0.136807307437994,1000
optdigits,bacc,0.0129893238434164,0.987019105365294,0.175258212449557,0.999886077244508,0.985597485530487,0.138194870902225,FALSE,0.907142374431714,1000
ozone-level-8hr,bacc,0.0655037191497308,0.63571395330284,0.223676898061708,0.879309825195901,0.345290352842145,0.903297318611294,FALSE,0.991822658432648,1000
pc1,bacc,0.0622194922194922,0.664014323055585,0.294836685365595,0.861833191080764,0.422812022750898,0.691719090333208,FALSE,0.874547094246373,1000
pc3,bacc,0.120276008492569,0.647833713272543,0.551138425654499,0.816157706433637,0.318275503050426,0.958711249521002,FALSE,0.994379812385887,1000
pc4,bacc,0.087094945677846,0.757130821078431,0.233533559714794,0.939208026960784,0.563893143370119,0.76669675973244,FALSE,0.875567409070209,1000
pendigits,bacc,0.00654967325667963,0.993505825679868,0.071594412424829,0.999934051026123,0.992730252994365,0.168966822791845,FALSE,0.927676012343727,1000
phoneme,bacc,0.0832655576093654,0.89704877900426,0.241213029702124,0.967300777630402,0.798675165281801,0.376350299920887,FALSE,0.99018524128478,1000
qsar-biodeg,bacc,0.123207547169811,0.854014837819186,0.316475792123848,0.93138851095994,0.72194913769979,0.802171152783558,TRUE,0.722780316811986,1000
riccardo,bacc,0.00375,0.9975,0.125777737940495,0.999278466666667,0.990107415925592,0.00388964894227684,FALSE,0.61212552615907,1000
robert,bacc,0.5208,0.480026156177031,1.66371503626696,0.907820185681417,0.422064636592879,0.38143941317685,TRUE,0.849351698486134,1000
satimage,bacc,0.0741835147744946,0.902609320799894,0.229841593671894,0.993979721762784,0.908634038035298,0.185831018490717,FALSE,0.990507381712086,1000
segment,bacc,0.0562770562770563,0.943722943722944,0.173949827924222,0.996611132974769,0.934546070304662,0.211167397210374,FALSE,0.700579867255874,1000
semeion,bacc,0.0451926100628931,0.95469362745098,0.571665914506007,0.999196929466231,0.950136334349459,0.0178189792204648,FALSE,0.77872740845196,1000
shuttle,bacc,5.17241379310345e-05,0.982854009337887,0.000655917522113499,0.999998931110042,0.999854546970898,0.329430342186242,FALSE,0.915020151808858,1000
sick,bacc,0.0214769904425077,0.927851355863009,0.0703493361192222,0.985007400910828,0.822792721510447,0.988182614091784,TRUE,0.591419062204659,1000
spambase,bacc,0.0432462510610205,0.952453903082261,0.153799353792824,0.987532771936,0.909398319885999,0.0898546369280666,FALSE,0.995462679676712,1000
splice,bacc,0.0407523510971787,0.958682444519477,0.172912515589346,0.995609869148769,0.934490646058987,0.219224233413115,FALSE,0.979748060042039,1000
steel-plates-fault,bacc,0.187026169706582,0.821387639191628,0.563811275924676,0.980245512325393,0.758770186912019,0.334371395641938,FALSE,0.946199926780537,1000
sylvine,bacc,0.0495709216617934,0.950429383511673,0.141970771162498,0.985517435036745,0.902484399577546,0.530331942718476,FALSE,0.864406445459463,1000
tic-tac-toe,bacc,0.0157017543859649,0.977406417112299,0.162079015670773,0.999662295677476,0.965801093701613,0.399105149321258,FALSE,0.953332813852467,1000
vehicle,bacc,0.227002801120448,0.775400432900433,0.483139881643136,0.935157421216034,0.698449049821528,0.727069776039571,FALSE,0.875170238455758,1000
volkert,bacc,0.292557022809124,0.61687507397516,0.884632505877292,0.964694490722626,0.653761149447481,0.444847643142566,FALSE,0.998337781219743,1000
wall-robot-navigation,bacc,0.00329771146284908,0.995173369194173,0.01499419179601,0.999960059294544,0.995038500145517,0.64690896612592,TRUE,0.785029921960086,1000
wdbc,bacc,0.0281015037593985,0.969859307359307,0.161344155353359,0.989720676149248,0.940979296754879,0.221620551776141,FALSE,0.915957691357471,1000
wilt,bacc,0.0169442875964615,0.922331586494104,0.0663920797339684,0.987555920797323,0.835610295066357,0.841473837615922,FALSE,0.827210665727034,1000
APSFailure,logloss,0.00551315789473684,0.880073661651348,0.022315831208491,0.991702954935764,0.833921958726795,0.192984863417223,FALSE,0.876846417295747,1000
Amazon_employee_access,logloss,0.0533126597743626,0.573663014136271,0.164068025271326,0.850078136077685,0.304258067133275,0.211434379918501,FALSE,0.960127790155821,1000
Australian,logloss,0.142028985507246,0.85789517217361,0.313413693358946,0.941994979176643,0.716962968057147,0.437036251882091,TRUE,0.91404999261722,1000
Bioresponse,logloss,0.191149645390071,0.806576040002517,0.431056180034043,0.883857166334787,0.614716168911472,0.142440967261791,FALSE,0.900218555494212,1000
CIFAR_10,logloss,0.502933333333333,0.497066666666667,1.56326647381519,0.916224891975309,0.441710270827817,0.289098196430132,FALSE,0.963225734443404,1000
Fashion-MNIST,logloss,0.107957142857143,0.892042857142857,0.333151618659565,0.994933532879819,0.880217119587431,0.178464416181669,FALSE,0.994719930738211,1000
GesturePhaseSegmentationProcessed,logloss,0.300515404714733,0.634876396551061,0.838771543881065,0.93585377989771,0.603811525980188,0.5211660284549,FALSE,0.997445980878547,1000
Internet-Advertisements,logloss,0.0225675020511673,0.933974714770274,0.0805652333795408,0.985410371055607,0.904029705328217,0.0359365730546415,FALSE,0.942003044579178,1000
KDDCup09_appetency,logloss,0.0178,0.5,0.0769037724563929,0.814034419407019,0,0.306744375266135,FALSE,0.949238007934764,1000
MiceProtein,logloss,0.0148148148148148,0.985869130869131,0.175511265477216,0.999836659938701,0.983182370953767,0.524613501736894,FALSE,0.985095856129192,1000
PhishingWebsites,logloss,0.0269557248410562,0.971813612192799,0.0640697824233239,0.997512586326567,0.945446161620844,0.36362101091072,FALSE,0.993823526008055,1000
adult,logloss,0.133409725907167,0.778412725111433,0.292883097454127,0.91912607308169,0.610899264797413,0.215343510732055,FALSE,0.787242020200938,1000
analcatdata_authorship,logloss,0.0178151260504202,0.979344329801813,0.0989170974654282,0.999446134775749,0.974455316364213,0.525618017883971,FALSE,0.99811320216395,1000
analcatdata_dmft,logloss,0.779082278481013,0.21671398046398,1.7438422676886,0.628077672505557,0.0610751131946768,0.574364042375237,TRUE,0.208319973386824,1000
balance-scale,logloss,0.142396313364055,0.620402298850575,0.403399469820653,0.898873789706132,0.748899061882732,0.962850797222927,FALSE,0.379771164059639,1000
bank-marketing,logloss,0.0932516309705526,0.703787054744196,0.199694450068358,0.932410111412075,0.485624940609234,0.259643851779401,FALSE,0.880363284912892,1000
banknote-authentication,logloss,0.00582883740611446,0.994430375491635,0.0194861622237873,0.999871418486604,0.988317417694516,0.662222520681098,FALSE,0.920981035078876,1000
blood-transfusion-service-center,logloss,0.208558558558559,0.615961472308222,0.472473108809947,0.758479532163743,0.321911775748969,0.979348157765344,TRUE,0.11388136476744,1000
breast-w,logloss,0.0300414078674948,0.970102657004831,0.0898649383078593,0.994397987117552,0.934842794903083,0.164555405499414,FALSE,0.790465368027799,1000
car,logloss,0.014460949052292,0.979409207220212,0.0395825070533165,0.999499609906309,0.968857560924992,0.840901331044734,FALSE,0.750799901387654,1000
christine,logloss,0.263387126477549,0.736612682793495,0.534287608080271,0.815942676585437,0.474188838584061,0.163384763989598,FALSE,0.960548576782458,1000
churn,logloss,0.0412,0.879639213826898,0.161252235994365,0.917599417396666,0.822193723358969,0.316448760218918,FALSE,0.742803086945787,1000
climate-model-simulation-crashes,logloss,0.0666666666666667,0.671459183673469,0.166210560586632,0.920964285714286,0.484707826365939,0.436562076210976,FALSE,0.953297982225195,1000
cmc,logloss,0.439207574921861,0.529711730043798,0.883581040730598,0.766446368044389,0.313881572583734,0.785833752946928,TRUE,0.355119920824654,1000
cnae-9,logloss,0.0842592592592593,0.915740740740741,0.259521168965616,0.996180555555556,0.90601336512362,0.091851290082559,FALSE,0.993710988061503,1000
connect-4,logloss,0.178959963871246,0.621384489984712,0.468745978215557,0.895299200093386,0.618554722075957,0.325307894032449,FALSE,0.936871072230861,1000
credit-approval,logloss,0.131884057971015,0.870163466980105,0.316556321323927,0.939853003061832,0.738511193779245,0.913684011669829,FALSE,0.283129418292083,1000
credit-g,logloss,0.222,0.69,0.485002293527947,0.801476190476191,0.434733539215321,0.373488859273493,TRUE,0.916524000396021,1000
cylinder-bands,logloss,0.155555555555556,0.833424510710188,0.370549062567688,0.922587518328446,0.68406147236048,0.194151292089373,FALSE,0.995955712231807,1000
diabetes,logloss,0.233133971291866,0.728356125356125,0.470600412422164,0.839310541310541,0.475332299196216,0.442561120726168,FALSE,0.612941626599059,1000
dilbert,logloss,0.0281,0.971910564665525,0.2466688223395,0.999156817605242,0.964905407346655,0.377919388702139,FALSE,0.995936949341558,1000
dna,logloss,0.0505451390942608,0.94391694826698,0.162303235443869,0.994287846928217,0.918228465213991,0.355887847021222,FALSE,0.982440067920834,1000
dresses-sales,logloss,0.38,0.570607553366174,0.656192598919547,0.62824302134647,0.18514040691096,0.251881164964288,TRUE,0.592928063147701,1000
electricity,logloss,0.0658544608749026,0.932031553811499,0.176684410165649,0.982079659034367,0.86512873710294,0.676078529795632,FALSE,0.966243447992019,1000
eucalyptus,logloss,0.311347649018882,0.652927516927517,0.714354045441804,0.930840227112954,0.602717615403635,0.551621603081003,TRUE,0.800950698065572,1000
fabert,logloss,0.296105740306008,0.672213907775307,0.798384647650768,0.95110383259227,0.645350332462941,0.0843911045230925,TRUE,0.988666095724329,1000
first-order-theorem-proving,logloss,0.367604805151739,0.508082225018351,1.04274267435846,0.872084977967396,0.497278311338143,0.0321746952831745,FALSE,0.988999999943189,1000
guillermo,logloss,0.15375,0.822340062828054,0.370157811027609,0.914273858836438,0.679459420697952,0.214165985584259,FALSE,0.994565188442357,1000
har,logloss,0.0180595733439007,0.981769068662751,0.0830048047108059,0.999633781201561,0.978322095111471,0.200819062301889,FALSE,0.995894593908451,1000
higgs,logloss,0.275706272310046,0.723214126771922,0.538728581340142,0.803296652036306,0.446603572201729,0.292669430375099,FALSE,0.993796335323714,1000
ilpd,logloss,0.267475160724722,0.602120482339277,0.500114781277591,0.76460575083692,0.25764467405355,0.0172596697229892,FALSE,0.876599438441917,1000
jannis,logloss,0.280880925590464,0.529744175961042,0.709937736018735,0.856484325656219,0.553223848562519,0.268431698670611,FALSE,0.978779360977933,1000
jasmine,logloss,0.177960090682589,0.822049217002237,0.385070222960424,0.891545666111136,0.661139665896758,0.148648908361793,FALSE,0.989265502803028,1000
jm1,logloss,0.175012322422082,0.59193288586092,0.414769869399785,0.765660081111263,0.297918213591893,0.0705645107664168,TRUE,0.939847697480582,1000
jungle_chess_2pcs_raw_endgame_complete,logloss,0.178161105828257,0.748375567512354,0.294460855110612,0.968641772041597,0.687755284697203,0.886418600566685,TRUE,0.730417279596441,1000
kc1,logloss,0.137984653577071,0.625162844192664,0.321832366982165,0.840917677298691,0.351238223294148,0.0388740620110184,FALSE,0.947680154745467,1000
kc2,logloss,0.153156748911466,0.693028719248231,0.364216878029786,0.845419702248971,0.476370865890634,0.00489191990345717,FALSE,0.857678841636516,1000
kr-vs-kp,logloss,0.00344239811912226,0.996565305920666,0.0115041381020003,0.999889900281995,0.993127350173185,0.638173632090911,FALSE,0.990980215766467,1000
madelon,logloss,0.135,0.865,0.360444585143095,0.930698224852071,0.730396820869107,0.419387542875484,FALSE,0.993964636186138,1000
mfeat-factors,logloss,0.041,0.959,0.184488105517253,0.999483333333333,0.954627129394995,0.449591206386685,FALSE,0.892951006651856,1000
mfeat-fourier,logloss,0.155,0.845,0.450689077266699,0.9877,0.828462068370071,0.378039596602321,FALSE,0.972895795735531,1000
mfeat-karhunen,logloss,0.05,0.95,0.295545357003455,0.999194444444445,0.944674681152609,0.529551301384345,FALSE,0.995901435846463,1000
mfeat-morphological,logloss,0.295,0.705,0.64321939442116,0.968533333333333,0.673486740212847,0.235535346670076,TRUE,0.977727579441853,1000
mfeat-pixel,logloss,0.0265,0.9735,0.178496815969535,0.999738888888889,0.970681495819999,0.315425724023953,FALSE,0.996926351706497,1000
mfeat-zernike,logloss,0.2355,0.7645,0.615049706290814,0.976066666666667,0.738994604018418,0.811516114044935,FALSE,0.459324883506633,1000
mnist_784,logloss,0.0271428571428571,0.972627366290406,0.179260237263213,0.999720207441174,0.969838375674733,0.335388530045748,FALSE,0.996473934291862,1000
nomao,logloss,0.0293050590645411,0.962599904143339,0.0807960777618682,0.995604478884266,0.928037215077049,0.0676655860152096,FALSE,0.952542271092534,1000
numerai28.6,logloss,0.478799833887043,0.52039808916567,0.691737591600717,0.528912887252987,0.0413025569927862,0.00255779339931905,TRUE,0.124303699354641,1000
optdigits,logloss,0.0241992882562278,0.975794482287223,0.138695555871042,0.999757074093798,0.973162347245692,0.619146772427484,FALSE,0.996915672742762,1000
ozone-level-8hr,logloss,0.0580093990227506,0.59017236641492,0.146694464062321,0.921930291103783,0.327543199753384,0.131058331113309,FALSE,0.889370052888989,1000
pc1,logloss,0.0613267813267813,0.599285180838579,0.175514567515349,0.87918956043956,0.339886740742326,0.333115694345906,TRUE,0.393410141160712,1000
pc3,logloss,0.0946962273395394,0.567959093211753,0.242922049401529,0.859997783687943,0.27617542310221,0.0113250664435327,FALSE,0.819721005042084,1000
pc4,logloss,0.0898205007085498,0.707498468137255,0.182332649715715,0.950440410539216,0.515588355987973,0.403536507859826,FALSE,0.650031765643507,1000
pendigits,logloss,0.00864207130449169,0.991439895884091,0.059524425331597,0.999904301571615,0.990406284739919,0.466113737784326,FALSE,0.991889568232,1000
phoneme,logloss,0.0838204285616485,0.894262284177385,0.214549168501371,0.968437396750645,0.796328027913203,0.0346708246506751,FALSE,0.99937494492624,1000
qsar-biodeg,logloss,0.129829290206649,0.842824361628709,0.306773133119437,0.934695668605606,0.705618363606598,0.129502868512645,FALSE,0.851083284220658,1000
riccardo,logloss,0.0038,0.997466666666667,0.0624239593631213,0.997338933333333,0.989976011525228,0.000986394705250859,FALSE,0.959219194576144,1000
robert,logloss,0.5284,0.472408383384873,1.63360813878307,0.906620667198959,0.413408042641151,0.164229132933542,FALSE,0.950159817375243,1000
satimage,logloss,0.076049766718507,0.900642942306845,0.230819900273437,0.993980267578781,0.906331137971196,0.173307895194739,FALSE,0.939336514333263,1000
segment,logloss,0.0601731601731602,0.93982683982684,0.159378284089477,0.996786042240588,0.929948911090412,0.242368371691555,FALSE,0.987081225565635,1000
semeion,logloss,0.0652555031446541,0.934522058823529,0.401136773966213,0.998378165849673,0.927881346902244,0.284246852621436,FALSE,0.977684289845638,1000
shuttle,logloss,0.000137931034482759,0.981171904346683,0.000431883272928425,0.999998931110042,0.999612094172503,0.586466219741851,FALSE,0.969964506314136,1000
sick,logloss,0.0103413189620086,0.94792127241464,0.0257661769483216,0.99792054010792,0.910050545660341,0.620034022256732,FALSE,0.951983371865936,1000
spambase,logloss,0.0456366122795435,0.950386646994671,0.138685667467462,0.987695330563816,0.904392549964825,0.144050212809816,FALSE,0.973191613005474,1000
splice,logloss,0.0454545454545455,0.954716400347345,0.144696412470305,0.994484067418087,0.927054689662192,0.488171772100031,FALSE,0.913655292778276,1000
steel-plates-fault,logloss,0.195270948982289,0.807806501249125,0.520421537389036,0.980519755788029,0.747857186133573,0.36663186759688,FALSE,0.913874320709147,1000
sylvine,logloss,0.0497662341617934,0.950231791099222,0.138810769847479,0.986827903777245,0.901986683011988,0.404651457443833,FALSE,0.99508155642543,1000
tic-tac-toe,logloss,0.0261293859649123,0.965147065668887,0.135309381878581,0.998553530242335,0.942894223536065,0.599205751204863,FALSE,0.982391667040065,1000
vehicle,logloss,0.244747899159664,0.757813852813853,0.47438939668301,0.936547681515214,0.675034343084366,0.526082277763635,FALSE,0.817819417337887,1000
volkert,logloss,0.292351226204768,0.616051171358515,0.883836545252996,0.964908767202494,0.654010518042426,0.41392312082462,FALSE,0.99790521718096,1000
wall-robot-navigation,logloss,0.00293141109654871,0.994574545327277,0.0107757001862111,0.999951953111911,0.995586849773852,0.627674063900486,FALSE,0.94347596205771,1000
wdbc,logloss,0.0298558897243108,0.966525974025974,0.105693070759089,0.993488455988456,0.936803748076341,0.139636937528849,FALSE,0.950910097034648,1000
wilt,logloss,0.0161178413154698,0.895631610181122,0.0443567311456534,0.992427348358378,0.835413354384102,0.637537588598207,TRUE,0.925839373073541,1000
APSFailure,auc,0.00596052631578947,0.869129690032872,0.0224517785498418,0.991711885299015,0.819164760760632,0.11833476042375,FALSE,0.963626203546301,1000
Amazon_employee_access,auc,0.052275097499388,0.5982135510283,0.167768785294025,0.85063551047475,0.346364869700013,0.229311460861936,FALSE,0.966841993830167,1000
Australian,auc,0.133333333333333,0.866140786208698,0.318025984074917,0.945269325091057,0.732544518765934,0.389039400033653,FALSE,0.177961081778631,1000
Bioresponse,auc,0.187151063829787,0.810351668910787,0.432840847158746,0.884649152445533,0.622614586261013,0.080763247795403,FALSE,0.994695975049399,1000
CIFAR_10,auc,0.501466666666667,0.498533333333333,1.58191056751797,0.917426453703704,0.443424664843813,0.0343092542607337,FALSE,0.951916876342148,1000
Fashion-MNIST,auc,0.107528571428571,0.892471428571429,0.344465219350201,0.995052455782313,0.880717402574972,0.0447758068330586,FALSE,0.938222163147293,1000
GesturePhaseSegmentationProcessed,auc,0.293729516097937,0.63815736941478,0.853631691579616,0.940523614195182,0.613318089940719,0.125849100295454,FALSE,0.988804783951491,1000
Internet-Advertisements,auc,0.0222626240023868,0.935061671292014,0.0818350354952231,0.985597269332237,0.905415568238756,0.0627297204919159,TRUE,0.899833928816952,1000
KDDCup09_appetency,auc,0.0178,0.5,0.0775864954735803,0.817163602003299,0,0.233925294131041,FALSE,0.987533392151818,1000
MiceProtein,auc,0.00555555555555555,0.995,0.331762950812957,1,0.993757588878739,0.0205701270606369,FALSE,0.927089177910239,1000
PhishingWebsites,auc,0.0267745657172314,0.972122075150575,0.0718029225438086,0.997558862370151,0.945791435241782,0.228667184710503,FALSE,0.965566185396165,1000
adult,auc,0.134494855886872,0.77529520413807,0.29650777599997,0.919643863337549,0.606963337605338,0.0763109168037772,FALSE,0.897048090770841,1000
analcatdata_authorship,auc,0.0487114845938375,0.844778249661934,0.521362520828882,1,0.930226392971481,0.015690466510132,TRUE,0.259051164767519,1000
analcatdata_dmft,auc,0.766487341772152,0.225028235653236,1.74764296046816,0.631727264722457,0.0735688835650196,0.0730852936394513,FALSE,0.506849780166522,1000
balance-scale,auc,0.0879928315412186,0.659729064039409,0.654008149988611,0.97597984259102,0.847101558173135,0.159597797086462,TRUE,0.101436065812595,1000
bank-marketing,auc,0.0936055202998323,0.701864438571969,0.19987836692271,0.932395964283397,0.482664323796856,0.254351841518655,FALSE,0.848174451594241,1000
banknote-authentication,auc,0.00727282344229345,0.993140218280425,0.0361218415091108,1,0.985514679351421,0.00100984214805067,FALSE,0.84661132178735,1000
blood-transfusion-service-center,auc,0.237945945945946,0.5,0.50526107365942,0.765778007109276,0,0.464521413901821,FALSE,0.248483632062562,1000
breast-w,auc,0.0300414078674948,0.970102657004831,0.0907961537284104,0.994354388083736,0.934842794903083,0.136240236228332,FALSE,0.905107387690805,1000
car,auc,0.0179392391450464,0.973645712341885,0.0872816936185332,0.999938379005365,0.961775999234577,0.408492957707495,TRUE,0.751390666305088,1000
christine,auc,0.263019486941635,0.736981003143365,0.535270216516651,0.815377866939801,0.474723171682783,0.112004496855661,FALSE,0.979008608753793,1000
churn,auc,0.049,0.861568523735245,0.175256439509752,0.918151328418279,0.787357737702038,0.660285692894831,FALSE,0.967264508176595,1000
climate-model-simulation-crashes,auc,0.0703703703703704,0.585,0.179824431399891,0.93280612244898,0.330525280300725,0.20047939918004,FALSE,0.795364581001923,1000
cmc,auc,0.440554329840044,0.524812807545255,0.887495263355566,0.768519964217494,0.310156590413117,0.57666304288432,TRUE,0.216990761156194,1000
cnae-9,auc,0.05,0.95,1.38259753186051,0.999440586419753,0.944554010451938,0.00139777967706323,FALSE,0.958714391943067,1000
connect-4,auc,0.181254332579994,0.593486839640979,0.492813410902705,0.900451333465872,0.608728107453443,0.167183125624433,FALSE,0.973394972644746,1000
credit-approval,auc,0.128985507246377,0.872775020678246,0.31769402735701,0.940953666216824,0.744104162122907,0.773796360706911,TRUE,0.926266212482005,1000
credit-g,auc,0.252,0.605714285714286,0.503422373273744,0.80652380952381,0.317487868291708,0.0826065521687269,TRUE,0.279277377435938,1000
cylinder-bands,auc,0.146296296296296,0.839654787708785,0.3787514442743,0.929566771324748,0.703989747067993,0.100440816488117,FALSE,0.906480986322276,1000
diabetes,auc,0.225341763499658,0.73868660968661,0.471487518757613,0.840150997150997,0.494882359472335,0.269306285073981,FALSE,0.668089440907352,1000
dilbert,auc,0.017,0.983100954165299,0.285140513572407,0.999780080403799,0.978807029771376,0.0154257835820317,FALSE,0.985865767044015,1000
dna,auc,0.0508536897931823,0.935782043645075,0.368305905547595,0.996344689698481,0.91735197446479,0.0357110304757953,FALSE,0.783713585138321,1000
dresses-sales,auc,0.408,0.514285714285714,0.668443480991346,0.645812807881773,0.0682283761624829,0.234853970818222,TRUE,0.113708660053089,1000
electricity,auc,0.0663179152423152,0.931567569151978,0.177685714335753,0.982429962520855,0.864180684686005,0.597731923917308,FALSE,0.973114501591772,1000
eucalyptus,auc,0.309922251018141,0.648225108225108,0.770839285497954,0.933194517603608,0.605882828163239,0.164218646707013,TRUE,0.512361079314724,1000
fabert,auc,0.300477326617042,0.662445387161078,0.85494881094945,0.953238722510851,0.641219254074474,0.0147285861894488,FALSE,0.994146452657878,1000
first-order-theorem-proving,auc,0.368258667351283,0.506491463985729,1.16339760693348,0.872416750436738,0.496194777802375,0.675132602453232,FALSE,0.35540601843968,1000
guillermo,auc,0.15525,0.819238784479159,0.373119592188449,0.915325250784602,0.677272817847468,0.103885432006791,FALSE,0.964289775979705,1000
har,auc,0.0146614207402795,0.985381233112453,0.119742662128088,0.99976054193404,0.982381191326369,0.02876450214535,FALSE,0.984202590002678,1000
higgs,auc,0.273972463029067,0.724684593835544,0.542060046151834,0.804397873639716,0.449832762699458,0.2020059148781,FALSE,0.843294489756227,1000
ilpd,auc,0.282904734073641,0.58769193653071,0.499092155831763,0.766337663114026,0.21885006557602,0.0385087626054883,FALSE,0.946416677976958,1000
jannis,auc,0.279841927110498,0.531193581300785,0.714936061236947,0.857889935600892,0.554881336327333,0.265028161695227,FALSE,0.969094308023341,1000
jasmine,auc,0.178291171915333,0.821711409395973,0.385703029584366,0.892232737264087,0.662766350695066,0.132209877949208,FALSE,0.999330967804417,1000
jm1,auc,0.177860152325393,0.582953265322093,0.417050102414955,0.766194441005839,0.27750648575636,0.179372460348532,TRUE,0.421646760450676,1000
jungle_chess_2pcs_raw_endgame_complete,auc,0.170307205165227,0.752395412180837,0.314219839503493,0.970953282317843,0.700384404386403,0.520054686581716,TRUE,0.391729498328641,1000
kc1,auc,0.135610471676822,0.644135674228634,0.329322835689897,0.841178746340754,0.381329514446167,0.0924252660479397,FALSE,0.697988675860688,1000
kc2,auc,0.204970972423803,0.5,0.399560981731308,0.852882747333967,0,0.406562655465677,FALSE,0.331343367323279,1000
kr-vs-kp,auc,0.00375489811912226,0.996268054705862,0.0130746093706423,0.999874271065712,0.99251991254405,0.718022071057931,FALSE,0.935663837613538,1000
madelon,auc,0.130769230769231,0.869230769230769,0.373668634204018,0.934781065088757,0.738898285278089,0.284302457701415,FALSE,0.975361845316365,1000
mfeat-factors,auc,0.0305,0.9695,0.251360285920323,0.999683333333333,0.966266205835341,0.0367758003994823,FALSE,0.996297718398273,1000
mfeat-fourier,auc,0.151,0.849,0.480417220605903,0.988388888888889,0.832731593041185,0.200605607591569,FALSE,0.972400875366293,1000
mfeat-karhunen,auc,0.0335,0.9665,0.481970408608198,0.999722222222222,0.962905514685282,0.0720321969129145,FALSE,0.877590575441718,1000
mfeat-morphological,auc,0.289,0.711,0.673200266543536,0.969622222222222,0.683580725640738,0.198353163199499,FALSE,0.887493173149414,1000
mfeat-pixel,auc,0.018,0.982,0.221069628281689,0.999888888888889,0.980089814008185,0.0361895803362131,FALSE,0.99232024110388,1000
mfeat-zernike,auc,0.2195,0.7805,0.740016466812549,0.9781,0.756522682531995,0.0498216883279383,FALSE,0.78578352839686,1000
mnist_784,auc,0.0299,0.969864015670518,0.199252394675243,0.999663511028754,0.966774755666986,0.254449377767742,FALSE,0.992924063559622,1000
nomao,auc,0.0288118429123477,0.963067204269212,0.0817008805430297,0.995729292465329,0.929228047629906,0.0432908746879548,FALSE,0.99839045770932,1000
numerai28.6,auc,0.4796926910299,0.519344127683772,0.691705127747824,0.52918828021777,0.039386377114886,0.0427447233814746,TRUE,0.122508971486241,1000
optdigits,auc,0.0154804270462633,0.984531408851282,0.188362340630003,0.999895765570838,0.982832909597576,0.101286768680438,FALSE,0.937199776736088,1000
ozone-level-8hr,auc,0.0572235535775419,0.561448693401411,0.148786571600281,0.923453621955111,0.277371465618909,0.0287118095438927,FALSE,0.537609983049333,1000
pc1,auc,0.0667403767403767,0.590617331697429,0.175314908219429,0.879108876560333,0.292882832455492,0.178528992459178,TRUE,0.806362136686221,1000
pc3,auc,0.0991629919973869,0.537777988855117,0.245864099884079,0.860971377912867,0.184540907747897,0.0193370552733541,TRUE,0.956878137611784,1000
pc4,auc,0.0925743977326405,0.688735702614379,0.185429716417997,0.951348039215686,0.492918690522973,0.328771678730845,TRUE,0.920250554312952,1000
pendigits,auc,0.00727735958309207,0.992763942259258,0.082159255521765,0.999937179421763,0.991923805209822,0.0921018563676625,FALSE,0.969205009075813,1000
phoneme,auc,0.0841928527418361,0.894553907516306,0.218990080400175,0.968621606764018,0.795807899685216,0.0521732168272138,FALSE,0.995059309597127,1000
qsar-biodeg,auc,0.134564240790656,0.837943409247757,0.310923450735008,0.935779010154786,0.694300696710325,0.0701648639515042,FALSE,0.956466816458851,1000
riccardo,auc,0.0167,0.9678,0.161748435100749,0.999765333333333,0.955347534520806,0.00744775449857116,FALSE,0.764195746090263,1000
robert,auc,0.5192,0.481372799431862,1.649993963029,0.911031049274851,0.423774701157049,0.0139015347231179,FALSE,0.950922288512811,1000
satimage,auc,0.0777604976671851,0.898266070972047,0.235961062974638,0.994069756716874,0.904213298809682,0.0801486030686647,FALSE,0.99607149460353,1000
segment,auc,0.0597402597402597,0.94025974025974,0.16988950518123,0.997179588088679,0.930535539435103,0.0780812327284366,FALSE,0.899046325590462,1000
semeion,auc,0.0489465408805032,0.950980392156863,0.477564067862336,0.999277471405229,0.946017502368143,0.0316156533081085,FALSE,0.99978745484259,1000
shuttle,auc,0.000206896551724138,0.895459051354694,0.00143874291735588,1,0.999418087029585,0.275951475603506,TRUE,0.920828512520529,1000
sick,auc,0.0116668771841186,0.926888356669123,0.0290270249888131,0.998036838487735,0.895201762921151,0.409587043337524,FALSE,0.987541482993402,1000
spambase,auc,0.043898424974064,0.951434562307635,0.143834899957957,0.98871759605913,0.908144086970737,0.0737863564863801,FALSE,0.909093558066525,1000
splice,auc,0.0473354231974922,0.939556338820765,0.394905988386874,0.996827213871866,0.923017819210552,0.0489143626764417,FALSE,0.978000486874953,1000
steel-plates-fault,auc,0.199389373513085,0.813369808661642,0.555715075436964,0.981142824060661,0.743128534847785,0.149194014724344,FALSE,0.962089896877296,1000
sylvine,auc,0.0515210008528265,0.948475498540856,0.140416359261518,0.987281039345589,0.898388573184621,0.315306330565363,FALSE,0.999999086372554,1000
tic-tac-toe,auc,0.0292763157894737,0.957843137254902,0.170515240294079,1,0.936481971807508,0.550640962552279,FALSE,0.681659758696333,1000
vehicle,auc,0.249397759103641,0.753501082251082,0.488480661356461,0.938490763590729,0.669968341512859,0.637059005210176,TRUE,0.780476485122927,1000
volkert,auc,0.293723203567141,0.613256526647705,0.892110204931751,0.964853477834685,0.652315995428676,0.324378345161676,FALSE,0.968974496680312,1000
wall-robot-navigation,auc,0.00329771146284908,0.993890901661705,0.0148388913129351,0.999978491897071,0.995035895394916,0.445369138149545,FALSE,0.704730389150791,1000
wdbc,auc,0.0404135338345865,0.95245670995671,0.138197570047664,0.993745619459905,0.914419958075436,0.0154542557429522,TRUE,0.707918614707887,1000
wilt,auc,0.0179782009821536,0.878394904059959,0.0470811904065611,0.993249700414091,0.814086778463706,0.66376981837675,FALSE,0.450306886504404,1000
APSFailure,mcc,0.00522368421052632,0.891643175687985,0.0237932721342652,0.990053923550346,0.844340817451067,0.289446100825444,FALSE,0.886324017099105,1000
Amazon_employee_access,mcc,0.0519393966830647,0.647365323684978,0.260928388124185,0.837947458477927,0.405827145847861,0.651485361624509,FALSE,0.967917956109159,1000
Australian,mcc,0.126086956521739,0.875953375995821,0.322565828212955,0.939187236080275,0.750099546351689,0.938791681546718,TRUE,0.430905875260942,1000
Bioresponse,mcc,0.184220567375887,0.813415944396583,0.435275778427982,0.88420924348533,0.628583332351014,0.0613287705928087,FALSE,0.840944368811324,1000
CIFAR_10,mcc,0.497083333333333,0.502916666666667,1.56341733905598,0.917589290123457,0.448228564722599,0.125464360695332,FALSE,0.982154617807828,1000
Fashion-MNIST,mcc,0.106457142857143,0.893542857142857,0.333608950318572,0.995040764172336,0.881889620194342,0.124208152061328,FALSE,0.981511235702783,1000
GesturePhaseSegmentationProcessed,mcc,0.292007842847708,0.64097233304825,0.855170736224326,0.940422424098259,0.615722975909865,0.152253934647888,FALSE,0.970499149570242,1000
Internet-Advertisements,mcc,0.0213479898560453,0.940165998561003,0.1242338651253,0.982831997122006,0.909545416382067,0.141752708237618,TRUE,0.963709591538645,1000
KDDCup09_appetency,mcc,0.0178,0.5,0.0860995283750816,0.613845323156683,0,0.699292789783329,FALSE,0.553895182280429,1000
MiceProtein,mcc,0.00277777777777778,0.9975,0.212962969072957,0.999981684981685,0.996870193652882,0.150891857920215,FALSE,0.945038857799955,1000
PhishingWebsites,mcc,0.0258697519903775,0.972975771396257,0.0681236731134935,0.997560209612741,0.947644613094231,0.238730018259957,FALSE,0.997675033565611,1000
adult,mcc,0.13289787554373,0.780479138546401,0.295128468535576,0.918212137764774,0.613029404544051,0.304084518691525,FALSE,0.534943148330785,1000
analcatdata_authorship,mcc,0.00355742296918768,0.99421875,0.187928153004253,1,0.994902774139156,0.0568308099173009,FALSE,0.929770505987108,1000
analcatdata_dmft,mcc,0.741424050632911,0.256989468864469,1.76830535688859,0.611105203735011,0.108612977309393,0.302456296049058,FALSE,0.983053771383129,1000
balance-scale,mcc,0.0832309267793139,0.663218390804598,0.604043607077428,0.966313628899836,0.855520534368697,0.0225139553658664,FALSE,0.109515773504972,1000
bank-marketing,mcc,0.0923890290932844,0.721744069203119,0.204301558772986,0.928798360766947,0.504347661219753,0.949812124250457,TRUE,0.768862255848944,1000
banknote-authentication,mcc,0.00436898339151592,0.995907942359625,0.0206119385483502,0.999871418486604,0.991251046020095,0.603424168657512,FALSE,0.933079720963724,1000
blood-transfusion-service-center,mcc,0.208540540540541,0.670485036119711,0.473066502550143,0.749670335970646,0.380213755295163,0.618727011373267,FALSE,0.995062428712845,1000
breast-w,mcc,0.0228985507246377,0.979522946859903,0.155182230231089,0.99157962962963,0.950824762739426,0.0329322561156005,FALSE,0.113765566051006,1000
car,mcc,0.0127234843392929,0.981817305501516,0.0525201660919819,0.999531250248954,0.972792945875526,0.920222554123029,TRUE,0.787306455452927,1000
christine,mcc,0.260989284569371,0.739010523438568,0.535518265016905,0.814554542900903,0.478777639736817,0.181959589710459,FALSE,0.963586100540124,1000
churn,mcc,0.04,0.880317309614722,0.172485857836306,0.915914071952722,0.827708293011527,0.214014824479818,FALSE,0.827761434717104,1000
climate-model-simulation-crashes,mcc,0.0648148148148148,0.701959183673469,0.238203872929931,0.89369387755102,0.532416941903607,0.940700468141586,FALSE,0.808074952615425,1000
cmc,mcc,0.434482441625299,0.539278470492892,0.899600261880313,0.753960630979085,0.324075240044351,0.752822786103934,FALSE,0.859744108421728,1000
cnae-9,mcc,0.0472222222222222,0.952777777777778,0.521298798281706,0.998804012345679,0.947437039184107,0.0128828298766166,FALSE,0.883441357174888,1000
connect-4,mcc,0.177405713111223,0.619198977421136,0.469428882087455,0.897074441516361,0.621138391144265,0.266623779432848,FALSE,0.998049732297659,1000
credit-approval,mcc,0.115942028985507,0.881161029123678,0.346371386911718,0.936119600075457,0.76557707424904,0.106053329305723,TRUE,0.992215146915987,1000
credit-g,mcc,0.223,0.695,0.494940919798247,0.7915,0.43517842596512,0.491707881679758,FALSE,0.607239346625283,1000
cylinder-bands,mcc,0.15,0.837090797526457,0.378479631467937,0.925747681053168,0.696561117513632,0.0989988828077912,FALSE,0.939107775967568,1000
diabetes,mcc,0.216267942583732,0.742917378917379,0.481942110977142,0.833940170940171,0.511933030832189,0.694617432774976,TRUE,0.945704218931496,1000
dilbert,mcc,0.0171,0.982991407619481,0.276073493299107,0.999756423133033,0.978677817783831,0.020260410849005,FALSE,0.957765212235972,1000
dna,mcc,0.0392371995820272,0.953049765706709,0.290805547539798,0.995928778807519,0.93629486393276,0.0548801163677126,FALSE,0.944109099172056,1000
dresses-sales,mcc,0.364,0.580459770114943,0.660574689058,0.61576354679803,0.234892353878905,0.429399349080399,TRUE,0.337870772388019,1000
electricity,mcc,0.0656558487056802,0.932333647100717,0.17992523449677,0.982071579368152,0.865558309779502,0.672200367087498,FALSE,0.952550483262166,1000
eucalyptus,mcc,0.293594964827842,0.676480186480187,0.807263424173558,0.923930700612519,0.626351062239506,0.824686911888421,FALSE,0.67536698768381,1000
fabert,mcc,0.287123388266937,0.686894157516831,0.860509732359116,0.948506982069747,0.655929043446356,0.0813679159618914,FALSE,0.836349635384977,1000
first-order-theorem-proving,mcc,0.359594525207792,0.521262711479712,1.11073826964546,0.870575282628801,0.510626358204423,0.565350032877177,TRUE,0.999317725026049,1000
guillermo,mcc,0.15055,0.82679688741346,0.374208767166221,0.913718253222912,0.685715419258573,0.20997848873958,FALSE,0.985146709554829,1000
har,mcc,0.0142731655769104,0.985856464307797,0.128943579659971,0.999765259000506,0.982852724073964,0.0243544362019748,FALSE,0.944833424477838,1000
higgs,mcc,0.273778684344722,0.724828052251039,0.541474679715199,0.804367959364801,0.450179999392999,0.19354926655069,FALSE,0.930789528321475,1000
ilpd,mcc,0.267592051431911,0.604460869713739,0.532969259269123,0.726299361207898,0.26946731703266,0.905278456863016,FALSE,0.942183406162076,1000
jannis,mcc,0.27968666472644,0.531352010993067,0.714342962259141,0.857482809626043,0.555213957108221,0.311286974698305,FALSE,0.981833620043471,1000
jasmine,mcc,0.172599941639918,0.82741163310962,0.388164680385888,0.887645631578157,0.674254940514551,0.251892916625366,FALSE,0.970519327325746,1000
jm1,mcc,0.17400078660941,0.601402689556781,0.419355303701201,0.761600598423003,0.311241947270859,0.0495036693755537,FALSE,0.978549450822175,1000
jungle_chess_2pcs_raw_endgame_complete,mcc,0.164193693616988,0.750896592928161,0.33939718425419,0.969074341095525,0.710163631722227,0.995720653561875,TRUE,0.110338270803913,1000
kc1,mcc,0.130866621530129,0.651925883497583,0.379624008930041,0.831653273503822,0.403795499491127,0.930389183573425,TRUE,0.590429998049513,1000
kc2,mcc,0.145537010159652,0.715445570689473,0.517132170184716,0.827047302291205,0.520292446289347,0.560840091668069,TRUE,0.421527532697655,1000
kr-vs-kp,mcc,0.00281641849529781,0.997164108315876,0.0291380712199514,0.999291220268752,0.994377169942378,0.883321217028424,FALSE,0.925791342253797,1000
madelon,mcc,0.126538461538462,0.873461538461539,0.378340128507992,0.933988165680473,0.747438776640497,0.25063799507916,FALSE,0.998112781182863,1000
mfeat-factors,mcc,0.027,0.973,0.216121427151965,0.999638888888889,0.970142263787865,0.0586936001200229,FALSE,0.877134833554737,1000
mfeat-fourier,mcc,0.1505,0.8495,0.46997107624215,0.987755555555556,0.833399186929205,0.301933905575424,FALSE,0.962259705015458,1000
mfeat-karhunen,mcc,0.0315,0.9685,0.453712837959306,0.999694444444444,0.965151893528593,0.0829396012704819,FALSE,0.997835503634997,1000
mfeat-morphological,mcc,0.278,0.722,0.660961991040177,0.969438888888889,0.69544563112969,0.310615814523771,FALSE,0.954856145964004,1000
mfeat-pixel,mcc,0.0185,0.9815,0.262944441485376,0.999872222222222,0.979531464210409,0.0194876028690487,FALSE,0.881680157338269,1000
mfeat-zernike,mcc,0.2125,0.7875,0.983857829384589,0.977416666666667,0.764419118047426,0.0478073453996331,FALSE,0.95881260689348,1000
mnist_784,mcc,0.025,0.974819601176006,0.200347910548503,0.999781717850395,0.972218288283908,0.0654773558489978,FALSE,0.988812270248309,1000
nomao,mcc,0.0287247686170871,0.963402376159821,0.0811026840495047,0.995484772527318,0.929468011063231,0.0771100409328938,FALSE,0.986891861399636,1000
numerai28.6,mcc,0.479246262458472,0.520186520169245,0.692202471354466,0.526771690281093,0.040616454364431,0.46772027015686,TRUE,0.130904642562382,1000
optdigits,mcc,0.0131672597864769,0.986843666768803,0.160046401254523,0.999890789049074,0.985399119154811,0.183426352916285,FALSE,0.959880369785242,1000
ozone-level-8hr,mcc,0.0552457128629672,0.62370348455838,0.169365927382347,0.901212747757331,0.391344470155989,0.537235280498862,FALSE,0.922258102893829,1000
pc1,mcc,0.0558968058968059,0.633699189160354,0.18355154492894,0.862656033287101,0.434467358573627,0.281031034886837,FALSE,0.948729258263484,1000
pc3,mcc,0.0921239588437041,0.63029571935157,0.326772366602652,0.845954122340426,0.370981455096807,0.311040290864185,FALSE,0.972453447710723,1000
pc4,mcc,0.0857203589985829,0.762686376633987,0.210916144085349,0.944711243872549,0.571868004735902,0.549443916417658,FALSE,0.968837230862118,1000
pendigits,mcc,0.00627669782446853,0.993768983574605,0.0669784969901096,0.999918094663633,0.9930322390532,0.213866287376732,FALSE,0.987942803488113,1000
phoneme,mcc,0.0827113712603546,0.897073611361541,0.232750979146774,0.966714632303036,0.799637329810464,0.267943680752069,FALSE,0.780806425120682,1000
qsar-biodeg,mcc,0.12607367475292,0.849768806073154,0.342631888258379,0.931116796477045,0.715999610942009,0.882586577907205,TRUE,0.910395428771153,1000
riccardo,mcc,0.0038,0.997466666666667,0.115352276550898,0.997503066666667,0.989976011525228,0.000981119927018881,TRUE,0.532781924679875,1000
robert,mcc,0.5161,0.484599477541411,1.64464816656684,0.910319110102395,0.427300429876123,0.0247146480251104,FALSE,0.956808194820769,1000
satimage,mcc,0.0746500777604977,0.902500066038155,0.238191886893942,0.993829243976119,0.908059547245673,0.255811484064907,FALSE,0.961679508630186,1000
segment,mcc,0.0554112554112554,0.944588744588745,0.167768340920395,0.996720451265906,0.935521896075463,0.225393096916378,FALSE,0.991129309078678,1000
semeion,mcc,0.0451926100628931,0.954730392156863,0.522199587977573,0.99917956835512,0.950097729378729,0.0288192597217858,FALSE,0.928013076959178,1000
shuttle,mcc,5.17241379310345e-05,0.982854009337887,0.000867400363120207,0.999998931110042,0.999854546970898,0.325184921501204,FALSE,0.942646726965904,1000
sick,mcc,0.00848385331143952,0.952975313190862,0.0289951668395238,0.997211252036908,0.925605131446462,0.720300053246319,FALSE,0.857805235707201,1000
spambase,mcc,0.0434650570593228,0.951308700298384,0.159659132969176,0.988108856472708,0.909029547800441,0.0361527071800083,FALSE,0.866489362227731,1000
splice,mcc,0.0363636363636364,0.958004439722892,0.274813513659336,0.996229494917885,0.940949333080754,0.0752922522369772,FALSE,0.985181566118263,1000
steel-plates-fault,mcc,0.188054454136928,0.815553889829308,0.53248430023118,0.980811891168769,0.757245798278127,0.366703805048019,FALSE,0.822653270955198,1000
sylvine,mcc,0.0491799159356725,0.950817728599222,0.142585895971617,0.984852846494445,0.903048496843306,0.582571579143405,FALSE,0.975034786597826,1000
tic-tac-toe,mcc,0.0167434210526316,0.975891265597148,0.147813950604607,0.999952561669829,0.963499748644833,0.523083236766979,FALSE,0.86209967341274,1000
vehicle,mcc,0.230588235294118,0.772104978354978,0.481244807324604,0.93597024175288,0.694365219270869,0.767643911531195,FALSE,0.828296604147181,1000
volkert,mcc,0.292196878751501,0.616648791694383,0.888723383603305,0.964688860405458,0.654188124040109,0.384458030341193,FALSE,0.990144810336642,1000
wall-robot-navigation,mcc,0.00293141109654871,0.994762113782917,0.0131734272332222,0.999964194564335,0.995588171411252,0.462208474054933,FALSE,0.802016780595295,1000
wdbc,mcc,0.0298558897243108,0.968430735930736,0.159632887173152,0.990247371675943,0.937746821422434,0.174485880415887,FALSE,0.939082235260867,1000
wilt,mcc,0.0140508700785381,0.912977486607961,0.0491223577235534,0.991003420665495,0.857860372663767,0.975051077548414,TRUE,0.623906878847629,1000
