task,measure,ce,bacc,auc,logloss,mcc,learning_rate,feature_fraction,min_data_in_leaf,num_leaves,num_iterations
APSFailure,auc,0.00567105263157895,0.876081451992825,0.994300775109902,0.0201948894827758,0.828737560898179,-2.90266597038892,0.825314524373971,11,215,95
APSFailure,bacc,0.0216315789473684,0.938641702219092,0.972260846495045,0.233767382551109,0.628120253567328,-0.0526164670229719,0.953486383310519,47,170,1
APSFailure,ce,0.00439473684210526,0.904591278793488,0.991262862612612,0.0192628990185027,0.869751344288875,-2.20163020484346,0.487689961749129,64,47,139
APSFailure,logloss,0.00485526315789474,0.898982823785903,0.99232363852817,0.0157056308749056,0.855603622148166,-5.0063037110785,0.339835208375007,17,43,2009
APSFailure,mcc,0.00439473684210526,0.905652844139717,0.992050615011545,0.0179419924994942,0.869847618519659,-2.59032220127474,0.596533005707897,128,42,212
Amazon_employee_access,auc,0.0473311510311816,0.679525836149213,0.871084976336888,0.164159368000702,0.474127024077933,-2.78329504388867,0.376490854285657,136,165,460
Amazon_employee_access,bacc,0.0544722103922592,0.741769462321313,0.846829507529853,0.218099141337397,0.492083226391237,-0.460685683195746,0.484583773021586,166,214,300
Amazon_employee_access,ce,0.0442185480406414,0.702447182776652,0.86536971870639,0.160079602318661,0.518476681855532,-1.65267531577089,0.31933608232066,68,60,176
Amazon_employee_access,logloss,0.0476975259169339,0.66396548709887,0.869680746661491,0.148290628759947,0.457128247999196,-2.32365204242324,0.628495342610404,54,217,785
Amazon_employee_access,mcc,0.0449204467590186,0.72382120215122,0.861327832152101,0.175399101456599,0.530145840530111,-1.01926106584586,0.453918396495283,4,99,109
Australian,auc,0.12463768115942,0.873096730660398,0.956988449204069,0.322896745910382,0.752686087496877,-1.75857596544218,0.918468496738933,12,53,78
Australian,bacc,0.0782608695652174,0.9208325715032,0.93348453847605,0.337861964516484,0.843005417062358,-1.12107556300269,0.680551766441204,25,45,41
Australian,ce,0.0739130434782609,0.92398328327021,0.946089417091115,0.30273116154208,0.850880438195417,-0.565252493870085,0.830772824957967,69,189,66
Australian,logloss,0.108695652173913,0.889610160637325,0.953558835052893,0.275731274614913,0.781773663598702,-1.13126572154214,0.718827336886898,34,125,148
Australian,mcc,0.0797101449275362,0.917768708371425,0.94477711026947,0.309193517720001,0.840573592653084,-1.41283664923804,0.746322080213577,44,246,53
Bioresponse,auc,0.193548936170213,0.803576486166436,0.889245097861877,0.427284674826237,0.609753588282369,-4.17739606961594,0.399602451920509,11,65,446
Bioresponse,bacc,0.174617730496454,0.822866887015643,0.883441298972071,0.46306862343301,0.647941364395077,-2.48226320984655,0.130506238341331,27,70,127
Bioresponse,ce,0.174085815602837,0.823355112666488,0.880511636038275,0.438149656548166,0.648909886008557,-2.79009481815484,0.17551988621708,39,80,112
Bioresponse,logloss,0.186617730496454,0.810795550581408,0.88737728513607,0.420733115235895,0.623712106817477,-5.45818962547279,0.255200649960898,8,92,981
Bioresponse,mcc,0.176487234042553,0.821004250192599,0.884030681120725,0.447708104140337,0.644262237069617,-3.96998717590655,0.281391183612868,5,130,149
Fashion-MNIST,bacc,0.0837857142857143,0.916214285714286,0.995778979591837,0.27571705699857,0.906958147911891,-2.55620825342383,0.574664235184901,146,40,519
Fashion-MNIST,ce,0.0835142857142857,0.916485714285714,0.995764553287982,0.292240985078477,0.907261724332816,-2.66466624594673,0.582541731768288,137,44,585
Fashion-MNIST,mcc,0.0835285714285714,0.916471428571429,0.995843682539683,0.269542582500306,0.907251494525695,-3.22031774571836,0.628069315827452,183,42,886
GesturePhaseSegmentationProcessed,auc,0.27458652769403,0.666744418424638,0.936403018386565,0.771126996994156,0.638506202610167,-4.83564250247593,0.872180995927192,21,200,1258
GesturePhaseSegmentationProcessed,bacc,0.270940444400691,0.678557040843613,0.933324244925594,0.820788894817908,0.643593299644308,-2.5271648102558,0.860178841697052,35,185,383
GesturePhaseSegmentationProcessed,ce,0.265875818843344,0.67880237160896,0.933004949809344,0.873481795140052,0.650137100119033,-2.6444353289101,0.854653836879879,39,125,287
GesturePhaseSegmentationProcessed,logloss,0.281981241975643,0.658271238505761,0.935807707283579,0.75402058271309,0.62880371579368,-6.24031318835827,0.909826113772579,15,213,4620
GesturePhaseSegmentationProcessed,mcc,0.266888887521586,0.674060488853033,0.933501681652401,0.857837929754025,0.648662758232064,-3.40983962765018,0.9897524865577,20,157,411
Internet-Advertisements,auc,0.0216547326023719,0.926247301880974,0.991436855449344,0.0800999894167941,0.907432866404973,-2.70006209476437,0.149150997400284,2,153,142
Internet-Advertisements,bacc,0.0164680763780115,0.956695960530373,0.97957001404735,0.0861162606655578,0.93076249754269,-1.13052486839516,0.252427015756257,5,116,87
Internet-Advertisements,ce,0.0158592526292235,0.950634700380306,0.984055058759037,0.0875827268351368,0.932787421189682,-0.542009442889527,0.287518749409355,2,14,70
Internet-Advertisements,logloss,0.0201294100096964,0.939941412272587,0.988530595813204,0.068506586042406,0.91464230153591,-5.15212478834412,0.264261841424741,4,219,1393
Internet-Advertisements,mcc,0.015552509882897,0.954474766163018,0.983073971288587,0.0859460310460418,0.934450204756907,-1.62055531671608,0.397109812637791,3,153,50
KDDCup09_appetency,auc,0.0178,0.5,0.836303848960943,0.0805071127406697,0,-4.67581050264588,0.744214922352694,180,216,73
KDDCup09_appetency,bacc,0.05766,0.643538925457412,0.763530277135254,0.106292402164049,0.17159393091409,-0.0523525437285918,0.993973017670214,185,112,1
KDDCup09_appetency,ce,0.01748,0.513953312787848,0.786825379393657,0.0844221000122189,0.115658827737685,-1.45629190425298,0.990796433738433,177,170,50
KDDCup09_appetency,logloss,0.01782,0.49998981877418,0.82970263956859,0.0754691179363007,-0.000190400668067672,-5.76620998018236,0.789955906523392,192,237,854
KDDCup09_appetency,mcc,0.01832,0.52786773100515,0.762507006742489,0.0900727673854517,0.156232423884436,-0.934235755290212,0.648193674208596,190,173,128
MiceProtein,auc,0.0268518518518519,0.97263653013653,1,0.221959700364443,0.969642298328698,-2.7609496984648,0.938501146028411,34,121,131
MiceProtein,bacc,0.000925925925925926,0.999166666666667,1,0.0658445285306085,0.998950362958603,-1.42456051643516,0.256835851981305,38,44,52
MiceProtein,ce,0.00185185185185185,0.998273809523809,0.999962061747776,0.134459387759164,0.997900829349274,-1.86223864941136,0.745018460205756,26,58,25
MiceProtein,logloss,0.00277777777777778,0.9975,1,0.0109278071739989,0.996907220698689,-3.03149330630664,0.295200230786577,52,182,1267
MiceProtein,mcc,0.000925925925925926,0.999166666666667,0.99996336996337,0.276139763258415,0.998950466390671,-2.49463144443922,0.590233492502011,3,163,33
PhishingWebsites,auc,0.0248755860669487,0.974181201788457,0.997641056429373,0.061347609540241,0.949658087589233,-1.33252216128784,0.905358449788764,29,248,200
PhishingWebsites,bacc,0.0211673880847373,0.978115016053896,0.996629741449642,0.0760943784765585,0.957150503090634,-0.425169318461946,0.643671369645745,45,244,120
PhishingWebsites,ce,0.0211669789629581,0.977844340156043,0.99697373301301,0.0682572124745983,0.957191646284361,-1.28695574508506,0.900484985811636,4,105,198
PhishingWebsites,logloss,0.0254177542487297,0.973632177463915,0.997659838200279,0.0593451631830497,0.948544547069455,-3.38670740396304,0.714476936357096,5,251,552
PhishingWebsites,mcc,0.021076235752334,0.978092770231486,0.996894858554004,0.0712254801367053,0.957398152727552,-0.929952140795679,0.918149682041258,20,50,179
adult,auc,0.12411459472872,0.802527615003338,0.931908271153075,0.270106216365961,0.643537375020471,-2.82530481236131,0.509945890074596,2,36,262
adult,bacc,0.124196444513742,0.805963391735407,0.928051222759711,0.277511980971894,0.645006334345736,-0.875551302560111,0.4450833668001,36,13,66
adult,ce,0.122804151504254,0.80212814992112,0.930299828834722,0.27484752487734,0.64636068070808,-1.88719817726185,0.339067695103586,11,49,85
adult,logloss,0.124769745087043,0.80071903648728,0.931917879458771,0.269831960602208,0.641192305249462,-4.45416018753946,0.213902987469919,10,28,2267
adult,mcc,0.123049931386677,0.805368514287774,0.929682612879088,0.274319377671412,0.647260359256021,-1.16503641165416,0.483840818307363,122,12,121
analcatdata_authorship,auc,0.199957983193277,0.616612259127789,1,0.835853647973798,0.719405970616695,-3.65029562413927,0.449377976387993,94,170,49
analcatdata_authorship,bacc,0,1,1,0.0694154446341721,1,-0.611636787957762,0.866374592311426,68,157,12
analcatdata_authorship,ce,0,1,1,0.214520172371646,1,-1.71914375018525,0.283859743154608,7,59,16
analcatdata_authorship,logloss,0.00117647058823529,0.999166666666667,1,0.00501340286389514,0.998310896633863,-1.32719605002175,0.751019017118961,1,108,89
analcatdata_authorship,mcc,0,1,1,0.0633945203403735,1,-0.614399600834432,0.923842751979828,22,35,25
analcatdata_dmft,auc,0.738971518987342,0.260921855921856,0.656351863592248,1.738979322339,0.113420451953563,-0.0646532072543515,0.631201350782067,106,241,84
analcatdata_dmft,bacc,0.67125,0.327114621489621,0.640499773019004,1.79042613319534,0.195088990424411,-0.00613407710389978,0.42147342080716,71,96,79
analcatdata_dmft,ce,0.681344936708861,0.317984584859585,0.637993157305657,1.76635791241809,0.183964004713731,-0.517970982358953,0.991630300460383,85,151,61
analcatdata_dmft,logloss,0.747658227848101,0.248143315018315,0.636729012084781,1.72911692921079,0.0986558601098061,-0.47055799893928,0.777902848366648,30,239,36
analcatdata_dmft,mcc,0.671313291139241,0.331187423687424,0.625385548746126,1.8666731164109,0.194631268190285,-0.251030928457394,0.912794554512948,59,190,90
balance-scale,auc,0.0527649769585253,0.775,1,0.19764525129518,0.908658382358368,-0.141079680171756,0.213569007604383,42,165,109
balance-scale,bacc,0.00158730158730159,0.998850574712644,1,0.114195049328436,0.997291580859853,-0.0411568656960326,0.10074013043195,39,95,191
balance-scale,ce,0.00161290322580645,0.998850574712644,0.999310344827586,0.120758308683764,0.997253767798256,-0.0290180443084204,0.28007397109177,23,93,178
balance-scale,logloss,0.0160266257040451,0.988423645320197,0.999761904761905,0.0305563280139938,0.973079951616834,-0.0234142118239086,0.135404758551158,40,44,1997
balance-scale,mcc,0,1,1,0.113337468093337,1,-0.0782488636108912,0.202670000889339,46,44,229
bank-marketing,auc,0.0890049003221587,0.734075862875034,0.939851080171622,0.190482230125106,0.526696379976731,-4.3074618524484,0.60593383021187,19,38,1057
bank-marketing,bacc,0.108314405984515,0.806712387818002,0.90898660344947,0.292519570419341,0.54615861474212,-0.0218531051436077,0.933325281599537,57,227,1
bank-marketing,ce,0.086970001216007,0.735390451233509,0.935615048389247,0.196634963254734,0.534824857686864,-1.71874156779974,0.60683033594396,94,10,150
bank-marketing,logloss,0.0895136471100856,0.740019260301441,0.939764665416566,0.189970241005465,0.529794446849606,-4.81813815108806,0.873043054761365,2,62,1085
bank-marketing,mcc,0.0871027445658528,0.747455411106382,0.937518428227498,0.193995022983444,0.543933425725385,-1.53405028937947,0.901595733617432,67,27,116
banknote-authentication,auc,0.0101978207976304,0.990014763062649,1,0.0663909035811946,0.979600727873671,-2.41068840458616,0.499177754357119,75,203,97
banknote-authentication,bacc,0,1,1,0.044360169828742,1,-0.0831783585484918,0.944594902784479,157,119,23
banknote-authentication,ce,0,1,1,0.0345867976256963,1,-0.311933633601088,0.628657770266418,48,177,22
banknote-authentication,logloss,0,1,1,0.000188014118661437,1,-0.0961319799959886,0.121677641756833,89,120,831
banknote-authentication,mcc,0,1,1,0.0805708545174874,1,-0.71267220971927,0.796140150618062,47,150,8
blood-transfusion-service-center,auc,0.225873873873874,0.548787409700722,0.783840729274166,0.486137756762677,0.134147594639043,-2.73558449076232,0.982011876720935,2,218,49
blood-transfusion-service-center,bacc,0.216558558558559,0.737934296525628,0.743882582272675,0.554818666944284,0.450051086268163,-0.351350320263812,0.509959484054707,22,180,68
blood-transfusion-service-center,ce,0.16845045045045,0.709451324389405,0.720258571264763,0.522178363224711,0.491264316999941,-0.557822232157609,0.980566714447923,26,162,56
blood-transfusion-service-center,logloss,0.196558558558559,0.629557963536292,0.772752551312923,0.453438862879604,0.342732838002461,-1.46043300560472,0.895633330289275,12,120,63
blood-transfusion-service-center,mcc,0.16572972972973,0.713759889920881,0.738370026373122,0.527744615907754,0.500776474500391,-0.0566296492828495,0.570775676891208,31,58,68
breast-w,auc,0.027184265010352,0.971471014492754,0.998015056360708,0.0845369542089406,0.940710627590778,-0.816309351938331,0.893921227240935,30,135,73
breast-w,bacc,0.0157349896480331,0.986974637681159,0.992865297906602,0.12102805838492,0.96645102619813,-1.52221854297084,0.233209549542516,43,64,61
breast-w,ce,0.0114492753623188,0.989239130434783,0.993457367149758,0.0934709902075079,0.975368388430053,-0.662658146580153,0.590588368452154,54,205,57
breast-w,logloss,0.0200207039337474,0.97687077294686,0.997792632850242,0.0468466988234789,0.95669565791655,-0.0213053907665547,0.914458149811253,28,226,67
breast-w,mcc,0.0128778467908903,0.988152173913043,0.992289331723027,0.0874609594466863,0.972327907401682,-0.194950162812675,0.485500289290212,83,243,25
car,auc,0.0104113456109692,0.970955878252529,1,0.091586993609596,0.977568445990473,-0.918559287067051,0.996951106609777,155,83,68
car,bacc,0,1,1,0.0515729027492639,1,-0.269817204937044,0.854086603946053,119,166,60
car,ce,0,1,1,0.0453670849622878,1,-0.0477500667524131,0.622479222808033,110,183,73
car,logloss,0.00115606936416185,0.99913549369291,1,0.00903699561744691,0.997494882680956,-1.16139498525839,0.99089918078389,110,51,945
car,mcc,0,1,1,0.0361987326011605,1,-0.0584244280448697,0.730997160403058,68,157,48
christine,auc,0.244744596244484,0.755256935902692,0.830315793932847,0.521665662728872,0.511125676644754,-3.34503444058082,0.845174455922097,4,55,306
christine,bacc,0.238469487282673,0.761530681973486,0.822284983612444,0.520346725287742,0.523378780828735,-2.80762214302996,0.116477225301787,168,76,151
christine,ce,0.23736111205844,0.762639059723931,0.822496450917769,0.546413931768175,0.525717429335121,-2.71536331059855,0.441222726320848,30,35,170
christine,logloss,0.248622204336646,0.751381713817138,0.82956968733279,0.509987670339737,0.503356627085599,-3.72531205794842,0.993100326182321,2,62,267
christine,mcc,0.237177974367544,0.762824244909116,0.822049914595087,0.528450416596044,0.526217989918446,-2.59175780619385,0.646176445577294,63,75,99
churn,auc,0.0438,0.872207881647777,0.936285824722281,0.161244497017208,0.810231955360366,-1.1971384681002,0.762936409562826,35,17,49
churn,bacc,0.0334,0.898358212373935,0.918722840866961,0.161021710970825,0.857016367309631,-2.01753512090568,0.995772156305611,39,23,102
churn,ce,0.0338,0.891011562953915,0.920281807721703,0.158663504041876,0.854922960959175,-2.43840938155457,0.928544227057137,23,63,81
churn,logloss,0.0392,0.883723241492649,0.927024281974168,0.140966539481164,0.830788334451972,-4.20633614334971,0.811834694677964,9,26,549
churn,mcc,0.0336,0.895242381812968,0.923764057811388,0.149879177807872,0.855799126639878,-1.77970401935089,0.746180811827071,12,54,32
climate-model-simulation-crashes,auc,0.0851851851851852,0.5,0.985102040816327,0.249822634869702,0,-3.5061011029084,0.25769993190188,13,248,27
climate-model-simulation-crashes,bacc,0.0185185185185185,0.937418367346939,0.96569387755102,0.0881809867474194,0.883030484608532,-0.0804396744773269,0.861659710668027,57,77,50
climate-model-simulation-crashes,ce,0.0185185185185185,0.8925,0.95659693877551,0.114652792823346,0.871407572293712,-0.501967470043279,0.992750202142633,72,46,32
climate-model-simulation-crashes,logloss,0.0296296296296296,0.860918367346939,0.960561224489796,0.0901667664945361,0.794099825347486,-0.219724305686428,0.854137451085262,68,199,36
climate-model-simulation-crashes,mcc,0.0203703703703704,0.903,0.939234693877551,0.131022341633744,0.864775710983172,-0.172590598747166,0.875685235788114,66,62,25
cmc,auc,0.422237543666115,0.549779535595475,0.774054465307209,0.905093742048836,0.343543919033919,-0.324982333007928,0.97788627569098,7,44,50
cmc,bacc,0.399839124839125,0.58368752092661,0.757052894599403,0.909956626000583,0.381989369835563,-1.58028461903306,0.475264640431851,1,234,106
cmc,ce,0.392379113807685,0.574810741651349,0.733517129213729,0.946190759421274,0.38347825171952,-0.0401220825092508,0.978826423059218,183,170,70
cmc,logloss,0.433815958815959,0.535745221466284,0.770470462511985,0.886211372691413,0.322846631288087,-1.09607048382864,0.975144446198829,12,37,75
cmc,mcc,0.394429123000552,0.581426909937346,0.760321855594766,0.913793739003971,0.39272214735383,-1.24031135862747,0.482582386187278,4,11,96
cnae-9,auc,0.0472222222222222,0.952777777777778,0.999614197530864,1.91929229688273,0.947566337581431,-6.49580997198788,0.160029102792032,1,230,81
cnae-9,bacc,0.0287037037037037,0.971296296296296,0.999093364197531,1.64603589341556,0.967967413484574,-5.59792349257783,0.265790751483291,1,208,59
cnae-9,ce,0.0277777777777778,0.972222222222222,0.999074074074074,1.64300960136925,0.968973165153439,-5.378829513504,0.189202476246282,1,177,54
cnae-9,logloss,0.0416666666666667,0.958333333333333,0.998939043209876,0.136017340635148,0.953555639550882,-3.82350934704965,0.257968580909073,1,53,504
cnae-9,mcc,0.0287037037037037,0.971296296296296,0.99891975308642,0.847314878844799,0.968112638777987,-3.60058666359054,0.145805020444095,1,169,62
connect-4,auc,0.123347742763622,0.732343091484281,0.9471384810544,0.309419791684654,0.74488689445657,-2.30723449910258,0.897143547446467,7,135,803
connect-4,bacc,0.126471032794163,0.744692119705317,0.939859072129442,0.376456983400162,0.740924962902323,-0.577215988821238,0.989020823314786,117,235,207
connect-4,ce,0.121689886972744,0.736483394088701,0.94535380544947,0.316340726178108,0.748560697569547,-1.74560651996357,0.900510386540555,12,162,334
connect-4,logloss,0.124176646555695,0.733090139513924,0.947150071466625,0.307800546798303,0.743592583017876,-3.0540665411736,0.937442937633023,11,115,3197
connect-4,mcc,0.121837892594526,0.740245894201681,0.945205475118471,0.315845317826404,0.748829539646683,-1.32579081694059,0.961033430485986,30,243,275
credit-approval,auc,0.121739130434783,0.875411170606417,0.956363966160231,0.288586631431503,0.756516748841271,-1.07495587400981,0.78672046654392,38,217,73
credit-approval,bacc,0.0826086956521739,0.917148578642636,0.944675968249822,0.333351439377762,0.83525165017664,-0.651808286759166,0.920216619968414,60,101,34
credit-approval,ce,0.0797101449275362,0.919375516956162,0.941265291019111,0.335653799313737,0.839892124763657,-0.523183995359616,0.857466771733016,64,91,44
credit-approval,logloss,0.117391304347826,0.8810528492447,0.952654143630375,0.265627263041951,0.763702799732521,-0.135044287416117,0.484858845919371,81,141,53
credit-approval,mcc,0.0840579710144928,0.914941447912585,0.935257933916678,0.339491251892467,0.832583246420652,-1.86865207054583,0.722663036803715,13,97,84
credit-g,auc,0.21,0.708095238095238,0.819,0.480776972096472,0.452584109422198,-1.40288093960713,0.715141173056327,14,75,75
credit-g,bacc,0.187,0.762619047619048,0.790476190476191,0.528883479567747,0.544060824970549,-0.747502618928075,0.542385365557857,17,47,115
credit-g,ce,0.191,0.734047619047619,0.80252380952381,0.485305182622763,0.518843002197095,-0.136178641144906,0.619023757660762,117,223,70
credit-g,logloss,0.216,0.711428571428571,0.815952380952381,0.468457452671816,0.461773864391537,-1.21762571868839,0.403172054700553,23,30,75
credit-g,mcc,0.19,0.756666666666667,0.799142857142857,0.529363884296103,0.535008078464779,-0.262921763563027,0.638258721726015,16,246,54
cylinder-bands,auc,0.331481481481482,0.608829529516767,0.942113787772536,0.58370832285214,0.289964213508906,-5.82250361406831,0.219771198742092,1,244,144
cylinder-bands,bacc,0.111111111111111,0.880545350949892,0.898058778528624,0.3858140505704,0.775423225522189,-0.385945627327723,0.461265997751616,91,180,113
cylinder-bands,ce,0.112962962962963,0.876484803327808,0.914034608886906,0.371857856897381,0.771515194706576,-0.782869684944831,0.232977561512962,50,235,99
cylinder-bands,logloss,0.161111111111111,0.827623557631009,0.927349627055973,0.326958328417103,0.667567854263567,-2.22301852790464,0.11191420564428,21,237,270
cylinder-bands,mcc,0.114814814814815,0.877716793637639,0.90061738971057,0.432430714592895,0.769702294735281,-0.596654762840515,0.979630519566126,70,205,86
diabetes,auc,0.238397129186603,0.699150997150997,0.8617849002849,0.468099507360225,0.446791141088966,-2.42180256429805,0.650030523026362,3,36,119
diabetes,bacc,0.185013670539986,0.799005698005698,0.831088319088319,0.541792564206547,0.598706624084715,-0.586454227310042,0.712274427642115,8,43,49
diabetes,ce,0.182347915242652,0.778358974358974,0.824323361823362,0.494679145947935,0.591793892715026,-0.612014654029061,0.727589736972004,68,166,22
diabetes,logloss,0.226589200273411,0.734065527065527,0.857213675213675,0.447035766804413,0.48861453366869,-1.42341428031182,0.917601676564664,21,182,46
diabetes,mcc,0.17447026657553,0.796925925925926,0.846740740740741,0.479690628639113,0.614963476207977,-1.16409528676218,0.876095406734385,20,49,61
dilbert,auc,0.0083,0.991733777993785,0.9999601675384,0.0298469375156884,0.989649461242969,-3.51926299074696,0.493870826181956,81,11,936
dilbert,bacc,0.0057,0.994341467619925,0.999935275620823,0.0256014823721448,0.99289177555747,-2.31826589675794,0.866114065027796,151,250,239
dilbert,ce,0.0059,0.99412505221045,0.999939478863656,0.0260814165446277,0.992642912036277,-2.08644686385404,0.58987913581077,193,213,182
dilbert,logloss,0.0059,0.994144637699866,0.999966242436471,0.0173229095620056,0.992640471662333,-4.80622295450025,0.204877867526375,100,29,4670
dilbert,mcc,0.0062,0.993840873222899,0.999948216865639,0.0344292706525424,0.992265578932173,-2.78406810720291,0.215093182725832,77,22,274
dna,auc,0.0342126535360107,0.964234934726374,0.996829441522945,0.142653505249763,0.944720845393212,-2.6183387645836,0.160318319929679,33,75,197
dna,bacc,0.025735888488003,0.973646186477512,0.996200970538464,0.13723730562572,0.958430717731994,-2.61018673911821,0.345745472493581,38,25,90
dna,ce,0.0251109008103153,0.971483720253536,0.996240849809478,0.178972155313202,0.959262299462167,-2.92947418846128,0.28200810761191,18,161,117
dna,logloss,0.0307574771790777,0.96760586204467,0.996529079986491,0.10139734491282,0.950218958534851,-3.55368539674677,0.347227640450001,8,129,340
dna,mcc,0.0254243804341397,0.973139305913561,0.996188812975907,0.126956959678138,0.958872477741072,-1.65102411326249,0.29321162593551,74,251,63
dresses-sales,auc,0.336,0.632840722495895,0.716174055829228,0.624906823315244,0.300716115399204,-0.158809481822051,0.450989829935134,124,162,12
dresses-sales,bacc,0.288,0.691954022988506,0.647454844006568,0.702879341808622,0.406805268094643,-0.139214866370376,0.707995049073361,49,136,75
dresses-sales,ce,0.284,0.688834154351396,0.676518883415435,0.641119336517364,0.411280756222563,-0.257046106023925,0.950308795226738,68,89,53
dresses-sales,logloss,0.336,0.629556650246305,0.688998357963875,0.615916801255575,0.284493306274843,-0.139262690274276,0.740001967432909,51,126,30
dresses-sales,mcc,0.288,0.688013136288998,0.622906403940887,0.677464342732924,0.411403812044889,-0.154171566746039,0.848459966247901,54,72,61
electricity,auc,0.0493466748532177,0.948958132038523,0.989308716487954,0.130351384996554,0.898959068428349,-4.50039036285829,0.947744342312217,2,181,4235
electricity,bacc,0.0490819251822738,0.949494892636086,0.988699775441695,0.133487550247564,0.899528557814984,-2.51791509306506,0.941554966056719,18,231,454
electricity,ce,0.0491040099750215,0.949250835402341,0.988446026407013,0.138049647502113,0.899453698574909,-2.02171088353044,0.972932559601031,11,198,365
electricity,logloss,0.0503398379662862,0.948067970039401,0.988965515424493,0.131435935793207,0.896931965879478,-5.08649336794408,0.971094608982094,12,253,4352
electricity,mcc,0.0495894955667761,0.94873344063928,0.988327987115169,0.137576957399901,0.898466093892301,-2.29264374206072,0.914993381267413,2,217,418
eucalyptus,auc,0.311347649018882,0.655197025197025,0.9379400633037,0.752966862712676,0.603357252218308,-1.87652818582131,0.912461530603468,32,58,95
eucalyptus,bacc,0.251480932987782,0.729630591630592,0.928077901896084,0.777014821402509,0.679871753608314,-1.00744956196807,0.949851151485927,24,243,93
eucalyptus,ce,0.250148093298778,0.721017871017871,0.926516221152585,0.758438716401448,0.681702354578464,-1.44542963450287,0.984144802647643,20,84,72
eucalyptus,logloss,0.299037393557942,0.665268287268287,0.931098083734447,0.689114831792111,0.617754200507488,-2.75937725849963,0.815019613364711,4,38,120
eucalyptus,mcc,0.250055534987042,0.726534354534355,0.926591216863944,0.772922532885171,0.682789010177925,-0.616001752277724,0.917884119460359,35,188,60
fabert,auc,0.278384639431868,0.685433120389367,0.958682395246182,1.03693632537931,0.668793258805522,-5.21411269311849,0.765484298369847,4,245,178
fabert,bacc,0.262599830126579,0.716314863114884,0.949877859476736,0.837161827597718,0.685527214112608,-2.41071591704637,0.532951638521627,1,86,131
fabert,ce,0.259199117601954,0.713958926161425,0.951703144458252,0.770806416868527,0.689679864829661,-3.26247896164642,0.457399240788072,1,97,160
fabert,logloss,0.270489654236808,0.704816618818655,0.95502003344465,0.736252296217865,0.676037725425262,-6.02228866821926,0.670365201379173,3,187,1840
fabert,mcc,0.260049369462893,0.714238658682572,0.952820131995713,0.813992469331817,0.688800047388792,-2.99545130483927,0.474487606156617,1,73,114
first-order-theorem-proving,auc,0.367767401559642,0.50757948871921,0.869502754988635,1.05250944469824,0.49685666971303,-4.3660427427438,0.434974538860843,19,131,350
first-order-theorem-proving,bacc,0.358123402115893,0.536414221529152,0.861863071643119,1.18562996301056,0.516271790245154,-0.502555675915358,0.663960339175537,35,106,209
first-order-theorem-proving,ce,0.353872629248099,0.531721177249963,0.866092956791766,1.10053837802618,0.519398790557085,-3.16585874518796,0.927590330224484,27,58,181
first-order-theorem-proving,logloss,0.368423135757304,0.509448809660446,0.86850977958141,1.0352420084032,0.497258279898973,-5.19235795226406,0.739778297604062,1,244,1165
first-order-theorem-proving,mcc,0.354363360183135,0.53359886700249,0.864701623480019,1.18491383456311,0.519940431885993,-2.90537401442754,0.759730253857561,54,97,225
guillermo,auc,0.1464,0.833709364870746,0.920749947743724,0.357103468956015,0.693454583776827,-3.92549408025599,0.482622534455732,30,161,742
guillermo,bacc,0.1445,0.836705123859979,0.916913574619442,0.394751427600611,0.697190969683044,-2.79138186258363,0.434010981675237,71,119,414
guillermo,ce,0.1442,0.835604505132763,0.917452620977388,0.378335002658449,0.698348353514726,-3.32508725833507,0.987368995160796,34,196,350
guillermo,logloss,0.14715,0.832210050067732,0.91991925778472,0.347721778430469,0.692132460818021,-5.09007828219889,0.597714340663515,24,166,2036
guillermo,mcc,0.1431,0.836333047579704,0.918098616036147,0.374421481805006,0.701010427386597,-3.34300955702879,0.78288931841962,4,248,282
har,auc,0.00553445233849434,0.994765897797343,0.999963128345164,0.0153394916787218,0.993352047455977,-2.34636801881685,0.498801689222455,82,112,301
har,bacc,0.00427231641616425,0.995934738268253,0.999944910870487,0.0183214816172138,0.9948713713177,-2.4563671344315,0.973564221290872,133,114,172
har,ce,0.00407804730768868,0.99613649903678,0.999944419349459,0.0160146258668615,0.99510035934232,-1.87257229413755,0.630581528111361,82,248,117
har,logloss,0.00407814165888269,0.996122004185856,0.999969006174131,0.0115581523072388,0.995100466944828,-3.47346857185077,0.925969947199337,196,138,1283
har,mcc,0.00407804730768868,0.996134819770077,0.999953867448302,0.015430630831401,0.995098244540138,-2.37944462622499,0.517605299805291,31,11,213
higgs,auc,0.264844467108618,0.73385023135624,0.816786016241555,0.519327532632716,0.46817940427893,-5.07590658382382,0.899417844857089,35,194,3115
higgs,bacc,0.264242733299337,0.734632287686868,0.813820591002643,0.523336951729164,0.469540678860454,-3.94730384232288,0.716167376376689,3,235,522
higgs,ce,0.26416114227435,0.734616994061717,0.814337403839989,0.522578964680032,0.469617607243941,-3.35795346951611,0.78761959518306,77,239,369
higgs,logloss,0.264507904130546,0.734209594721687,0.817044315704443,0.518848855240167,0.468871453514358,-5.44786114511705,0.870197104848921,46,239,3950
higgs,mcc,0.263895971443141,0.734905270254326,0.813905279252231,0.523078788428898,0.470176858749062,-3.6059436726208,0.736715657054447,79,233,417
ilpd,auc,0.250379894798364,0.658353829336613,0.811047986267678,0.501463570307611,0.343506454911596,-1.11866176423794,0.356863441970199,2,190,39
ilpd,bacc,0.200467562828755,0.760942517250803,0.77046056227369,0.748597540979073,0.517961601607613,-0.0973011091897228,0.923839228856377,10,218,94
ilpd,ce,0.200555230859147,0.712522417503587,0.789492168818747,0.513297638665734,0.484763558551982,-0.000376383049969422,0.77283022031188,19,29,46
ilpd,logloss,0.25020455873758,0.633437734850038,0.778304553528729,0.476848482038506,0.30591774647139,-1.99276089118172,0.806397454463877,4,194,92
ilpd,mcc,0.197106954997078,0.752354905376785,0.772977300676368,0.658588619873092,0.51497985594054,-0.645071150789997,0.951054025418125,8,230,98
jannis,auc,0.273679466774694,0.553164182966589,0.872216157966046,0.674054650996848,0.565841904473523,-4.80467710128908,0.913604628993198,9,216,2879
jannis,bacc,0.273285327116392,0.563757461494649,0.864572725169894,0.680058739231508,0.566800142925935,-2.45749208582155,0.849813791969791,73,251,173
jannis,ce,0.267791714591161,0.551737098562345,0.860850412844391,0.672279654985393,0.57494886233934,-3.90811780396868,0.70304746623151,4,226,487
jannis,logloss,0.26995336209673,0.552463764435665,0.864600159467412,0.667920427068077,0.57161039852411,-5.85549379909029,0.711182077904232,33,253,3611
jannis,mcc,0.267493184317499,0.554449254235784,0.860224063866545,0.673084873517801,0.575482698407466,-3.79745771809453,0.724855395033956,26,231,496
jasmine,auc,0.179297883324729,0.820720357941834,0.894693962734411,0.419727280874994,0.660050393416823,-3.44003524813882,0.525708313588984,3,178,65
jasmine,bacc,0.163544028192409,0.836474272930649,0.876887557617525,0.454653290349009,0.69260465944265,-2.7600055425241,0.514897409686819,26,215,48
jasmine,ce,0.163211824650401,0.836807606263982,0.880031680254643,0.458533587649978,0.692515974286052,-3.22112447635327,0.846979093295522,13,229,43
jasmine,logloss,0.176629031896029,0.823384787472036,0.891679744155669,0.384230423409238,0.666775334203104,-3.6829707870728,0.300540831009857,14,244,192
jasmine,mcc,0.162878498799129,0.837125279642058,0.882565710253292,0.41562996374222,0.693490951913642,-2.33723651440354,0.359386482206173,6,140,58
jm1,auc,0.181167203451629,0.560169840909709,0.76546416291792,0.421948886761821,0.236427358200809,-5.00343611999878,0.591655650432222,1,214,332
jm1,bacc,0.20147033503484,0.640488785447614,0.693521234466571,0.697860295397512,0.305903534965116,-0.0190873169778045,0.989875536249019,78,82,68
jm1,ce,0.171796929860098,0.600078406426824,0.753332541247486,0.434243791203994,0.31429696529899,-3.63053315909453,0.703681875718758,2,253,170
jm1,logloss,0.178871097337006,0.579614205771828,0.763854563830851,0.416922150383077,0.27004281992319,-5.8161471168091,0.898721073381603,2,131,1100
jm1,mcc,0.177677003997191,0.629072254316561,0.731956499686242,0.480095094738311,0.331861396333174,-1.78092163347507,0.871242581936531,9,241,119
jungle_chess_2pcs_raw_endgame_complete,auc,0.124478493706533,0.824671971570269,0.983319134791545,0.227490688816542,0.782913520007877,-3.85803471396609,0.964379409328103,7,88,597
jungle_chess_2pcs_raw_endgame_complete,bacc,0.122425813746195,0.831653505249408,0.981710340360226,0.239719136653737,0.786573798816391,-1.54311932115451,0.972059802734293,10,23,165
jungle_chess_2pcs_raw_endgame_complete,ce,0.118721970626935,0.831855972953974,0.982321760481909,0.225775462923618,0.792934753610496,-1.53721338184434,0.987583586759865,4,20,297
jungle_chess_2pcs_raw_endgame_complete,logloss,0.12644188298235,0.820357892373304,0.9814370214378,0.21023144507842,0.779420565433503,-2.87918931326846,0.941546960501,11,36,1364
jungle_chess_2pcs_raw_endgame_complete,mcc,0.120685384798387,0.829042495685343,0.982037829667024,0.228067983801168,0.789517806036901,-1.18674407326477,0.97567665304523,9,19,216
kc1,auc,0.154574588129091,0.5,0.850140003623581,0.409708201811009,0,-6.37356684813044,0.410282955202274,2,130,67
kc1,bacc,0.138937034529452,0.733668039062396,0.784001038807509,1.36664716449244,0.473321842832745,-0.710759052772589,0.441279980167747,8,34,86
kc1,ce,0.116650868878357,0.673913936141276,0.805387134717332,0.349426122581273,0.475688104662139,-0.446931605634087,0.993841582932509,48,98,86
kc1,logloss,0.135132024373731,0.618064854257851,0.830346211907221,0.326893681080714,0.351221149088409,-3.81272184728334,0.558376078587025,4,15,209
kc1,mcc,0.121855111712932,0.721260928996829,0.789662319795786,0.482005443526699,0.493257427782415,-0.83577395585156,0.890602146973833,41,112,98
kc2,auc,0.141835994194485,0.741108119522754,0.8932868757259,0.361335496904722,0.542707059842256,-0.958326282517977,0.927753652445972,7,248,23
kc2,bacc,0.151487663280116,0.843724527505015,0.826392672368282,0.923988825360951,0.628670516612026,-0.103619204183813,0.725665340013802,14,22,39
kc2,ce,0.095899854862119,0.798173371344103,0.859241632351388,0.34441642955287,0.68777362087823,-0.92190009756566,0.977600221871398,38,242,57
kc2,logloss,0.120863570391872,0.762596346742688,0.853019480519481,0.318172080164267,0.578254238269684,-0.866134358518585,0.986889679799788,32,209,52
kc2,mcc,0.105515239477504,0.814536479780382,0.824461778059339,0.730639300552001,0.673999619234486,-0.0207936613239518,0.618234514724463,48,51,26
kr-vs-kp,auc,0.00750881661442006,0.992529659463323,0.999954850361197,0.0234547581918028,0.98509691026347,-0.454968807129274,0.836289924383164,26,203,66
kr-vs-kp,bacc,0.0018769592476489,0.998119254267523,0.99959143098661,0.0205424215305541,0.996263043078255,-0.338085323541604,0.850889826961793,6,246,11
kr-vs-kp,ce,0.0018769592476489,0.998119254267523,0.999601738991585,0.0373981348263774,0.996263043078255,-0.542767680552306,0.450099822692573,6,217,50
kr-vs-kp,logloss,0.0025019592476489,0.997465659496281,0.999917532547771,0.00949498151249166,0.995005524419072,-1.53966457605518,0.954389100871049,9,47,164
kr-vs-kp,mcc,0.0015644592476489,0.998418655465128,0.999776586369951,0.0308978425777667,0.996878831002581,-0.405802063977179,0.962761086574756,6,184,15
madelon,auc,0.140769230769231,0.859230769230769,0.932597633136095,0.431722871807028,0.719386584325889,-4.45974941632303,0.492998134484515,2,125,181
madelon,bacc,0.123076923076923,0.876923076923077,0.924508875739645,0.401496202541993,0.754264315963749,-2.925061715606,0.484470012155362,5,148,43
madelon,ce,0.124615384615385,0.875384615384616,0.924568047337278,0.409907548381864,0.751340738862667,-2.93697309400152,0.48068643740844,2,77,41
madelon,logloss,0.135769230769231,0.864230769230769,0.931686390532544,0.331876872207521,0.729272423178046,-6.7240277563653,0.581506993155927,1,104,3964
madelon,mcc,0.123461538461538,0.876538461538462,0.927473372781065,0.379393476805406,0.753804531316757,-2.78891768265898,0.635300574591383,5,54,75
mfeat-factors,auc,0.0275,0.9725,0.999772222222222,0.0950153296059524,0.969616674847916,-1.05740371158473,0.420399396005087,193,81,40
mfeat-factors,bacc,0.0165,0.9835,0.999594444444444,0.097024047913476,0.981740133093028,-1.51612582103899,0.616272953874432,170,131,106
mfeat-factors,ce,0.016,0.984,0.9996,0.0986584362681224,0.982303946973009,-1.71431210929627,0.686778882634826,199,246,148
mfeat-factors,logloss,0.0205,0.9795,0.9997,0.0750898112199451,0.977341201616749,-3.53420596718208,0.48763515248429,79,120,700
mfeat-factors,mcc,0.016,0.984,0.999661111111111,0.0962204164512258,0.982306542596693,-2.59437370216621,0.684741871035658,65,210,96
mfeat-fourier,auc,0.1465,0.8535,0.989411111111111,0.66900327832082,0.837997127143533,-3.99409481744947,0.622981682280079,35,116,173
mfeat-fourier,bacc,0.128,0.872,0.988488888888889,0.470858999101583,0.858303397541655,-3.2072095940309,0.991721865627915,44,195,125
mfeat-fourier,ce,0.1295,0.8705,0.988544444444445,0.551169369394181,0.856668076451204,-2.32080595481066,0.559230819810182,34,151,40
mfeat-fourier,logloss,0.15,0.85,0.987822222222222,0.367904140368655,0.833897579076578,-4.5847862201284,0.800538915069774,14,53,1020
mfeat-fourier,mcc,0.1285,0.8715,0.98855,0.50327929024451,0.858012812189271,-2.74002651359528,0.680357362236828,43,113,78
mfeat-karhunen,auc,0.0325,0.9675,0.999738888888889,0.188459270561896,0.964078263893841,-2.93115426062077,0.269649850740097,49,121,154
mfeat-karhunen,bacc,0.0235,0.9765,0.999611111111111,0.123701517307376,0.973994282113222,-2.13404426885652,0.463511205557734,6,14,60
mfeat-karhunen,ce,0.023,0.977,0.999533333333333,0.13729618395619,0.974571434348591,-1.97912911639875,0.461046118009836,71,42,80
mfeat-karhunen,logloss,0.0265,0.9735,0.999738888888889,0.09520088472959,0.970679428904084,-3.86254783816591,0.479223070270382,7,23,529
mfeat-karhunen,mcc,0.023,0.977,0.999644444444444,0.114457538139571,0.97457967683037,-2.54670918608124,0.847592007601634,24,230,151
mfeat-morphological,auc,0.2465,0.7535,0.974883333333333,0.64073527716431,0.727120980846774,-1.47286929859045,0.934912535361946,29,242,165
mfeat-morphological,bacc,0.2295,0.7705,0.972811111111111,0.644600222790669,0.746639782846247,-0.443354248955346,0.419269807985984,38,199,131
mfeat-morphological,ce,0.227,0.773,0.974294444444445,0.637715356716231,0.749029137775601,-1.06832077898844,0.932911872933619,23,123,118
mfeat-morphological,logloss,0.263,0.737,0.972833333333333,0.59354142738075,0.709140667571096,-1.40121928451586,0.955959805613384,59,250,239
mfeat-morphological,mcc,0.224,0.776,0.973977777777778,0.645643078976362,0.753042530785419,-0.70484527281902,0.818378826393746,40,15,207
mfeat-pixel,auc,0.0275,0.9725,0.999855555555556,0.130890874824843,0.969613469057136,-2.48835155710147,0.155186955700628,97,137,113
mfeat-pixel,bacc,0.015,0.985,0.999766666666667,1.7341554211668,0.983398727520061,-5.73686628781803,0.109141351375729,1,247,39
mfeat-pixel,ce,0.0175,0.9825,0.999827777777778,0.10116530859082,0.980634440434899,-2.75169864058764,0.182823039707728,56,140,132
mfeat-pixel,logloss,0.0205,0.9795,0.9998,0.0747638219261132,0.977311803356218,-3.11319197903028,0.182501809345558,3,67,151
mfeat-pixel,mcc,0.016,0.984,0.999816666666667,1.04386599031212,0.982301138428826,-4.34046380728134,0.128171144262888,7,240,37
mfeat-zernike,auc,0.191,0.809,0.983827777777778,0.547940532107895,0.788450884024911,-2.29251974248638,0.608073702012189,44,14,133
mfeat-zernike,bacc,0.1675,0.8325,0.982344444444444,0.508457234787909,0.81467025672928,-2.21335470411706,0.641649441071786,56,31,144
mfeat-zernike,ce,0.1625,0.8375,0.982588888888889,0.469962942797724,0.820219721177595,-1.69117304695975,0.821460020705126,83,33,83
mfeat-zernike,logloss,0.202,0.798,0.979316666666667,0.393626062408963,0.775881751716811,-3.35553617100981,0.58956715320237,173,204,632
mfeat-zernike,mcc,0.1595,0.8405,0.9845,0.459023698315588,0.823789807602413,-2.21595167478668,0.702043634420261,46,63,152
mnist_784,bacc,0.0164571428571429,0.983464810482386,0.99984835673794,0.0572621026698232,0.981711971930156,-3.1835095662279,0.262303935084492,119,25,727
mnist_784,ce,0.0163142857142857,0.983597546486758,0.999847716527,0.060018230526761,0.981870704069089,-2.53323115867575,0.969824040704407,16,20,470
mnist_784,mcc,0.0164285714285714,0.983479894259903,0.999853728487809,0.0573150274437045,0.981743297460408,-3.29728256766584,0.533761141356081,200,28,802
nomao,auc,0.023386002211416,0.970187727362974,0.996894092945198,0.0654961533130723,0.942603561451029,-3.03464725537506,0.102019605739042,41,161,496
nomao,bacc,0.0222835185524738,0.972148197425342,0.99660366971463,0.071323032457716,0.945365895720922,-2.14687927021961,0.161789997736923,2,82,269
nomao,ce,0.0215290795144987,0.972280014042739,0.99685091700535,0.068583345421385,0.947145528040808,-2.28447384471245,0.136294548073784,31,184,215
nomao,logloss,0.022747740808034,0.970420621138116,0.997055211678952,0.0611052772346742,0.944126186180196,-5.77891085427234,0.105237977439538,4,250,4232
nomao,mcc,0.0215871599131261,0.972422232698337,0.996661717052645,0.0726866152616558,0.947021872104756,-1.99199299867129,0.139049554336816,41,87,280
numerai28.6,auc,0.477470930232558,0.520947413958433,0.532978909285434,0.691574067068761,0.0449751519387057,-2.63935292735763,0.845099464710802,200,26,169
numerai28.6,bacc,0.473266196013289,0.525766830623287,0.529384847621744,0.691911757271479,0.0525142354473909,-2.17512841519856,0.47611912349239,160,192,55
numerai28.6,ce,0.472871677740864,0.525865004935394,0.53053832770163,0.691743602448454,0.0536282569815834,-2.22778246745141,0.301667344965972,98,117,78
numerai28.6,logloss,0.478498754152824,0.520426478832186,0.532627849073128,0.691393244233175,0.0418019896856546,-2.41612844587359,0.925442432332784,191,37,201
numerai28.6,mcc,0.472591362126246,0.525895728307348,0.531209858237739,0.691745474953877,0.0546566141576027,-3.06330006884301,0.742871832172386,174,25,112
optdigits,auc,0.0145907473309609,0.985429643858863,0.999921248658338,0.049034331816404,0.983834017183144,-2.24993507873957,0.820194932934828,105,32,195
optdigits,bacc,0.0104982206405694,0.989494144844871,0.999888682442381,0.0477668524352979,0.988354359295281,-1.48657820278776,0.5691557146376,89,125,59
optdigits,ce,0.0112099644128114,0.988776504348646,0.999896451809821,0.0459598134913245,0.987569702591194,-2.58179437011147,0.771713416161947,9,17,148
optdigits,logloss,0.0137010676156584,0.986295301341127,0.999905703741912,0.0378625106679617,0.984810939746003,-3.11365374226395,0.351549217500724,35,140,351
optdigits,mcc,0.0106761565836299,0.989315465387607,0.999868311613297,0.0455003599769487,0.98816358056757,-1.96298578812162,0.777692943718284,74,124,103
ozone-level-8hr,auc,0.0580156235411285,0.642627557352055,0.941880628833812,0.138218326212385,0.377033556390531,-1.72777932224304,0.966319936211221,44,172,148
ozone-level-8hr,bacc,0.0603716037471601,0.795831892883736,0.880743072545474,0.377152017897583,0.547241625717658,-0.347523547491404,0.941014101123437,115,26,88
ozone-level-8hr,ce,0.0422240204164203,0.706426732085239,0.901695963195405,0.157576384449789,0.56744567252883,-1.36600857620771,0.695598401408643,162,58,77
ozone-level-8hr,logloss,0.0509009990351997,0.675566207495657,0.941220348899053,0.131382428807258,0.472817605681095,-1.73488029784108,0.631614798423834,86,241,159
ozone-level-8hr,mcc,0.0442049733901839,0.746172725419282,0.910841599297947,0.157506971762823,0.584734560002317,-0.0742289134684639,0.974510375969112,140,118,105
pc1,auc,0.0757411957411957,0.615473967779793,0.922898218286568,0.190152758900538,0.298259046914992,-0.220455122809857,0.911399385053664,130,94,61
pc1,bacc,0.0919410319410319,0.817499066467513,0.838459538034781,0.71284445776597,0.512266996675211,-0.115168544288019,0.967021056846716,40,104,64
pc1,ce,0.0432923832923833,0.6875,0.807914355062413,0.228721630481884,0.552106965464992,-0.599225673623977,0.475686226063408,39,149,63
pc1,logloss,0.064021294021294,0.59207364237704,0.900169369465486,0.166269101926563,0.300519812199723,-2.46933553770765,0.898776121949777,3,167,56
pc1,mcc,0.045986895986896,0.770337672036701,0.856238664248373,0.268390769781185,0.607340914966217,-0.248660196135382,0.911419205320999,104,250,147
pc3,auc,0.099828515433611,0.59832890070922,0.873000728216818,0.250467137806564,0.275742662969447,-0.687098548245676,0.69528550747782,15,43,29
pc3,bacc,0.112612281561326,0.754540273556231,0.812495567375887,1.42871477498671,0.455449672120816,-0.284630319409071,0.808607284561731,20,124,54
pc3,ce,0.0780581414339376,0.646446301925025,0.812627437943262,0.286342710466258,0.44809782564295,-0.766957257584583,0.148233697633259,46,176,26
pc3,logloss,0.0947084762371387,0.576257598784195,0.866081876899696,0.237370210078001,0.246266993410827,-1.95504666302327,0.134471741667949,22,105,33
pc3,mcc,0.0799812183570145,0.709048252279635,0.831854894883485,0.311293071331228,0.502839050291721,-0.617372877353839,0.62620790572837,81,215,56
pc4,auc,0.0850354274917336,0.736328125,0.958609068627451,0.178502548392814,0.557741160161187,-2.55668316159668,0.993360663065687,54,111,173
pc4,bacc,0.111110061407652,0.847413705065359,0.891424121732026,2.26273446956925,0.60081506866729,-0.012379721336294,0.770397798088379,45,128,63
pc4,ce,0.0624090694378838,0.814325469771242,0.941122855392157,0.21159566927504,0.689041091111552,-0.995825730122379,0.403100946824998,101,144,69
pc4,logloss,0.078171941426547,0.757107843137255,0.953456903594771,0.171808131709176,0.596108324256731,-0.810969006888843,0.994228691700846,41,160,113
pc4,mcc,0.0623996221067548,0.824037479575163,0.928098192401961,0.270222936537894,0.697301740186109,-0.0938605496236868,0.708600825560279,17,121,73
pendigits,auc,0.00664058234758872,0.993374027768354,0.999954451572219,0.027956177927091,0.992628230664663,-1.23769334125846,0.609029044723138,191,222,152
pendigits,bacc,0.00400248159483828,0.995994847660579,0.999943040542969,0.0253860628302377,0.995556122709609,-1.31361308987834,0.958892359025776,175,57,96
pendigits,ce,0.00409347340557532,0.99590216928704,0.999921569253675,0.02576179466198,0.995454438678688,-1.87263414434937,0.986923398100771,181,218,130
pendigits,logloss,0.00463942426999752,0.995330740715612,0.999936207206216,0.0196964081631339,0.994847951728422,-5.18307949248086,0.983023334806785,12,112,2884
pendigits,mcc,0.00400248159483828,0.995979945762684,0.999924565532994,0.0259322138963862,0.995555732572092,-2.09708631136456,0.972262426232919,170,87,128
phoneme,auc,0.0871537618949819,0.891715413815826,0.968326216905136,0.260934781491815,0.788899433814873,-3.96646747650478,0.96237234249711,6,197,463
phoneme,bacc,0.0793821455466557,0.902927515513469,0.965234018599915,0.255663793863353,0.808399892230884,-2.71820868893447,0.963963294564746,6,159,146
phoneme,ce,0.078454850414185,0.901744636440075,0.961562123893978,0.252322674858212,0.809873912814203,-2.03972716701139,0.934131344081834,11,252,102
phoneme,logloss,0.0886352433764633,0.889357048622223,0.965583207031272,0.215195505466727,0.785064214371651,-5.39516323190294,0.880529543943703,7,199,1047
phoneme,mcc,0.0782727459437256,0.902231008051119,0.964095695697278,0.26318815235529,0.810423862444903,-2.12608238739643,0.969104714994319,3,107,103
qsar-biodeg,auc,0.116576819407008,0.860453761214631,0.947716717604916,0.286605697578696,0.736221831315551,-2.38362354440715,0.905332700791769,2,203,145
qsar-biodeg,bacc,0.0938364779874214,0.892795031055901,0.934617174405994,0.300508000177598,0.790310594018936,-1.19380456058445,0.787304428499192,10,17,105
qsar-biodeg,ce,0.0928212039532794,0.886654589371981,0.933084146702159,0.32152771130054,0.790172874711226,-1.5353401741316,0.627652256004512,26,47,70
qsar-biodeg,logloss,0.112767295597484,0.866773636991028,0.94512777284827,0.275172227999461,0.745629160975703,-3.05075043955798,0.517418735823594,1,30,298
qsar-biodeg,mcc,0.0937735849056604,0.890681504485852,0.930035015938743,0.331740530189033,0.790897031544896,-1.02787523897843,0.422889498923905,37,13,77
riccardo,auc,0.00415,0.993566666666667,0.9998952,0.0184053295966904,0.988920156253459,-3.96201798133762,0.932725074677728,1,231,428
riccardo,bacc,0.00135,0.9991,0.9997692,0.0799499118008825,0.996418894256379,-3.89548110735432,0.472649217792787,139,163,204
riccardo,ce,0.0013,0.999066666666667,0.999780666666667,0.0817321488828983,0.99654975688238,-3.74798612268534,0.113762166770175,118,147,230
riccardo,logloss,0.00215,0.9983,0.999848933333333,0.00846642113741276,0.994295586412048,-3.68725664198093,0.108597410912625,1,234,814
riccardo,mcc,0.0014,0.999,0.999727866666667,0.0886170439687477,0.996285031768339,-4.88645603807608,0.597312775207683,79,85,599
robert,auc,0.4429,0.557821831054055,0.934510196362445,1.26395393156694,0.508052481528333,-5.11865686930099,0.12196070344653,65,19,2797
robert,bacc,0.4356,0.565072389283816,0.926748354843456,1.37220138385478,0.516238651139977,-3.157776897863,0.652829385711812,82,146,474
robert,ce,0.4357,0.564929071916792,0.929179376572611,1.29974145028518,0.516101684628801,-3.03488023265515,0.236342766135931,142,158,390
robert,logloss,0.438,0.562710326574472,0.935157996639927,1.23802438049629,0.513488269596245,-4.96608451395801,0.13056589087937,83,10,4817
robert,mcc,0.4337,0.566929788185366,0.930487750795753,1.28920272534745,0.518277953638097,-3.1446296233754,0.342339506465942,129,23,616
satimage,auc,0.0737169517884914,0.906436660211359,0.993981958899103,0.207561012272491,0.909148594114161,-4.02657164056669,0.55998890909832,13,146,537
satimage,bacc,0.0659409020217729,0.917346188121857,0.99343707174168,0.255592637141962,0.918721631837446,-2.32285178856186,0.760863073938526,16,230,191
satimage,ce,0.0664074650077761,0.915435442866061,0.993620325808972,0.236596267784239,0.918212098702398,-2.1619879471936,0.647177841188386,45,224,107
satimage,logloss,0.0779160186625195,0.901772910366835,0.993615039182747,0.196898685792228,0.90394912811515,-3.0920005904146,0.984732103534043,3,204,599
satimage,mcc,0.0667185069984448,0.914695761333486,0.993260275628961,0.259259423205266,0.917816631906449,-1.95114096914898,0.826769294822589,19,227,87
segment,auc,0.0614718614718615,0.938528138528139,0.997057151602606,1.57236679940934,0.928652332443068,-6.37476179113475,0.284003790351562,6,67,63
segment,bacc,0.0489177489177489,0.951082251082251,0.995491713673532,0.202626182495375,0.943186347082206,-0.904630823946141,0.452770193107426,88,70,45
segment,ce,0.0484848484848485,0.951515151515152,0.99509816782544,0.200408227088029,0.943599384529633,-0.843156692810837,0.540567066939548,153,97,79
segment,logloss,0.0558441558441558,0.944155844155844,0.996768551314006,0.148784204207072,0.935152274777028,-3.01904031878174,0.869295233860612,1,210,280
segment,mcc,0.0476190476190476,0.952380952380952,0.995662250207705,0.192274584515006,0.944654717446907,-1.59323300333723,0.79709695589263,34,170,35
semeion,auc,0.045813679245283,0.954183823529412,0.999362098311547,0.188880179388934,0.949424525406789,-2.6924562798399,0.101075799041428,28,66,102
semeion,bacc,0.0382783018867925,0.961651960784314,0.998874387254902,0.165534860825402,0.957855328279089,-1.95499332413143,0.216908830148168,20,21,84
semeion,ce,0.0401572327044025,0.959813725490196,0.998934742647059,0.175105941568819,0.955691034701979,-2.42010931181596,0.183022021478973,17,206,82
semeion,logloss,0.0458058176100629,0.95414705882353,0.999087111928105,0.146001646802999,0.949478737857008,-5.92171748641361,0.182145053334534,3,245,3952
semeion,mcc,0.0401650943396226,0.959698529411765,0.99883809912854,0.200522042523031,0.95569336619072,-2.48424372259446,0.106360319093801,24,177,100
shuttle,auc,0.000379310344827586,0.929494658774147,1,0.00319279108620515,0.998933133740705,-0.984385932250248,0.83779261878226,163,240,71
shuttle,bacc,6.89655172413793e-05,0.997462940232273,0.99998580002032,0.002232450534829,0.999806063135356,-1.34162653787916,0.894940075441264,139,11,82
shuttle,ce,5.17241379310345e-05,0.982854009337887,0.999998931110042,0.0019359517106647,0.999854546970898,-3.03938684469801,0.906239672168158,150,240,89
shuttle,logloss,8.62068965517241e-05,0.954282580766459,0.999999569909122,0.000304703105793594,0.999757568273872,-4.32852521421363,0.542814058833756,172,190,822
shuttle,mcc,6.89655172413793e-05,0.982810188128422,0.999999508467568,0.00361866893692264,0.99980610946645,-3.6953715728002,0.974493380193599,181,135,130
sick,auc,0.00981011325838912,0.948203758290346,0.998861356751003,0.0275355531233792,0.914077166809342,-2.97651193557534,0.952524518850259,22,143,124
sick,bacc,0.0106079744010778,0.974023581429624,0.994563793141227,0.0465019159986072,0.914670410926927,-0.88035609869443,0.980639121308923,10,12,13
sick,ce,0.00556888832750902,0.970609186931958,0.998260562515352,0.029438458317716,0.951324181965021,-2.24807158859963,0.957839301344939,15,220,44
sick,logloss,0.00769090424262838,0.961348563006632,0.9989447719643,0.0205311908322651,0.932511984989181,-3.01160837957366,0.562361804093234,2,10,281
sick,mcc,0.0060986905814492,0.966351940555146,0.998222250476576,0.0306996653897596,0.946966964629385,-2.21271917614226,0.985048413299955,18,211,37
spambase,auc,0.0380321607092332,0.95907508747732,0.991191129775219,0.11317496894956,0.920446430587806,-3.15477289245481,0.383956225053407,3,30,305
spambase,bacc,0.0356422710553617,0.962682519412074,0.988156369094121,0.138913481951566,0.925545755767652,-1.53728400231841,0.951564541994594,39,29,80
spambase,ce,0.035206545317363,0.962462432888779,0.989289206040891,0.155271243208779,0.926420565431145,-1.06010811273981,0.584173829550855,7,41,49
spambase,logloss,0.0404206356691502,0.956714345523744,0.991017118678867,0.110058147054539,0.915449411560041,-3.48876483561499,0.404280158644542,8,25,456
spambase,mcc,0.0354239366217108,0.962478345431121,0.98923313318691,0.127813827002195,0.925868007925153,-1.76637204503816,0.99752109341789,24,199,47
splice,auc,0.0379310344827586,0.954926591762356,0.99682358756262,0.270943308921885,0.938466155606319,-3.28223700023162,0.335921344486997,28,43,178
splice,bacc,0.0253918495297806,0.975082741538036,0.996154288379992,0.122901247481796,0.95904669184001,-1.0150108195213,0.603202843968757,125,182,48
splice,ce,0.0253918495297806,0.973925906405298,0.995951052852493,0.135525566796596,0.958970473959308,-0.503943960340076,0.342386998119764,155,238,66
splice,logloss,0.0297805642633229,0.968091701506413,0.996408479283204,0.105517393177812,0.951827414405127,-2.12354858255838,0.25477157488931,64,145,234
splice,mcc,0.0253918495297806,0.975322968794751,0.99604421818024,0.130726243413834,0.95905374514457,-0.550612430037511,0.951822045585141,34,80,52
steel-plates-fault,auc,0.201456515992598,0.816645166017665,0.980584394532731,0.493096283895823,0.740924845656352,-2.89913238942958,0.959297889121808,5,23,218
steel-plates-fault,bacc,0.179807031456516,0.843744992963354,0.978660214650925,0.527382529201765,0.769978958991591,-1.52936963596149,0.906430249614641,7,163,109
steel-plates-fault,ce,0.168480042294475,0.819291588244223,0.977814991501885,0.567837467318973,0.78324908591393,-4.06354855713647,0.834037712868303,1,148,145
steel-plates-fault,logloss,0.189595559080095,0.81589199764907,0.978929528478215,0.475901595364005,0.755461801314791,-4.99489077565274,0.675159328128211,7,15,864
steel-plates-fault,mcc,0.170539254559873,0.838248075136491,0.976514910037553,0.558376058211696,0.781043424080233,-1.23350359896756,0.799115120782517,44,235,51
sylvine,auc,0.048204876340156,0.95179201118677,0.990948771317181,0.131452311489741,0.905041208420828,-3.03158152520535,0.657321846927516,1,128,140
sylvine,bacc,0.0415680586013645,0.958431876215953,0.990020734141309,0.130165867843147,0.918216879858529,-2.45200286665602,0.605437087826431,9,153,100
sylvine,ce,0.0419583028752437,0.958038971303502,0.989582705961591,0.138133424280945,0.917472857407271,-2.51515205193903,0.66993796445895,10,191,75
sylvine,logloss,0.0439106664230019,0.956085846303502,0.990878812441102,0.120763463928591,0.913666860194495,-2.6705330125983,0.590994397900067,10,218,108
sylvine,mcc,0.0415676778752437,0.958433396157588,0.985803810446179,0.168766319165703,0.918390004770646,-0.848967231997119,0.995322179491632,67,85,43
tic-tac-toe,auc,0.0198245614035088,0.973465749936338,1,0.127909290816935,0.956864253010002,-2.07465365475237,0.849297209350562,64,200,157
tic-tac-toe,bacc,0,1,1,0.0532132593224493,1,-0.192621699198193,0.97754915303085,61,192,36
tic-tac-toe,ce,0,1,1,0.0868921584452085,1,-0.573730125615549,0.988445006054826,41,233,29
tic-tac-toe,logloss,0,1,1,0.00386992337823745,1,-1.40689957252147,0.88066941590514,50,137,655
tic-tac-toe,mcc,0,1,1,0.0759073955914312,1,-0.714246902274606,0.867411059769802,43,125,159
vehicle,auc,0.191484593837535,0.810254329004329,0.954919893117945,0.444631800978535,0.747155118543649,-0.53401165691184,0.652861421136186,24,130,148
vehicle,bacc,0.164299719887955,0.837424242424243,0.948211880711881,0.48251363138753,0.783043132810969,-0.152844756182255,0.961713780136779,26,75,92
vehicle,ce,0.169019607843137,0.832997835497836,0.947806237109894,0.482040563008034,0.776887621409521,-0.713159857781843,0.406714830989949,16,34,114
vehicle,logloss,0.202100840336134,0.799918831168831,0.950475159760874,0.400828178937227,0.733122340773762,-0.938433886667465,0.966154842893593,20,52,167
vehicle,mcc,0.167843137254902,0.834561688311688,0.948423190502821,0.469273009374216,0.77963799581896,-0.646999624182441,0.764312708843499,16,78,105
volkert,auc,0.261104441776711,0.666709151340549,0.968783892422478,0.733423659698539,0.691482677093394,-5.34987773429275,0.899255559267476,37,242,4845
volkert,bacc,0.256285371291374,0.675830579901913,0.964190718875258,0.803282552976746,0.69712504911357,-1.97253504844867,0.974522732151672,57,226,425
volkert,ce,0.253181272509004,0.672865726620087,0.966261282382666,0.751026002426344,0.700737889254546,-3.25422194067702,0.877924040867947,48,204,743
volkert,logloss,0.25594237695078,0.672402873802767,0.968688792492632,0.722045503644117,0.697524067787416,-5.05482960105163,0.86235317401588,72,191,4906
volkert,mcc,0.253164122791974,0.676120281019814,0.96465771991797,0.801953992905302,0.700819681866059,-2.4012656321766,0.99391055572778,38,202,610
wall-robot-navigation,auc,0.00678226971804954,0.987867755073021,0.9999960369971,0.0703139535354643,0.989800383479707,-2.83730079089703,0.966195266926661,67,164,65
wall-robot-navigation,bacc,0.00201498807003394,0.997446346223436,0.999980368503515,0.0223187569914381,0.996968654414079,-1.16042056135493,0.636869548889808,145,32,27
wall-robot-navigation,ce,0.00219813825318413,0.99539496623088,0.999910876074963,0.0142299936746845,0.996693137292462,-1.27738692898711,0.855325544369407,46,31,26
wall-robot-navigation,logloss,0.00256477467486642,0.995624009027763,0.999989755919593,0.00753016120077466,0.996140449595899,-0.899543085931142,0.567393313255161,161,38,63
wall-robot-navigation,mcc,0.00183183788688376,0.996266178352092,0.999980757718374,0.0164421755058429,0.997242977364115,-2.20354036731793,0.998565287655219,35,110,60
wdbc,auc,0.0281015037593985,0.968210678210678,0.998292448292448,0.104119063185088,0.940506650702503,-0.993003609949375,0.633474381058477,15,11,49
wdbc,bacc,0.012280701754386,0.987261904761905,0.993799903799904,0.0943169909230388,0.974298085744648,-0.387137545049938,0.478318455466069,37,38,40
wdbc,ce,0.0087719298245614,0.988203463203463,0.992805435305435,0.103783953634801,0.981440719870568,-0.981823100144079,0.823791872872971,67,119,36
wdbc,logloss,0.0087719298245614,0.989087301587302,0.998941798941799,0.0399831952949291,0.98141023545965,-0.772553381309337,0.717342125251889,38,61,132
wdbc,mcc,0.0105263157894737,0.987806637806638,0.994642857142857,0.0673935644604568,0.977847188545303,-0.155668980060196,0.422831822000444,90,236,20
wilt,auc,0.0138446862755163,0.907716639902053,0.995927217060271,0.0374863350620837,0.859804611471791,-0.784531113260568,0.995525838574395,144,28,53
wilt,bacc,0.0099182109063532,0.955066838304299,0.989888779233327,0.0492352505234427,0.903690304234757,-0.541441500456669,0.905274302815087,177,145,56
wilt,ce,0.00888472528788734,0.941030689591648,0.99195449175777,0.0417036839675994,0.910129222376609,-1.48908981739873,0.788271858543158,150,67,124
wilt,logloss,0.0111578803278408,0.932573473105517,0.994758980723788,0.0327535716396302,0.887401394025172,-1.0943755088175,0.940879516256973,169,106,202
wilt,mcc,0.00909176462536146,0.948176906870876,0.991379064466554,0.0416303290813603,0.910040852314755,-0.926638670419565,0.919716216158122,91,26,61
