task,measure,ce,bacc,auc,logloss,mcc,k,distance,kernel
APSFailure,auc,0.00932894736842105,0.767802786607304,0.982230720619,0.0386480327985846,0.694494583435359,4.60069494360351,1.05209211166948,biweight
APSFailure,bacc,0.00828947368421053,0.845810781961778,0.845810781961778,0.286308278010445,0.750223371117875,0.132704449071365,1.00247780885547,cos
APSFailure,ce,0.00714473684210526,0.835327202165887,0.968381537809185,0.0529166244544714,0.778122186180748,3.34044746076874,1.04956344235688,triweight
APSFailure,logloss,0.00803947368421053,0.806650772224533,0.980783916976189,0.0388918549756372,0.744381279284353,4.46423329577317,1.11733256280422,triweight
APSFailure,mcc,0.00723684210526316,0.83098907450005,0.974346239858624,0.0463177482066485,0.774521552129366,3.62401769058204,1.06347076687962,triweight
Amazon_employee_access,auc,0.053221000848404,0.60958096527771,0.842381368868063,0.307832386429969,0.350508783706077,4.24499738164856,1.73959788773209,triweight
Amazon_employee_access,bacc,0.0594769554183652,0.646338236909552,0.757618183513803,1.03716636026217,0.357881588820971,1.71305483129843,1.11375102493912,biweight
Amazon_employee_access,ce,0.0515731801511478,0.613177709192117,0.823602449578857,0.459361622004152,0.370553308540468,2.86203421516041,2.55729665468136,gaussian
Amazon_employee_access,logloss,0.0554182627801792,0.541372598589044,0.838688578043685,0.191956831951862,0.225722247667225,4.61344614374101,2.4018538640812,gaussian
Amazon_employee_access,mcc,0.0537702650992245,0.639972626855314,0.838733057654365,0.431862431694427,0.383962713726413,3.48447438565613,2.1629119021818,triweight
Australian,auc,0.130434782608696,0.861212398241261,0.928867412534645,0.349352044774939,0.739354947606673,3.95546816063209,1.14958518370986,gaussian
Australian,bacc,0.127536231884058,0.864545731574594,0.923751396688578,0.481704590073513,0.744784114704015,3.7183988689227,1.43300178059687,cos
Australian,ce,0.12463768115942,0.868122415219189,0.925032287086616,0.346991470221112,0.749794705080138,4.60426383326619,1.06247365381569,triweight
Australian,logloss,0.126086956521739,0.866509511993383,0.92537358698649,0.346173134389507,0.746895368531832,4.61003161840924,1.00813724473119,triweight
Australian,mcc,0.126086956521739,0.865861521048278,0.925543946715424,0.351672886635195,0.74858256319356,4.46556053287544,1.45298093091697,biweight
Bioresponse,auc,0.227670921985816,0.768615599843674,0.848153211572337,0.813250332119189,0.540513858426295,2.33046143876686,1.03330658562481,inv
Bioresponse,bacc,0.218341843971631,0.777901680727441,0.845553602073647,0.513100351340115,0.55919022273864,3.51056409054633,1.02955204062164,biweight
Bioresponse,ce,0.219142553191489,0.77720957148599,0.843292062817849,0.591194469062825,0.55760721434248,2.89958178190381,1.08894101064652,biweight
Bioresponse,logloss,0.232470921985816,0.762878663965762,0.84296384274246,0.493350198729711,0.530578346035553,3.7321356538219,1.78579699248075,cos
Bioresponse,mcc,0.218341843971631,0.777901680727441,0.845587948268499,0.513182846588681,0.55919022273864,3.5012408657763,1.03817658405751,biweight
GesturePhaseSegmentationProcessed,auc,0.311355311355311,0.641747413435813,0.926141760042604,0.950846719134853,0.59266133504035,4.06513129303005,1.0007285727188,triweight
GesturePhaseSegmentationProcessed,bacc,0.308012256500498,0.661533265999571,0.914338941425845,3.35982499874846,0.597690282589052,1.86865142167309,1.00486143957824,biweight
GesturePhaseSegmentationProcessed,ce,0.30386040797575,0.659217974530711,0.923442452150184,1.28018109092535,0.602417114798347,3.27243444479985,1.01439157035202,triweight
GesturePhaseSegmentationProcessed,logloss,0.325128799904836,0.62277028103835,0.924983147137729,0.918743115460913,0.574747828441244,4.55554995085439,1.00195936579257,triweight
GesturePhaseSegmentationProcessed,mcc,0.303961725098343,0.659625377486945,0.923347648623306,1.31894580568562,0.602327309623605,3.25136403921543,1.01011469494551,triweight
Internet-Advertisements,auc,0.0997249571119564,0.646521225203001,0.972820262445609,0.276493258855518,0.505067452914932,4.4572511369177,2.02624834887683,inv
Internet-Advertisements,bacc,0.035378906541359,0.907304450611574,0.936328331106314,0.672197654821998,0.849003728693373,1.12827340712947,1.4090492175892,epanechnikov
Internet-Advertisements,ce,0.032937085104796,0.897855380820228,0.950997019220886,0.470389505079792,0.857928912152341,1.83644619927134,2.90465702116489,optimal
Internet-Advertisements,logloss,0.0448282613560081,0.845385445575085,0.967287919279131,0.189732749535184,0.802493878305412,4.60618777399799,2.15057552419603,cos
Internet-Advertisements,mcc,0.032937085104796,0.897855380820228,0.950958474663377,0.470829798488629,0.857928912152341,1.80607519768594,2.98287068400532,optimal
KDDCup09_appetency,auc,0.0178,0.5,0.67785514746762,0.127452466898076,0,4.59034258425235,1.05356979370117,gaussian
KDDCup09_appetency,bacc,0.03216,0.513651307887133,0.513651307887133,1.11076704886033,0.0288353133818922,0.429003248104047,1.30237048212439,optimal
KDDCup09_appetency,ce,0.01778,0.500561797752809,0.529565479009515,0.53216214419479,0.0105062660773072,1.97123179126947,3.82221546396613,inv
KDDCup09_appetency,logloss,0.0178,0.5,0.683212531373048,0.117239075755077,0,4.60645222617813,1.14613256976008,inv
KDDCup09_appetency,mcc,0.03102,0.512025171650891,0.512025171650892,1.07139284377013,0.027638195042918,0.21125802925718,1.98335221875459,optimal
MiceProtein,auc,0.00833333333333333,0.992124542124542,1,0.090762257402381,0.990548951226704,1.85314350243114,2.67310880752901,biweight
MiceProtein,bacc,0.00185185185185185,0.998214285714286,0.999489795918367,0.0639606970276134,0.997899598746343,0.338864789960964,1.06930219835291,optimal
MiceProtein,ce,0.00185185185185185,0.998273809523809,0.999506802721088,0.0639606970276134,0.997899906608322,0.124868147938486,1.66566478461027,optimal
MiceProtein,logloss,0.00277777777777778,0.997380952380952,1,0.00916431402261207,0.996849447098067,1.52307326707267,1.65862217452377,biweight
MiceProtein,mcc,0.000925925925925926,0.999107142857143,0.999744897959184,0.0319803485138072,0.998950058256598,0.156119163536532,1.13108591269702,triweight
PhishingWebsites,auc,0.0312974888105193,0.9671435201752,0.996010262208504,0.0921271754082957,0.936678526532028,4.07808110174393,2.98032900784165,triweight
PhishingWebsites,bacc,0.0280409612725324,0.970712859708927,0.993617394881546,0.2085995328284,0.943244676937218,1.83553518366245,3.05332536436617,biweight
PhishingWebsites,ce,0.0276797885658645,0.970974897678795,0.995127623621161,0.135364508362654,0.943986209007316,2.50925108074285,1.89409578870982,triweight
PhishingWebsites,logloss,0.029941004639441,0.968652996471261,0.995774125425903,0.0852887384402102,0.939386249189627,3.54224605852691,3.17032758239657,triweight
PhishingWebsites,mcc,0.0275895363013755,0.97099345055449,0.994936608764001,0.132732876569548,0.944179557438183,2.60090439289353,1.98928172513843,triweight
adult,auc,0.150710468540561,0.76384552279436,0.902855523822972,0.340219449815472,0.564444207684493,4.60852767403505,1.00205031782389,biweight
adult,bacc,0.152430244518269,0.766908721312423,0.898164989149988,0.364574748570327,0.563063024459539,4.21806918410306,1.15677983686328,triweight
adult,ce,0.150382918509838,0.764705985734094,0.902144867996751,0.356834078200412,0.565672599297741,4.05204082791091,1.01832770649344,cos
adult,logloss,0.150935639277502,0.761058838907193,0.902490031597293,0.340110219451256,0.562189073866542,4.60572222460341,1.0033919820562,cos
adult,mcc,0.15048522654971,0.765870400127571,0.901988968112487,0.350080163879832,0.56622441074716,4.26825027231585,1.00526917818934,biweight
analcatdata_authorship,auc,0.00236694677871148,0.998385416666667,1,0.0115521408719329,0.99658854971477,2.69499593250379,1.69271563726167,triweight
analcatdata_authorship,bacc,0,1,1,0.00845249037887907,1,1.12882062647619,1.02894566940765,gaussian
analcatdata_authorship,ce,0,1,1,0.00842010422776109,1,1.7885400260505,1.0108812507242,epanechnikov
analcatdata_authorship,logloss,0.00593837535014006,0.995301925205566,1,0.00658198583220887,0.991515643398231,0.765728166259883,1.02096374239773,rectangular
analcatdata_authorship,mcc,0,1,1,0.00896485387572855,1,1.59239334286238,1.05226335485776,rectangular
analcatdata_dmft,auc,0.796645569620253,0.201952075702076,0.606469850662158,1.76699205421535,0.0397278415815328,4.17953169305503,3.88853701669723,rank
analcatdata_dmft,bacc,0.761455696202532,0.23953373015873,0.594331061566639,1.84181177054956,0.0836088243971119,3.79985468706169,2.89782688207924,rank
analcatdata_dmft,ce,0.756455696202532,0.233724053724054,0.585820323017438,1.76319047845737,0.0874489628013508,4.52513321463449,1.24163854401559,rectangular
analcatdata_dmft,logloss,0.804272151898734,0.190267857142857,0.587718860555399,1.7575841805409,0.0292032471828865,4.60566307002037,4.55595775693655,rectangular
analcatdata_dmft,mcc,0.751392405063291,0.246227869352869,0.589992871622679,1.76064387356943,0.0950221254465542,4.34850900046991,2.95863014832139,rectangular
balance-scale,auc,0.0992063492063492,0.651559934318555,0.977155597078308,0.47023831076234,0.825481476422635,4.50114437480539,3.99315817095339,inv
balance-scale,bacc,0.0864055299539171,0.660837438423645,0.957015740898024,0.485680765009549,0.849324410979245,4.43050009795155,1.00314455665648,inv
balance-scale,ce,0.0879928315412186,0.659688013136289,0.956835116924296,0.4876362112031,0.846515828410297,4.42856362591701,1.00152808520943,inv
balance-scale,logloss,0.0992319508448541,0.651600985221675,0.965369741237756,0.377343293761477,0.8260017644821,3.40196623170858,2.43632114958018,rank
balance-scale,mcc,0.0928059395801331,0.6561986863711,0.966840496008153,0.463219540942158,0.837672157681373,4.52815700155361,1.02422697238624,epanechnikov
bank-marketing,auc,0.10159029839715,0.615498189062795,0.907932336274479,0.249819005609871,0.369143263623962,4.61242847989018,1.39920798689127,gaussian
bank-marketing,bacc,0.120369060556853,0.678836683631326,0.678836683631326,4.15740006743861,0.381681372137161,0.288505685870986,1.46191627997905,optimal
bank-marketing,ce,0.0995775133997999,0.639929789593171,0.896616748581295,0.351706517633127,0.402013770011402,3.43924489956131,2.19932187069207,gaussian
bank-marketing,logloss,0.10121428517623,0.619565337459524,0.907231051037406,0.246242327397566,0.375068127784709,4.6140268087644,1.80537049751729,gaussian
bank-marketing,mcc,0.101701015683751,0.660374956998749,0.871793132939548,0.570311453878335,0.41360512726459,2.64315805348318,2.29023931547999,epanechnikov
banknote-authentication,auc,0.00218449169575796,0.998034859876965,1,0.0229984760965401,0.995640601834623,3.9918556670929,1.10554519860695,gaussian
banknote-authentication,bacc,0.00072463768115942,0.999350649350649,0.999276133702363,0.0344375030458678,0.998544072511051,3.08674939983998,3.95690959780167,gaussian
banknote-authentication,ce,0.00072463768115942,0.999350649350649,0.999872258888652,0.0166665476895205,0.998544072511051,3.57316662479625,2.73358394759397,gaussian
banknote-authentication,logloss,0.00072463768115942,0.999350649350649,0.999914839259102,0.00677748163413438,0.998544072511051,3.10842413123511,1.06666139792651,inv
banknote-authentication,mcc,0.00072463768115942,0.999350649350649,0.999829678518203,0.0146375251618832,0.998544072511051,3.32742299113622,4.30671312401692,gaussian
blood-transfusion-service-center,auc,0.225891891891892,0.577949776401789,0.763542024997133,0.473466404706164,0.240387401003916,4.60626507328847,2.35896097961813,cos
blood-transfusion-service-center,bacc,0.203225225225225,0.648469212246302,0.748343079922027,0.56155540296253,0.364846504446016,3.13265298172383,3.70738832838833,rectangular
blood-transfusion-service-center,ce,0.197873873873874,0.651977984176127,0.748933608531132,0.559114720154579,0.377730413113705,3.1304135384207,2.87424493674189,rectangular
blood-transfusion-service-center,logloss,0.215243243243243,0.60983832129343,0.764849214539617,0.468391543209112,0.308937693583832,3.68421511398146,2.02146690990776,rectangular
blood-transfusion-service-center,mcc,0.199225225225225,0.65110079119367,0.74880174291939,0.559277602350355,0.375036106449184,3.12186966676651,2.88267038483173,rectangular
breast-w,auc,0.0414699792960663,0.952606280193237,0.994377133655395,0.106841645929385,0.909908981217014,4.05706726324667,3.06240031868219,inv
breast-w,bacc,0.027184265010352,0.972276570048309,0.991752415458937,0.133701401074647,0.9410020839324,3.73386225263249,2.3974148050199,triweight
breast-w,ce,0.027184265010352,0.972276570048309,0.991659822866345,0.135157790455078,0.9410020839324,3.7400321142341,2.55016328301281,triweight
breast-w,logloss,0.037184265010352,0.960765700483092,0.993221175523349,0.0947640103500228,0.919669968453394,3.06619885680774,3.96332194376737,inv
breast-w,mcc,0.027184265010352,0.971280193236715,0.989354388083736,0.225329164044299,0.940562253976604,2.88606683314185,1.03136393986642,biweight
car,auc,0.0613388896357037,0.726864104794727,0.995438765115798,0.300476052060066,0.863942502671512,4.31571727183729,3.42952696420252,cos
car,bacc,0.0509208226912219,0.782457554407315,0.995488940883678,0.29777384634729,0.887782166644549,3.11452886464836,3.38620525971055,triweight
car,ce,0.0503528700094099,0.767707372372444,0.995213498622589,0.295519815057761,0.889676845354123,2.77393246272531,2.78673817962408,epanechnikov
car,logloss,0.096054577228122,0.733182467452802,0.966946551840605,0.235289401897538,0.796390371062143,2.16348418293138,3.3819453632459,rank
car,mcc,0.0520869740556526,0.762853892518964,0.995249699795154,0.294737410685386,0.885666146233775,4.44175953364254,3.10888541862369,triweight
christine,auc,0.273165383224997,0.726826568265683,0.806593597178284,0.547337631626609,0.460946231912761,4.50888040080185,1.00185767468065,biweight
christine,bacc,0.271873188232807,0.728117397840645,0.806380995175265,0.547821869921554,0.463439575688946,4.55916587212313,1.02052997983992,biweight
christine,ce,0.272242191922843,0.727748394150608,0.806390556894499,0.547835930767169,0.462706209010214,4.57108710071928,1.01871785055846,biweight
christine,logloss,0.276303619782963,0.723689353560202,0.806205031300006,0.546789763615993,0.454340941779028,4.30731370843691,1.00143971759826,biweight
christine,mcc,0.271873188232807,0.728117397840645,0.806397349951359,0.547812015013959,0.463439575688946,4.56423742423203,1.01941143069416,biweight
churn,auc,0.1278,0.552871229109356,0.876560518911158,0.299826137541802,0.283796739253881,4.25660708884956,3.72822186909616,cos
churn,bacc,0.134,0.67211478007744,0.826741602103541,0.952882901488062,0.390340803400501,2.0922597342687,4.46288505848497,triweight
churn,ce,0.1074,0.635066553710511,0.808095986773353,1.04016477522334,0.458026763923128,2.17062479367356,1.07234100345522,inv
churn,logloss,0.127,0.563379023531333,0.876094494652634,0.285335900568377,0.293728185717848,4.60872322661545,3.72279570251703,biweight
churn,mcc,0.1074,0.635066553710511,0.807227969159348,1.0468950706445,0.458026763923128,2.09297790514172,1.07585733290762,inv
climate-model-simulation-crashes,auc,0.0851851851851852,0.5,0.944959183673469,0.226803361844108,0,4.59987364576098,1.5904444064945,inv
climate-model-simulation-crashes,bacc,0.1,0.643295918367347,0.722051020408163,1.46274051229651,0.326572000866171,1.1751708126284,4.88798505160958,biweight
climate-model-simulation-crashes,ce,0.0703703703703704,0.5965,0.828234693877551,0.600481888434478,0.322128115670559,2.05882834828542,1.8870499972254,gaussian
climate-model-simulation-crashes,logloss,0.0851851851851852,0.5,0.928091836734694,0.202643444109445,0,3.65260219066371,1.18430485483259,gaussian
climate-model-simulation-crashes,mcc,0.0777777777777778,0.637438775510204,0.804663265306122,0.75243162811506,0.409618708242031,1.71046037453373,4.37848796602339,optimal
cmc,auc,0.47792333149476,0.504554425474729,0.730841138930769,0.961958392127538,0.263115992169487,4.59953156440613,1.02481841109693,optimal
cmc,bacc,0.475261996690568,0.515163596330579,0.70937532508997,0.984403249802953,0.274711270103569,4.51631095077354,1.91845769621432,rectangular
cmc,ce,0.469792241220813,0.512387823014009,0.718093670879975,1.02488911468156,0.273227593845601,3.21134134702025,1.02816020976752,rank
cmc,logloss,0.47998712998713,0.500992329407889,0.728773491043276,0.961176873625864,0.257595424704309,4.26720417179928,1.01318692043424,optimal
cmc,mcc,0.466363302077588,0.515039030124419,0.712021294623985,0.973105565166571,0.280505593789387,3.67979105048154,1.09101917780936,rectangular
cnae-9,auc,0.10462962962963,0.89537037037037,0.99747299382716,0.715492949948014,0.885249680175839,4.06711450976807,1.52070337720215,cos
cnae-9,bacc,0.0824074074074074,0.917592592592593,0.997183641975309,0.495752329542146,0.908822965695306,4.4830495454325,1.00633990671486,triweight
cnae-9,ce,0.0824074074074074,0.917592592592593,0.997222222222222,0.494473439383022,0.908822965695306,4.47331709658322,1.00043366942555,triweight
cnae-9,logloss,0.0925925925925926,0.907407407407407,0.996566358024691,0.394448473260233,0.897232719241938,3.77752112895435,1.17968176025897,triweight
cnae-9,mcc,0.0824074074074074,0.917592592592593,0.997183641975309,0.48612755792649,0.908831728074703,4.43530201859038,1.00679202098399,triweight
connect-4,auc,0.204967635753443,0.544448673790537,0.893068318169851,0.586882337590158,0.550804065554976,3.53474194544547,1.00185042247176,gaussian
connect-4,bacc,0.229687451656318,0.578900164475604,0.837839694958897,1.31733746716007,0.510188789103283,2.13451750497952,1.20641567930579,biweight
connect-4,ce,0.199905243095591,0.561261145431472,0.888133688338255,0.642651162924707,0.56309544455002,3.1460836133649,1.00221585668623,cos
connect-4,logloss,0.204360702047778,0.545122645136463,0.892355318705336,0.558682277639373,0.552436535822191,4.34848860459807,1.00061466637999,triweight
connect-4,mcc,0.199890441437805,0.561237005631901,0.888155142982931,0.642641049627126,0.563130941365505,3.1478012797414,1.00105065386742,cos
credit-approval,auc,0.144927536231884,0.846169735753777,0.924055403189529,0.364809810122679,0.709648000426085,4.05443445179837,1.10544248111546,inv
credit-approval,bacc,0.131884057971015,0.861616385877846,0.919035305385051,0.359136312659695,0.734389668690969,4.0739297944807,1.42270103562623,cos
credit-approval,ce,0.133333333333333,0.859598842018197,0.921505231233584,0.358438646230728,0.731648173475265,4.24639994195953,1.35480948351324,cos
credit-approval,logloss,0.140579710144928,0.853317008401898,0.922353547226213,0.350509430015055,0.716923948165506,4.61151431694929,1.00048727169633,triweight
credit-approval,mcc,0.133333333333333,0.859949719211179,0.919203923787965,0.358619955941427,0.731675274449704,3.99612319577408,1.3705826010555,cos
credit-g,auc,0.267,0.572142857142857,0.779357142857143,0.548027356073622,0.261297311187797,3.6716494345051,2.23870018776506,gaussian
credit-g,bacc,0.247,0.651190476190476,0.733357142857143,0.913102813038764,0.360252044943479,2.45733022176077,2.31460760626942,optimal
credit-g,ce,0.235,0.653095238095238,0.754261904761905,0.994223805527134,0.382377616624649,2.25675798315069,2.26394475903362,gaussian
credit-g,logloss,0.264,0.580952380952381,0.772857142857143,0.517871950461648,0.278664085124518,3.53331715394581,2.812700022012,gaussian
credit-g,mcc,0.235,0.653095238095238,0.754166666666667,1.02612010908804,0.382377616624649,2.28505045401967,2.25633572693914,gaussian
cylinder-bands,auc,0.151851851851852,0.835524313081729,0.919892937970164,0.386780672034361,0.692416259739745,3.89562396050813,1.78333528712392,triweight
cylinder-bands,bacc,0.157407407407407,0.833541055718475,0.891949529038633,0.529576364019613,0.67986261152181,2.0143629772337,1.66040091216564,optimal
cylinder-bands,ce,0.157407407407407,0.832980045900803,0.903472642802499,0.567977450707003,0.679912746763506,1.95414138094914,1.61939158290625,cos
cylinder-bands,logloss,0.174074074074074,0.813564045964554,0.914574102703047,0.366866358331071,0.645274181884364,3.2820064334444,1.11651630233973,triweight
cylinder-bands,mcc,0.151851851851852,0.837818755578223,0.916803797972715,0.377813442980056,0.691187762346245,3.65146204412768,1.77990308683366,triweight
diabetes,auc,0.243506493506494,0.676980056980057,0.838188034188034,0.491440624966064,0.433799338666701,3.95007321774285,1.03161267098039,rectangular
diabetes,bacc,0.242122351332878,0.711347578347578,0.802561253561254,0.752971704343278,0.449438512662672,3.1322581328605,3.79607344605029,epanechnikov
diabetes,ce,0.238311688311688,0.686233618233618,0.832549857549858,0.494260397011005,0.446857750516301,4.2457975260675,1.42448075301945,rank
diabetes,logloss,0.238345864661654,0.68694301994302,0.834584045584046,0.489344252788967,0.446623661636889,3.88353716118796,1.03025374095887,inv
diabetes,mcc,0.229220779220779,0.694866096866097,0.832638176638177,0.492512575381542,0.472201769285698,3.77218361493454,1.00426900293678,rectangular
dilbert,auc,0.0212,0.97881347549376,0.999516606669902,0.0850105951997022,0.973553072447681,3.2194152120818,1.29362681787461,triweight
dilbert,bacc,0.0201,0.979931236881743,0.999470710681166,0.0737480430347193,0.974918229156095,2.61520146386472,1.19823307916522,triweight
dilbert,ce,0.0201,0.979931236881743,0.999469979021435,0.0737534513194247,0.974918229156095,2.61893758011984,1.19771890901029,triweight
dilbert,logloss,0.0209,0.979108002495544,0.999455715954067,0.0721926453211625,0.973918221490023,2.4436048197517,1.27690586820245,triweight
dilbert,mcc,0.0201,0.97992602732742,0.999487738733432,0.0737534916429304,0.974921599683474,2.73162107346916,1.20199456717819,triweight
dna,auc,0.113925198635674,0.901472717024397,0.991673523356667,0.560783102773783,0.829149461104557,4.6103957214172,1.00444396771491,gaussian
dna,bacc,0.11361270479683,0.903068148648364,0.991447265301987,0.557401785684084,0.829948294291789,4.54110774908722,1.00394375994802,gaussian
dna,ce,0.113925198635674,0.901472717024397,0.991654637356776,0.560874421622587,0.829149461104557,4.61469778577559,1.00670169107616,gaussian
dna,logloss,0.159747441887975,0.868029378850558,0.980145822272024,0.457910262615864,0.764599260618067,4.28144263190541,1.0004209280014,triweight
dna,mcc,0.113924212850693,0.901933260496989,0.991587340208674,0.560024072268652,0.829249792505298,4.58976740798684,1.00479203555733,gaussian
dresses-sales,auc,0.38,0.557471264367816,0.639490968801314,0.658433868267048,0.181305565261742,4.36014702721163,2.5120987650007,rectangular
dresses-sales,bacc,0.382,0.591215106732348,0.58743842364532,0.684582488968327,0.194360593747311,2.62988574156023,4.26057770010084,rectangular
dresses-sales,ce,0.374,0.569211822660099,0.594663382594417,0.66493999827722,0.203456557667242,4.34064094233812,3.20405038259923,rank
dresses-sales,logloss,0.382,0.555090311986864,0.636288998357964,0.657349641771675,0.182480286103764,4.3528341406066,3.14060837216675,rectangular
dresses-sales,mcc,0.376,0.562233169129721,0.629064039408867,0.658221190580952,0.197861620171479,4.27833290026458,2.641950330697,rectangular
electricity,auc,0.142522809914168,0.851572238721041,0.932975119481928,0.366176422199187,0.707260151004105,3.15333219725866,1.00005332753062,triweight
electricity,bacc,0.142015341796622,0.852571836004946,0.93262836669337,0.408896499881302,0.708445140829621,2.84594069483835,1.00028251577169,triweight
electricity,ce,0.141971172211127,0.852514846161053,0.932730248595985,0.399498641549071,0.708502293991219,2.8981174376068,1.00057262647897,triweight
electricity,logloss,0.146760085421154,0.846125367791069,0.929890634349385,0.339357889878115,0.698304570751111,3.88194013143439,1.00101612508297,triweight
electricity,mcc,0.142081547476315,0.852507497566714,0.932594983733184,0.409173421249422,0.708310070949974,2.85293813152458,1.00199688691646,triweight
eucalyptus,auc,0.391355053683821,0.542367632367632,0.906639209275573,1.07028591320682,0.508363810012952,4.58799319601402,1.30735815037042,inv
eucalyptus,bacc,0.381858570899667,0.590467754467754,0.887762553944372,3.02688101494518,0.512369351967645,1.63865434104016,1.11675360612571,cos
eucalyptus,ce,0.376471677156609,0.577122211122211,0.892511286693105,0.989656801099344,0.518416281898418,3.33658274876194,1.41630302369595,triweight
eucalyptus,logloss,0.391466123657904,0.559702297702298,0.89542538101629,0.899757098262864,0.498598834334936,3.67416652643229,1.55462568439543,triweight
eucalyptus,mcc,0.369714920399852,0.584966588966589,0.897804451440815,1.33041062110642,0.527422474895305,2.66030774948063,1.07945576030761,gaussian
fabert,auc,0.358630955891894,0.589090226453488,0.939927182720989,1.19047979886899,0.580656638718487,4.6134856041278,1.00147393159568,optimal
fabert,bacc,0.323179169271786,0.647787087285531,0.936929831843611,1.32319128327058,0.612911121544321,3.03772384713023,1.17454062495381,cos
fabert,ce,0.323057662588918,0.647805358770696,0.936918264243398,1.32623845015993,0.613051664201643,3.02705937431157,1.17571062408388,cos
fabert,logloss,0.330462344725076,0.641829217618737,0.935442626324012,0.918386017909407,0.604221516899623,4.6064586551598,1.06930918805301,triweight
fabert,mcc,0.323057662588918,0.647805358770696,0.936909750510444,1.32638772271056,0.613052577169204,3.02653518181569,1.17718109488487,cos
first-order-theorem-proving,auc,0.388363659702834,0.496232487508846,0.853902474408092,3.07137956654484,0.472286013092099,2.71925749375445,1.00825791060925,inv
first-order-theorem-proving,bacc,0.385583742498636,0.509546889985752,0.842278532125656,5.58613307955692,0.480924173259858,1.81984692317824,1.05899467412382,inv
first-order-theorem-proving,ce,0.385585881925056,0.49745389613411,0.853229329181213,2.71163961239491,0.475087277327448,2.94033696538632,1.05149500165135,inv
first-order-theorem-proving,logloss,0.442138410192228,0.404961096964059,0.838196847439738,1.25003167520829,0.380694841628389,4.61330508545724,1.06943522859365,gaussian
first-order-theorem-proving,mcc,0.385911074740862,0.509007904449994,0.842264287174226,5.59128451613148,0.480462052762059,1.93838482798113,1.05578234605491,inv
har,auc,0.0105838451885609,0.989847832924685,0.999772756811279,0.0604342113004533,0.987300474068176,4.02997249350449,1.00302902515978,triweight
har,bacc,0.0104866634587261,0.989935092959589,0.99976893068456,0.0620129624077618,0.987417797891761,4.08143770176811,1.00727161299437,triweight
har,ce,0.0105837508373668,0.989841460000788,0.999771582487188,0.0629205526805758,0.987302538814024,4.11258930186292,1.00332041364163,triweight
har,logloss,0.0123316067064829,0.988286878677184,0.999673002066033,0.0401341362419931,0.985177184890878,2.57973730436486,1.00145752634853,triweight
har,mcc,0.0104866634587261,0.989928720035692,0.99977141928348,0.0638644107786996,0.987421009608503,4.15002444981875,1.00235764309764,triweight
higgs,auc,0.321019887812341,0.67134274267067,0.749399546170166,0.603991353496789,0.357138528840055,4.60553073056617,1.00055191852152,gaussian
higgs,bacc,0.321550229474758,0.671782697357478,0.745103825961928,0.600791943135141,0.354539408910997,4.38824041778052,1.00229180417955,cos
higgs,ce,0.321142274349822,0.671205924792913,0.749314173125451,0.604045484118994,0.356907809340485,4.60752684395105,1.00327021628618,gaussian
higgs,logloss,0.323110657827639,0.670417724362818,0.74317925020786,0.600688295278883,0.351065168832529,4.2261529392444,1.00489023979753,cos
higgs,mcc,0.321091279959205,0.671276375913087,0.749163533671199,0.603976944375294,0.356983510231325,4.58752426611194,1.00571646913886,gaussian
ilpd,auc,0.272647574517826,0.531422294527567,0.75168387476942,0.517723791868077,0.1471352924119,4.36929435491401,1.26071229204535,inv
ilpd,bacc,0.310140268848627,0.64303456138553,0.675078461262554,4.77961676109429,0.275659566676269,0.83719508305855,1.10772860702127,rectangular
ilpd,ce,0.258912916423144,0.555503176880508,0.720367262758762,0.514342638999151,0.247439554814356,4.07002110041656,4.16376926284283,inv
ilpd,logloss,0.267416715371128,0.546049395367903,0.744668263646922,0.511704059724042,0.191314725584776,4.15519700775227,1.6170668983832,inv
ilpd,mcc,0.310286382232613,0.632433644189383,0.671071172371388,3.35424948815346,0.260252961645017,1.33050244520102,3.20854621796558,epanechnikov
jannis,auc,0.337764149502916,0.48949788620846,0.816559086273127,0.828825069005833,0.46521041043792,4.60090314031351,1.00098532252014,cos
jannis,bacc,0.337764133814517,0.49012155937222,0.815463446039409,0.850479885730614,0.465349464181923,4.3297031910556,1.00147886015475,cos
jannis,ce,0.337465555049438,0.489828767889753,0.816219356288906,0.829485498548779,0.465634940975438,4.59589244593591,1.00429108645767,optimal
jannis,logloss,0.337991075069248,0.48927002752582,0.816475074812919,0.828376394647238,0.464814006427233,4.60525754988559,1.00571798160672,epanechnikov
jannis,mcc,0.337477538134149,0.489858563283949,0.816404197129618,0.830838100762642,0.465684843067288,4.54495546292235,1.0011237366125,cos
jasmine,auc,0.208464456465624,0.791525727069351,0.858819572691921,0.447158237353236,0.615828374801392,4.3149629931469,1.01156634651124,gaussian
jasmine,bacc,0.205444322237436,0.794543624161074,0.852164407008693,0.464439877676244,0.611631588190627,3.79580955631669,1.18902751617134,biweight
jasmine,ce,0.205779892707234,0.794208053691275,0.852806450159903,0.463207147702911,0.611277666332056,3.83025789587889,1.16827454604208,biweight
jasmine,logloss,0.216838005880901,0.783152125279642,0.84853493085897,0.438532319832495,0.587111094566205,4.61239890958318,2.05128323379904,optimal
jasmine,mcc,0.206455522883886,0.793532438478747,0.856481194540787,0.447073790623311,0.615142915083717,4.4633251019102,1.1615103892982,biweight
jm1,auc,0.181627437476368,0.571770584660974,0.764028654560165,0.502571794961201,0.250869171332217,4.14030110555943,1.07374550402164,inv
jm1,bacc,0.225724744098741,0.627079287601831,0.627079287601831,7.79625646322487,0.260148165624403,0.0253670821918303,1.61293172556907,triweight
jm1,ce,0.178042372251931,0.596011110200161,0.75084000756112,0.687863722815702,0.292129929017461,3.21420495923314,1.85873574577272,inv
jm1,logloss,0.18263762288662,0.559583956124044,0.749184620824554,0.430271923804726,0.230786184323654,4.60370324390129,1.47211957257241,gaussian
jm1,mcc,0.180155498838654,0.610949658841741,0.741340737133936,1.02103765821646,0.304327408033887,2.4869321116852,1.74438248667866,inv
jungle_chess_2pcs_raw_endgame_complete,auc,0.107454549781859,0.835458449361392,0.982135506766271,0.346464084119221,0.810768564295463,3.57719029575873,1.00171863194555,rectangular
jungle_chess_2pcs_raw_endgame_complete,bacc,0.106517393434981,0.837022065561831,0.982113464105147,0.345443079379082,0.812478766120463,3.54288338949527,1.00001014303416,rectangular
jungle_chess_2pcs_raw_endgame_complete,ce,0.105290222856762,0.837719209198546,0.981954797175514,0.34272673209587,0.814654690511406,3.51604280468938,1.00471997074783,rectangular
jungle_chess_2pcs_raw_endgame_complete,logloss,0.105513377370724,0.835116771635741,0.981046576889512,0.341240131844445,0.814237764377316,3.45416786837951,1.00231785979122,rectangular
jungle_chess_2pcs_raw_endgame_complete,mcc,0.105111716174624,0.835608872453877,0.980997061374392,0.341795128465726,0.814924831290533,3.47345464578411,1.00412320252508,rectangular
kc1,auc,0.1455743624464,0.583020644902354,0.831652879700907,0.435740571125767,0.272015353013237,4.22055241185549,1.09946513082832,inv
kc1,bacc,0.156486120514557,0.662938500289126,0.715831186290119,2.83915409774511,0.355921389909694,1.2023767920411,1.2616516975686,biweight
kc1,ce,0.137036786278492,0.595622816697196,0.822319905159181,0.489079442635838,0.32863873972697,3.5907809696079,1.81409258861095,inv
kc1,logloss,0.1455743624464,0.559088513580346,0.813974692352246,0.343265293470192,0.242301687008574,4.60242011135408,2.07643987610936,gaussian
kc1,mcc,0.142265854208982,0.656298861282463,0.757380566560242,1.64214497081628,0.377386626250062,1.84700258718611,1.05773374438286,cos
kc2,auc,0.158962264150943,0.634133671206842,0.850017685566466,0.380338154125849,0.428535630519554,4.60945789384928,1.59451751969755,rectangular
kc2,bacc,0.147568940493469,0.735177911519375,0.819937176644494,1.3430261407721,0.527672568915082,2.41018399006392,2.81489028595388,optimal
kc2,ce,0.145573294629898,0.718858621053743,0.826473445253933,0.963346985713326,0.518486947167921,3.49731390880516,1.02939329110086,inv
kc2,logloss,0.162772133526851,0.659356456551579,0.842131506704677,0.379083584768415,0.427284462559325,4.15090396954231,1.35933597292751,rectangular
kc2,mcc,0.139949201741655,0.736130292471756,0.825994615140957,1.20744285664842,0.545694630781563,2.80034620097166,2.32950666733086,rank
kr-vs-kp,auc,0.0403702978056426,0.959088590291783,0.992241390991749,0.184210657823693,0.919440977929267,2.88531563946006,1.00270948279649,cos
kr-vs-kp,bacc,0.0344190830721003,0.965152020613429,0.991818419373718,0.173049963435346,0.931324629361708,3.21745212795295,1.01063593756408,triweight
kr-vs-kp,ce,0.0356730015673981,0.963891023515777,0.991678299157836,0.174150849599563,0.928840481813072,2.72428980468302,1.02611921541393,biweight
kr-vs-kp,logloss,0.037237460815047,0.962339917873976,0.991379572534591,0.161014892157314,0.925727473164012,2.83546153314524,1.00038603506982,triweight
kr-vs-kp,mcc,0.0344200626959248,0.965122474442613,0.991814482055819,0.172991564537943,0.931345295395776,3.17953177723886,1.01610349304974,triweight
madelon,auc,0.375384615384615,0.624615384615385,0.703319526627219,0.648847220567688,0.260750995527427,4.613950716184,1.00197500735521,cos
madelon,bacc,0.363846153846154,0.636153846153846,0.695301775147929,0.656225898954074,0.284098215413494,4.53733603327285,1.01328207924962,gaussian
madelon,ce,0.364615384615385,0.635384615384615,0.694923076923077,0.656331939540877,0.281720489390941,4.52378742127539,1.01846564933658,gaussian
madelon,logloss,0.378461538461538,0.621538461538462,0.690917159763314,0.64703512062145,0.253059073368244,4.11697695345024,1.00253897253424,cos
madelon,mcc,0.366923076923077,0.633076923076923,0.691023668639053,0.649123511269872,0.276333030184457,4.02926757172793,1.00460882112384,rank
mfeat-factors,auc,0.0355,0.9645,0.999633333333333,0.141939640628557,0.960777829468669,3.94265791981294,1.74469710607082,triweight
mfeat-factors,bacc,0.0295,0.9705,0.999322222222222,0.354242789297241,0.967404386108141,2.11372016187612,1.70742534101009,optimal
mfeat-factors,ce,0.0295,0.9705,0.999505555555556,0.208388650932756,0.967438823585774,2.93981702162746,2.70029383338988,biweight
mfeat-factors,logloss,0.0335,0.9665,0.999611111111111,0.136516371532828,0.962990243031131,4.18654576471792,1.74522477667779,triweight
mfeat-factors,mcc,0.03,0.97,0.998783333333333,0.574154608321259,0.966827395872964,1.14475828646203,1.48006067704409,gaussian
mfeat-fourier,auc,0.186,0.814,0.984772222222222,0.79402426258723,0.794781828645025,2.87931652380347,1.00543627422303,rank
mfeat-fourier,bacc,0.1745,0.8255,0.983833333333333,0.571102758839365,0.807152596999958,4.14090802915298,1.1689370777458,triweight
mfeat-fourier,ce,0.1745,0.8255,0.983861111111111,0.557734663236334,0.807288337658721,4.21444290640353,1.01680733636022,triweight
mfeat-fourier,logloss,0.179,0.821,0.983994444444444,0.542810893128406,0.802417199411148,4.5508620250976,1.00175711233169,triweight
mfeat-fourier,mcc,0.1775,0.8225,0.982655555555556,1.11956473563799,0.803563834385653,2.21613093121793,1.43721070792526,epanechnikov
mfeat-karhunen,auc,0.0335,0.9665,0.999661111111111,0.164812999246953,0.963049818222859,3.85698503059526,1.06416995823383,triweight
mfeat-karhunen,bacc,0.0305,0.9695,0.999611111111111,0.191684043867987,0.966364513046584,3.83789665438054,1.50681843515486,triweight
mfeat-karhunen,ce,0.0305,0.9695,0.999566666666667,0.260535026108795,0.966338341533224,2.32930135411367,1.05072111077607,optimal
mfeat-karhunen,logloss,0.0335,0.9665,0.999655555555556,0.15120770930207,0.963049832988891,3.78823514243343,1.00108930561692,triweight
mfeat-karhunen,mcc,0.03,0.97,0.999561111111111,0.375754817072992,0.966875331635654,2.14683661801869,1.5052179377526,cos
mfeat-morphological,auc,0.2805,0.7195,0.970822222222222,1.13209179850576,0.689459823998634,3.1492181712121,1.28609794937074,rank
mfeat-morphological,bacc,0.2615,0.7385,0.966938888888889,1.54493956694138,0.710504304933814,2.47947623799444,2.23514663986862,rectangular
mfeat-morphological,ce,0.264,0.736,0.966794444444444,1.62295575181148,0.707574346214071,2.33992754854117,1.99611441511661,rectangular
mfeat-morphological,logloss,0.307,0.693,0.968444444444444,0.79127453113193,0.660605760654995,4.567386003771,1.53630789089948,gaussian
mfeat-morphological,mcc,0.2645,0.7355,0.964916666666667,1.81621247859622,0.707292320093121,2.18711769230918,4.22483724728227,rectangular
mfeat-pixel,auc,0.0235,0.9765,0.999825,0.165114543628404,0.974009987134352,3.44372288570181,1.80790352262557,optimal
mfeat-pixel,bacc,0.02,0.98,0.999816666666667,0.116228324153344,0.977864551031824,4.25525250685867,1.78023229216536,triweight
mfeat-pixel,ce,0.02,0.98,0.999816666666667,0.116664411342987,0.977864551031824,4.26840182242263,1.79208154045045,triweight
mfeat-pixel,logloss,0.021,0.979,0.999805555555556,0.109936986102534,0.976756033285101,3.90973420739936,2.06023079436272,triweight
mfeat-pixel,mcc,0.02,0.98,0.999713888888889,0.224289908259768,0.97786450357684,1.98617776494622,3.05429690796882,optimal
mfeat-zernike,auc,0.199,0.801,0.982827777777778,0.553044222073081,0.780023745271581,4.00538477302483,2.74010749999434,rank
mfeat-zernike,bacc,0.1755,0.8245,0.980327777777778,0.892103405374324,0.805478448859815,2.39382357272196,4.60923441406339,rectangular
mfeat-zernike,ce,0.1725,0.8275,0.979038888888889,1.02586761251084,0.80889706703592,2.18331299989131,4.32498092297465,rectangular
mfeat-zernike,logloss,0.2065,0.7935,0.979111111111111,0.457192292841085,0.771054442956694,4.52361887729509,4.97258262708783,triweight
mfeat-zernike,mcc,0.174,0.826,0.980205555555555,0.907089846929413,0.807129680830097,2.36547568130159,4.00451190304011,rectangular
nomao,auc,0.0387056481356605,0.95132645313983,0.991662943434893,0.129860862872167,0.904979484187367,3.65575025334823,1.00028481706977,triweight
nomao,bacc,0.0371969131770862,0.952839333277613,0.990248611031929,0.178324370564681,0.90862552470789,2.90996669986183,1.01879394240677,triweight
nomao,ce,0.0373709607435773,0.952290940796352,0.980966630063319,0.45964943436803,0.908156636576572,1.49796844929452,1.00864580832422,inv
nomao,logloss,0.0409977907728355,0.948594324973295,0.991535418646214,0.113913202061676,0.899374050140897,4.40250744994462,1.00016970559955,triweight
nomao,mcc,0.0372259323297269,0.952819024585493,0.990246011781668,0.178365312338224,0.908557228642454,2.92308697383618,1.0199324125424,triweight
numerai28.6,auc,0.485994601328904,0.51339990605258,0.520317557939569,0.695574021426318,0.0269902604038049,4.61142858358273,1.54185223951936,rectangular
numerai28.6,bacc,0.484738372093023,0.514776763612607,0.518674908162017,0.69993652173939,0.0296856589382261,4.21112993168891,3.47452601417899,rank
numerai28.6,ce,0.483669019933555,0.51577397653647,0.519933287783117,0.697238930119682,0.0317328917365711,4.32286218289447,1.12273559439927,inv
numerai28.6,logloss,0.487157392026578,0.512201448844243,0.519247158904214,0.695589011296819,0.0245974918377486,4.60659110744085,3.39025263767689,rectangular
numerai28.6,mcc,0.484375,0.515010437493296,0.519526420891294,0.695697633686164,0.0302404406037411,4.60984026083878,1.78256309963763,rectangular
optdigits,auc,0.0185053380782918,0.98146983446076,0.999813392922054,0.0818352882311591,0.979504491551614,3.8910866231435,1.04370590113103,biweight
optdigits,bacc,0.0142348754448399,0.985746713963592,0.999741051182593,0.0796617096796765,0.984222659469576,3.38176220420542,1.32549227960408,triweight
optdigits,ce,0.0144128113879004,0.985574522120348,0.999639915678214,0.108919441853554,0.984027382544875,2.80254323534617,1.14729291200638,biweight
optdigits,logloss,0.0158362989323843,0.984142481988671,0.999793722933249,0.0689041684828058,0.982451511200597,3.75508749127714,1.24690766725689,triweight
optdigits,mcc,0.0144128113879004,0.985574522120348,0.999637055217177,0.10885148505734,0.984027382544875,2.79612409217028,1.15594741236418,biweight
ozone-level-8hr,auc,0.0627478136379198,0.503125,0.915297242314647,0.164902686951088,0.0242475702706812,4.55260003469341,1.03362453635782,optimal
ozone-level-8hr,bacc,0.0726090068780928,0.661065644612275,0.746526688206928,1.12230083243486,0.344585426804003,1.09918832007917,2.00300589203835,triweight
ozone-level-8hr,ce,0.0528803958793688,0.622054391376804,0.835222704588164,0.575551616048053,0.40669415268163,2.04538602993121,1.35657003987581,gaussian
ozone-level-8hr,logloss,0.0568314089197348,0.555829831932773,0.911002818849058,0.16319137049327,0.283098767973039,4.61275318161113,1.15691517665982,triweight
ozone-level-8hr,mcc,0.0516946251283807,0.648913568591994,0.828416746445414,0.614263852038555,0.437026849213944,1.84479786661638,1.00246177334338,rank
pc1,auc,0.0694266994266994,0.5,0.860819641523525,0.271002581305134,0,4.02308914088724,1.34992501698434,gaussian
pc1,bacc,0.0748566748566749,0.685171503254028,0.702097114050998,1.66986101776313,0.390201362487474,0.763297971427681,1.01115783490241,inv
pc1,ce,0.0622194922194922,0.58638242825136,0.820837111917209,0.492281752800424,0.322565451120293,2.89138820754863,4.49801818653941,epanechnikov
pc1,logloss,0.0694266994266994,0.5,0.856553398058252,0.222299279639063,0,4.44029753614412,3.66442640218884,gaussian
pc1,mcc,0.0820556920556921,0.687950096020484,0.696547930225115,1.86422630108425,0.387222963916551,0.69727297109907,1.67758729122579,triweight
pc3,auc,0.0959741956557243,0.547859675785208,0.856483345997974,0.43843885075954,0.226092234063258,3.16601542512573,1.03596494533122,inv
pc3,bacc,0.124105830475257,0.634629559270517,0.693640134245188,2.49770885815605,0.284016675654853,0.834680793535545,1.06200140435249,rank
pc3,ce,0.0953290870488323,0.539910714285714,0.84242227077001,0.281765777507673,0.223822237273473,4.12174410085222,1.91857304144651,inv
pc3,logloss,0.102368120202515,0.5,0.845651912360689,0.255358766613813,0,4.32834225418341,1.12078677956015,gaussian
pc3,mcc,0.122186836518047,0.632930597771023,0.632930597771023,4.22018382489832,0.288416432450769,0.453871502351645,1.3442802336067,rectangular
pc4,auc,0.0946528105810109,0.679748774509804,0.904585375816993,0.254642107167279,0.479022494634333,3.20373551032048,1.36121340095997,triweight
pc4,bacc,0.11108644307983,0.740091401143791,0.740091401143791,3.83678981804022,0.488438009528082,0.214032517925141,1.78979119285941,rectangular
pc4,ce,0.0919083608880491,0.645013786764706,0.891002859477124,0.265443805315071,0.46855148828092,4.17490543738289,3.36659714672714,triweight
pc4,logloss,0.0994473311289561,0.609520526960784,0.900354881535948,0.240457316162911,0.399363350818486,4.41794661881916,1.58765931241214,triweight
pc4,mcc,0.0939631554085971,0.696849468954248,0.8966796875,0.336954293306376,0.498441518077022,2.51597766957806,1.37341772019863,biweight
pendigits,auc,0.007550583174787,0.992478363669633,0.999905769933358,0.0447144224376469,0.991620449190619,4.10694248430158,1.51382161024958,triweight
pendigits,bacc,0.00463950698982546,0.995365012202368,0.999816295838785,0.0487441915541616,0.994847602787027,2.64043713608073,1.58013164345175,triweight
pendigits,ce,0.0045482670196046,0.995443551454518,0.999837727355379,0.0479542698345481,0.994949082958142,2.89015815305239,1.01917267218232,triweight
pendigits,logloss,0.00500339151294565,0.994993239867511,0.999871830097736,0.0394257852955136,0.994444467058935,3.30561862499376,1.22165501490235,triweight
pendigits,mcc,0.00463942426999752,0.995365012202368,0.999603104737184,0.0808026220073492,0.994848325136798,1.72426305649154,1.95573503337801,cos
phoneme,auc,0.0936314780584651,0.876635601149681,0.955427571400474,0.371801648328775,0.770636729495326,2.56473396736572,1.01597724854946,triweight
phoneme,bacc,0.0914130211542411,0.881533491012472,0.881533491012472,3.15729389722958,0.776736753287651,0.450646442322798,1.23983312677592,optimal
phoneme,ce,0.0914130211542411,0.881533491012472,0.916462716484513,1.93229676391377,0.776736753287651,1.06281382408064,1.24040498305112,biweight
phoneme,logloss,0.116019716574245,0.851202430691222,0.94730027866507,0.290097180721903,0.716093811112193,3.88953382474089,1.27008127607405,triweight
phoneme,mcc,0.0914130211542411,0.881533491012472,0.916504004466121,1.89633627289016,0.776736753287651,0.916907101700012,1.23969126027077,cos
qsar-biodeg,auc,0.120341419586703,0.871475155279503,0.92837170133754,0.337027911341529,0.735289078330652,4.14444515859312,1.00378274545074,triweight
qsar-biodeg,bacc,0.117520215633423,0.874927536231884,0.926179483387558,0.339068571824858,0.741324243618099,4.28066517642983,1.25543886050582,triweight
qsar-biodeg,ce,0.116558849955076,0.874332298136646,0.926956143810181,0.338270268275404,0.742702375082383,4.06163573759978,1.11238232348114,triweight
qsar-biodeg,logloss,0.119398023360288,0.872189440993789,0.928209011140688,0.336759973806311,0.737163344112618,4.12931989229765,1.01164895668626,triweight
qsar-biodeg,mcc,0.116567834681042,0.874332298136646,0.927686894081304,0.337472556772113,0.743021277652376,4.09879546230696,1.05004898551852,triweight
satimage,auc,0.0811819595645412,0.901713201847018,0.993252872537868,0.249339023369481,0.899872830727499,3.77347587141345,1.16400077287108,triweight
satimage,bacc,0.0782270606531882,0.90819621274395,0.992040132925612,0.382821620691965,0.903602860561491,2.66327599087201,1.00224873330444,triweight
satimage,ce,0.0768273716951789,0.907115644283877,0.993102835968207,0.271641650165752,0.905257505071143,3.49851619177684,1.00778490584344,triweight
satimage,logloss,0.0866251944012442,0.893108467720602,0.992932130823283,0.237043642305805,0.893156540782795,4.26988041299059,1.1082864170894,triweight
satimage,mcc,0.0769828926905132,0.90701055806577,0.993103899435946,0.272698251295704,0.905067075027415,3.49231775512287,1.01901346351951,triweight
segment,auc,0.0822510822510823,0.917748917748918,0.99581092308365,0.260393939600232,0.905369764375228,2.76939507808085,1.00580953992903,inv
segment,bacc,0.0735930735930736,0.926406926406927,0.993528357164721,0.722013218135851,0.914770000995619,1.8010747297196,1.06327247526497,inv
segment,ce,0.0727272727272727,0.927272727272727,0.991337618610346,0.95435217205952,0.915640585217289,1.47590820403637,1.10951805580407,inv
segment,logloss,0.0913419913419913,0.908658008658009,0.994332939787485,0.244417592831916,0.894561795665055,3.5499303378293,1.313132757321,triweight
segment,mcc,0.074025974025974,0.925974025974026,0.993222265949539,0.758680730560329,0.914281675314894,1.73672228544159,1.00039973575622,inv
semeion,auc,0.0778537735849057,0.921647058823529,0.99879098583878,0.307418065535956,0.914516138006073,4.54221564970796,2.46789265889674,triweight
semeion,bacc,0.0715723270440252,0.928022058823529,0.998542755991285,0.413066335952813,0.921314346937213,2.59911450765867,1.25798073597252,epanechnikov
semeion,ce,0.0721973270440252,0.927313725490196,0.9985432666122,0.409247769793119,0.920658945179177,2.52744487469838,1.52380402783553,cos
semeion,logloss,0.0747051886792453,0.924688725490196,0.998549053649237,0.257602044337358,0.917893715934138,3.52641299498187,1.997967582196,triweight
semeion,mcc,0.069685534591195,0.929855392156863,0.998600626361656,0.334948984426708,0.923439644306209,3.16162504742668,1.18354367744178,biweight
shuttle,auc,0.00127586206896552,0.908947719780897,0.999976250015104,0.00375892963682536,0.99640907859488,4.42169134644972,1.90914376359433,triweight
shuttle,bacc,0.00110344827586207,0.963475058293606,0.999427413573308,0.00620007294443983,0.99689554502662,2.41967524518341,4.61072760820389,triweight
shuttle,ce,0.000758620689655172,0.959345095993177,0.998198944119133,0.00546930101956892,0.997865361422305,2.08535287390748,1.29964116774499,triweight
shuttle,logloss,0.000879310344827586,0.944419286729652,0.998762098689106,0.00331709211260999,0.99752587406727,2.64119779862205,1.00182959623635,biweight
shuttle,mcc,0.000758620689655172,0.960235769446404,0.999237455161308,0.0042439664222791,0.997865751013748,2.02591679430868,1.03304575849324,triweight
sick,auc,0.0482498982498982,0.622420781134856,0.976109185202099,0.100066985439,0.446386107881878,4.07016038893051,1.02124431543052,gaussian
sick,bacc,0.03790787756305,0.801837066367747,0.885977986254545,0.499671980603061,0.65081350289311,1.66343251110274,2.40527467057109,triweight
sick,ce,0.0315481453412488,0.77279157195692,0.949265845214577,0.208800249889412,0.688899218610505,2.33359005010151,1.03738109208643,cos
sick,logloss,0.0389716924199683,0.700359646209361,0.97335956086968,0.0973371376284958,0.585132315810989,3.7123067003952,1.18259250093251,optimal
sick,mcc,0.0318112921561197,0.780962964596718,0.923167699392128,0.329160891127976,0.687830645705324,1.92690915586078,1.2619379106909,epanechnikov
spambase,auc,0.0780217862868999,0.906490562317567,0.978610678880383,0.23272086430989,0.838267688603113,3.43307459977601,1.02225976623595,inv
spambase,bacc,0.0647675186268037,0.929287801542488,0.974654106378372,0.215191661915614,0.864140147777625,3.8798061006505,1.43280596192926,triweight
spambase,ce,0.0652008865415449,0.925459839648439,0.975922232830714,0.286172716784873,0.86343165682453,2.78861819212636,1.19497599825263,inv
spambase,logloss,0.0686786758464586,0.922681711074821,0.975973209301756,0.196357243939236,0.855979834625112,4.36665268279666,1.00371087063104,triweight
spambase,mcc,0.0643332075827596,0.928876042763236,0.974652919394524,0.200205999250293,0.86497282241295,4.47607612797198,1.30892530735582,triweight
splice,auc,0.104388714733542,0.924325335060909,0.996069636094095,0.484993005019607,0.846092145515415,4.57673064522728,4.76380887255073,gaussian
splice,bacc,0.0949843260188088,0.930835142804071,0.995385293886723,0.509786262161537,0.85871088523971,4.56886077434401,1.03240349609405,gaussian
splice,ce,0.0949843260188088,0.931072936082448,0.995391657470918,0.509885586891716,0.858794267266402,4.57220008714485,1.00972800515592,gaussian
splice,logloss,0.141379310344828,0.8966033649293,0.99160802721231,0.385924508186784,0.796690790354025,4.58210866301365,4.98803488072008,triweight
splice,mcc,0.0949843260188088,0.930835142804071,0.995450444369792,0.509416322233594,0.858784337337908,4.57189598760771,1.07321276143193,gaussian
steel-plates-fault,auc,0.250904044409199,0.777858965829663,0.974619465083139,0.746654847074796,0.680090133395943,4.24608216458388,1.00085107330233,triweight
steel-plates-fault,bacc,0.234932593180016,0.803905469213237,0.97171084846023,1.24160399691686,0.700591851047632,2.60610502752139,1.00641899276525,triweight
steel-plates-fault,ce,0.232360560401798,0.803724954298331,0.972038018514172,1.16543128259691,0.703580753628733,2.71354627354947,1.01174275949597,triweight
steel-plates-fault,logloss,0.249875759978853,0.7803080988692,0.97452683942729,0.743514930369311,0.681406652479814,4.06601456505246,1.00102206878364,triweight
steel-plates-fault,mcc,0.232360560401798,0.803724954298331,0.972028108571025,1.16529537337363,0.703580753628733,2.72802738983635,1.01026997901499,triweight
sylvine,auc,0.123536869517544,0.876464463764591,0.962781034833262,0.395516386083474,0.770141261652834,4.50345864487905,1.00305278226733,gaussian
sylvine,bacc,0.120804778874269,0.879195038910506,0.959763481644805,0.365691199529902,0.773446891875263,3.94005117244279,1.00164188630879,cos
sylvine,ce,0.120804778874269,0.879195038910506,0.959819838230712,0.36637907067785,0.773473215023644,3.95608000240199,1.00615317840129,cos
sylvine,logloss,0.131733522173489,0.868266658560311,0.948330094749362,0.347094142138764,0.750517376873277,4.12115699610174,1.00010898336768,triweight
sylvine,mcc,0.121584505969786,0.878416068822957,0.962189492548486,0.385925997308986,0.773426996949747,4.19964799499173,1.00533943809569,gaussian
tic-tac-toe,auc,0.0093969298245614,0.986452762923351,0.9999037999038,0.179171660373555,0.979402728909257,2.62351017168609,4.06104076287399,gaussian
tic-tac-toe,bacc,0.00834429824561403,0.987967914438503,0.9999037999038,0.169634897660758,0.981695356724557,2.91576915293667,4.72876879107207,biweight
tic-tac-toe,ce,0.00834429824561403,0.987967914438503,0.999710623904172,0.186099457271517,0.981695356724557,2.68128951986339,4.67237754782041,inv
tic-tac-toe,logloss,0.0302960526315789,0.963287934919813,0.995848062261724,0.140935159751206,0.933387152775873,2.52295606753834,1.00017470307648,biweight
tic-tac-toe,mcc,0.00834429824561403,0.987967914438503,0.9998075998076,0.192746166727944,0.981695356724557,3.00982900926156,1.66779810376465,rank
vehicle,auc,0.281428571428571,0.71998661426293,0.927779798933251,0.968948700649105,0.627667604982893,2.34110998688079,4.84904758445919,optimal
vehicle,bacc,0.267128851540616,0.734998291182502,0.924565502533719,0.804011304864075,0.648414386366099,2.52810587742872,3.1597210066393,epanechnikov
vehicle,ce,0.264775910364146,0.737330542264753,0.924045424051405,0.736861694382953,0.651328891711877,2.66408820668994,3.22069786954671,cos
vehicle,logloss,0.286106442577031,0.717006721348827,0.918722664262651,0.561736383481121,0.622292102586363,3.2263012703945,1.27609972469509,biweight
vehicle,mcc,0.267128851540616,0.734825131009342,0.924259353782594,0.678673824710779,0.648547118759888,3.06070520976173,3.55435572750866,biweight
volkert,auc,0.28394786486023,0.64970730447104,0.966344334418176,0.909018314519998,0.666169572966577,4.60879141594326,1.00526315998286,triweight
volkert,bacc,0.285268393071514,0.66980747353074,0.96179732944477,1.21102013545695,0.664213730445968,3.47450239034914,1.00505322776735,triweight
volkert,ce,0.281066712399245,0.664112730121706,0.964760444143578,0.990470731080621,0.669258003048932,4.04055814978011,1.02585291024297,triweight
volkert,logloss,0.284256559766764,0.648970292328609,0.966323956269917,0.907829025270356,0.665847877239044,4.61504263192567,1.06192870251834,triweight
volkert,mcc,0.281118161550334,0.663931683896294,0.964752529196709,0.990615632671068,0.669203757722581,4.03896856767354,1.03566527087241,triweight
wall-robot-navigation,auc,0.0738656450583056,0.9221991469897,0.994079003288224,0.233820589211323,0.888678912896422,3.29748496277337,1.00027837790549,triweight
wall-robot-navigation,bacc,0.0705655812077831,0.927270280575458,0.990215552093971,0.502383725993385,0.893689768572705,1.88693299238624,1.00885721947998,biweight
wall-robot-navigation,ce,0.0703814228584871,0.924645627358605,0.989770648260685,0.559391941018127,0.893932709550319,1.74816024115598,1.00078041944653,epanechnikov
wall-robot-navigation,logloss,0.0756978190005713,0.918819977114948,0.994039906759861,0.232214945230649,0.885871562684941,3.41754908612081,1.00184179469943,triweight
wall-robot-navigation,mcc,0.0703837752461606,0.927148623156195,0.990488712207081,0.489730576777828,0.893993442362298,1.94565330056315,1.00160302873701,optimal
wdbc,auc,0.0298245614035088,0.963001443001443,0.99460076960077,0.109941842741399,0.936808927838037,3.49349615103743,2.63882840797305,triweight
wdbc,bacc,0.0280701754385965,0.96527417027417,0.993138528138528,0.142388717912032,0.940273871032455,3.56777409267664,1.5114873390769,triweight
wdbc,ce,0.0280701754385965,0.96527417027417,0.991904761904762,0.159746943373155,0.940631612237184,2.49666650741739,3.11781657899419,rank
wdbc,logloss,0.0298245614035088,0.963001443001443,0.994071669071669,0.104817349146668,0.93667307704712,3.74274178978359,2.45153874810785,triweight
wdbc,mcc,0.0245614035087719,0.969044011544011,0.994203944203944,0.109927052097049,0.948032591058111,3.40642778488622,2.66945628635585,biweight
wilt,auc,0.039884588402375,0.63382724343423,0.964041931627906,0.0989440172112023,0.492850633377848,4.3621981334804,1.00059718918055,triweight
wilt,bacc,0.026865492873398,0.810285074378077,0.889823630068415,0.449846516407652,0.709184994169238,1.39495879178035,4.69717282708734,triweight
wilt,ce,0.0245923378334446,0.802488117494137,0.936140502095611,0.240941589423197,0.729896243188272,2.30907657613997,4.94072006922215,triweight
wilt,logloss,0.039884588402375,0.63382724343423,0.964050036012378,0.0989447436379915,0.492850633377848,4.36336847355748,1.00090159941465,triweight
wilt,mcc,0.0245923378334446,0.806115930728937,0.933512458061444,0.257716222634974,0.730629954474232,2.21967052780532,4.94813118409365,triweight
